812f9c49a40341316de88d84d99918,,STM32Cube_FW_L4_V1.14.0/Middlewares/Third_Party/FatFs/src/drivers/sram_diskio_template.c
ab225434d534281c5ca10e75da21d4,,STM32Cube_FW_L4_V1.14.0/Middlewares/Third_Party/FreeRTOS/Source/portable/IAR/ARM_CM0/portasm.s
d920e3126579f53de7124342245e99,,STM32Cube_FW_L4_V1.14.0/Middlewares/ST/STemWin/inc/GUIDRV_TemplateI_Private.h
d155490323828dc782a17e6e38c0c0,,STM32Cube_FW_L4_V1.14.0/Middlewares/ST/STemWin/inc/GUI_Debug.h
b21e09e6e403469361560c587f4e86,,STM32Cube_FW_L4_V1.14.0/Middlewares/ST/STM32_TouchSensing_Library/inc/tsl_acq.h
301312f407c65adf2b5b017bcb3053,,STM32Cube_FW_L4_V1.14.0/Drivers/STM32L4xx_HAL_Driver/Src/stm32l4xx_hal_timebase_tim_template.c
405583ee8b9820441960a5be64a3d3,,STM32Cube_FW_L4_V1.14.0/Drivers/STM32L4xx_HAL_Driver/Src/stm32l4xx_ll_dac.c
181aa404f07a5da4a3b753f5464a2d,,STM32Cube_FW_L4_V1.14.0/Drivers/BSP/B-L475E-IOT01/stm32l475e_iot01_gyro.c
1f1d7c17083fea0be9ea905634595e,,STM32Cube_FW_L4_V1.14.0/Drivers/CMSIS/docs/Core_A/html/search/functions_3.js
e49ec305ba1a616819fe11dc20ccae,,STM32Cube_FW_L4_V1.14.0/Drivers/CMSIS/docs/NN/html/search/variables_5.js
e49ec305ba1a616819fe11dc20ccae,,STM32Cube_FW_L4_V1.14.0/Drivers/CMSIS/docs/NN/html/search/all_a.js
6a7f87cae6e9518957361dc22ed27e,,STM32Cube_FW_L4_V1.14.0/Drivers/CMSIS/docs/DSP/html/search/all_2.js
b42340b5c10ea1d650546bbc528925,,STM32Cube_FW_L4_V1.14.0/Drivers/CMSIS/DSP/DSP_Lib_TestSuite/Common/src/complex_math_tests/cmplx_conj_tests.c
d442aa1238da11fb92a85eee80968e,,STM32Cube_FW_L4_V1.14.0/Drivers/CMSIS/DSP/Source/TransformFunctions/arm_cfft_radix4_init_q31.c
4545637d2f5ec26298cda1d66e8d75,,STM32Cube_FW_L4_V1.14.0/Drivers/CMSIS/Device/ST/STM32L4xx/Source/Templates/gcc/startup_stm32l4r7xx.s
d7edd66b4939894429e3eef98a9762,,STM32Cube_FW_L4_V1.14.0/Projects/32L496GDISCOVERY/Applications/STemWin/STemWin_SampleDemo/Demo/GUIDEMO_IconView.c
14052d6d1cba026005416984cdbfd0,,STM32Cube_FW_L4_V1.14.0/Projects/32L496GDISCOVERY/Applications/FatFs/FatFs_uSD_Standalone/Inc/main.h
23c4d579ffa65ce2fe461938646bce,,STM32Cube_FW_L4_V1.14.0/Projects/32L496GDISCOVERY/Demonstrations/Modules/STemWin_demo/STemWin_win .c
858c0f0380547f4f4cb8747fe2816b,,STM32Cube_FW_L4_V1.14.0/Projects/STM32L4R9I-EVAL/Applications/USB_Device/MSC_Standalone/Src/usbd_desc.c
ab436b480c3836535d818ada0bdda6,,STM32Cube_FW_L4_V1.14.0/Projects/STM32L4R9I-EVAL/Examples/RTC/RTC_Tamper/Inc/main.h
072072b7ddbf70c5e74a8e1c5f01da,,STM32Cube_FW_L4_V1.14.0/Projects/STM32L4R9I-EVAL/Examples/WWDG/WWDG_Example/Inc/stm32l4xx_it.h
dc9977e73bb98180175846dd33e59d,,STM32Cube_FW_L4_V1.14.0/Projects/STM32L4R9I-EVAL/Examples/OSPI/OSPI_RAM_ExecuteInPlace/Inc/main.h
5b9603282d0aa7d0b851a983cd7f49,,STM32Cube_FW_L4_V1.14.0/Projects/STM32L4R9I-EVAL/Examples/LTDC/LTDC_Display_1Layer/Inc/stm32l4xx_hal_conf.h
93a685464977ef890960d093ce5c8e,,STM32Cube_FW_L4_V1.14.0/Projects/STM32L4R9I-EVAL/Examples/CRC/CRC_Bytes_Stream_7bit_CRC/Src/main.c
858c0f0380547f4f4cb8747fe2816b,,STM32Cube_FW_L4_V1.14.0/Projects/STM32L4R9I-EVAL/Demonstrations/STemWin/MB1315/Modules/usbdevice/usbd_desc.c
e8c2cc3136c37cb10ff8a51a9d3473,,STM32Cube_FW_L4_V1.14.0/Projects/STM32L4R9I-EVAL/Demonstrations/STemWin/MB1315/Modules/audio_player/Addons/BIQ/Lib/BIQ_CM4_GCC.a
c822b4dba76fd9f7e05ba31f486c70,,STM32Cube_FW_L4_V1.14.0/Projects/STM32L4R9I-EVAL/Demonstrations/STemWin/MB1315/Modules/audio_player/Addons/BIQ/Lib/BIQ_CM4_IAR.a
4276a5725b876eed51ed4cefcc1cd4,,STM32Cube_FW_L4_V1.14.0/Projects/32L4R9IDISCOVERY/Demonstrations/MenuLauncher/Gui/App/MenuLauncher.c
072072b7ddbf70c5e74a8e1c5f01da,,STM32Cube_FW_L4_V1.14.0/Projects/NUCLEO-L452RE/Examples/WWDG/WWDG_Example/Inc/stm32l4xx_it.h
ef7d99b0cfee122051e4e3b623953e,,STM32Cube_FW_L4_V1.14.0/Projects/NUCLEO-L476RG/Examples/LPTIM/LPTIM_PWMExternalClock/Src/main.c
072072b7ddbf70c5e74a8e1c5f01da,,STM32Cube_FW_L4_V1.14.0/Projects/NUCLEO-L476RG/Examples/WWDG/WWDG_Example/Inc/stm32l4xx_it.h
1947883bcaac456af0d46d682355c3,,STM32Cube_FW_L4_V1.14.0/Projects/NUCLEO-L476RG/Examples/PWR/PWR_LPRUN_SRAM1/EWARM/stm32l476xx_sram.icf
054ee1a3fca3fe919793299d1fd7bd,,STM32Cube_FW_L4_V1.14.0/Projects/NUCLEO-L476RG/Examples_LL/ADC/ADC_MultiChannelSingleConversion/Src/main.c
ba94d6f6a7f0b81628015ab8feef2a,,STM32Cube_FW_L4_V1.14.0/Projects/NUCLEO-L476RG/Examples_LL/OPAMP/OPAMP_PGA_Init/Inc/stm32l4xx_it.h
f88455f8d8ac6cba1c32a4375e2f19,,STM32Cube_FW_L4_V1.14.0/Projects/NUCLEO-L476RG/Examples_LL/EXTI/EXTI_ToggleLedOnIT/Src/main.c
849a4f8330378b6a7fcdaa0cb1901e,,STM32Cube_FW_L4_V1.14.0/Projects/STM32L476G-EVAL/Applications/STemWin/STemWin_SampleDemo/Src/calibration.c
858c0f0380547f4f4cb8747fe2816b,,STM32Cube_FW_L4_V1.14.0/Projects/STM32L476G-EVAL/Applications/USB_Device/MSC_Standalone/Src/usbd_desc.c
072072b7ddbf70c5e74a8e1c5f01da,,STM32Cube_FW_L4_V1.14.0/Projects/STM32L476G-EVAL/Examples/WWDG/WWDG_Example/Inc/stm32l4xx_it.h
fe77fee02f6e01e8920c4e92cd1ffd,,STM32Cube_FW_L4_V1.14.0/Projects/STM32L476G-EVAL/Examples/TIM/TIM_InputCapture/Inc/main.h
24f8c691ae09544b7eff86a3413e4d,,STM32Cube_FW_L4_V1.14.0/Projects/STM32L476G-EVAL/Examples/TIM/TIM_OCToggle/Src/stm32l4xx_hal_msp.c
072072b7ddbf70c5e74a8e1c5f01da,,STM32Cube_FW_L4_V1.14.0/Projects/NUCLEO-L496ZG/Examples/WWDG/WWDG_Example/Inc/stm32l4xx_it.h
869dc2444acd80f7adbd310e6eebcd,,STM32Cube_FW_L4_V1.14.0/Projects/NUCLEO-L496ZG/Examples_LL/ADC/ADC_ContinuousConversion_TriggerSW_LowPower/Src/main.c
ba94d6f6a7f0b81628015ab8feef2a,,STM32Cube_FW_L4_V1.14.0/Projects/NUCLEO-L496ZG/Examples_LL/OPAMP/OPAMP_PGA_Init/Inc/stm32l4xx_it.h
b8744b0b99a65c0536abac3e584d4d,,Packs/STMicroelectronics/X-CUBE-AI/5.1.2/Utilities/linux/scipy/sparse/_sparsetools.cpython-35m-x86_64-linux-gnu.so
07020e42d669f3f9c1d3031ec277d9,,Packs/STMicroelectronics/X-CUBE-AI/5.1.2/Utilities/linux/scipy/special/tests/data/gsl.npz
fcc6ebda5bbb769781589aed33d3ad,,Packs/STMicroelectronics/X-CUBE-AI/5.1.2/Utilities/linux/scipy/optimize/_linprog_util.py
8b773513480efa986d9ce061218348,,Packs/STMicroelectronics/X-CUBE-AI/5.1.2/Utilities/linux/tcl/tcl8/platform/shell-1.1.4.tm
f0e9c7007c38ffaa470a474c02f25f,,Packs/STMicroelectronics/X-CUBE-AI/5.1.2/Utilities/linux/libaec.so.0
9c6ed09b173bb08a6b3f64dbc292da,,Packs/STMicroelectronics/X-CUBE-AI/5.1.2/Utilities/linux/generate/tflite/BuiltinOptions.py
2b10cb34f497cf249c8e4e45cba831,,Packs/STMicroelectronics/X-CUBE-AI/5.1.2/Utilities/linux/tensorflow_core/core/protobuf/transport_options_pb2.py
28e35479720b6c8da97b0a21182e0f,,Packs/STMicroelectronics/X-CUBE-AI/5.1.2/Utilities/linux/tensorflow_core/python/distribute/cluster_resolver/__init__.py
0114d3648afae7ebb6012d641014fc,,Packs/STMicroelectronics/X-CUBE-AI/5.1.2/Utilities/linux/tensorflow_core/python/framework/device.py
8a6380ef39276189ab53e4caf01940,,Packs/STMicroelectronics/X-CUBE-AI/5.1.2/Utilities/linux/tensorflow_core/include/external/aws/aws-cpp-sdk-s3/include/aws/s3/model/TopicConfiguration.h
6e274cad01a005169d902f6c7834b8,,Packs/STMicroelectronics/X-CUBE-AI/5.1.2/Utilities/linux/tensorflow_core/include/external/aws/aws-cpp-sdk-s3/include/aws/s3/model/RequestPaymentConfiguration.h
e8034ef10b62d164d9fd157a7a2e79,,Packs/STMicroelectronics/X-CUBE-AI/5.1.2/Utilities/linux/tensorflow_core/include/external/curl/lib/curl_ldap.h
c866e512a2b3cb768a5bdfe7469116,,Packs/STMicroelectronics/X-CUBE-AI/5.1.2/Utilities/linux/tensorflow_core/include/google/protobuf/compiler/java/java_context.h
a4ec8e701b01306d272ee461127815,,Packs/STMicroelectronics/X-CUBE-AI/5.1.2/Utilities/linux/tensorflow_core/include/unsupported/Eigen/CXX11/src/Tensor/TensorContractionBlocking.h
cac177157cc5aae80b7a8f70255a96,,Packs/STMicroelectronics/X-CUBE-AI/5.1.2/Utilities/linux/tensorflow_core/include/tensorflow/core/protobuf/trace_events.pb_text-impl.h
6b64005ca12c80fcdfeef710fe268c,,Packs/STMicroelectronics/X-CUBE-AI/5.1.2/Utilities/linux/tensorflow_core/include/tensorflow/core/framework/resource_handle.pb.h
5b501a93916e530b78c66a6ba737dc,,Packs/STMicroelectronics/X-CUBE-AI/5.1.2/Utilities/linux/tensorflow_core/include/absl/time/clock.h
d0cdeadb751d031cab9b99dbfda6f0,,Packs/STMicroelectronics/X-CUBE-AI/5.1.2/Utilities/linux/numpy/distutils/command/install.py
fcc6ebda5bbb769781589aed33d3ad,,Packs/STMicroelectronics/X-CUBE-AI/5.0.0/Utilities/windows/scipy/optimize/_linprog_utad9332a02c87ff0e5dfd844b071c66,,Debug/Drivers/STM32F4xx_HAL_Driver/Src/stm32f4xx_hal.d
