e7f250d05eeaa60dc76af770ce62f0,3d80e2225ec1b104ee6828b264c291e7,org/eclipse/xtend/core/xtend/XtendPackage.java
0b77c9dfe2fa6c89f6f0f7220f7c5c,3d80e2225ec1b104ee6828b264c291e7,org/eclipse/xtend/core/macro/declaration/JvmExecutableDeclarationImpl.java
78e706ec14c64933f8d16fcabef004,3d80e2225ec1b104ee6828b264c291e7,org/eclipse/xtend/core/macro/declaration/TracabilityImpl.xtend
fc88c756d53183c58a96bd716e074e,3d80e2225ec1b104ee6828b264c291e7,org/eclipse/xtend/core/macro/ValidationContextImpl.xtend
98a3fe59ed41d311490daee7186a1e,3d80e2225ec1b104ee6828b264c291e7,org/eclipse/xtend/core/parser/antlr/internal/FlexTokenSource.java
e7f250d05eeaa60dc76af770ce62f0,3d80e2225ec1b104ee6828b264c291e7,org/eclipse/xtend/core/xtend/XtendPackage.java
0b77c9dfe2fa6c89f6f0f7220f7c5c,3d80e2225ec1b104ee6828b264c291e7,org/eclipse/xtend/core/macro/declaration/JvmExecutableDeclarationImpl.java
78e706ec14c64933f8d16fcabef004,3d80e2225ec1b104ee6828b264c291e7,org/eclipse/xtend/core/macro/declaration/TracabilityImpl.xtend
fc88c756d53183c58a96bd716e074e,3d80e2225ec1b104ee6828b264c291e7,org/eclipse/xtend/core/macro/ValidationContextImpl.xtend
98a3fe59ed41d311490daee7186a1e,3d80e2225ec1b104ee6828b264c291e7,org/eclipse/xtend/core/parser/antlr/internal/FlexTokenSource.java
