01a6d8f35184092dc9f1e4df4e5480,,STM32Cube_FW_L4_V1.14.0/Middlewares/Third_Party/FreeRTOS/Source/portable/MemMang/heap_3.c
fee9582c59cf8f5ec47afa5db66a1a,,STM32Cube_FW_L4_V1.14.0/Middlewares/ST/STemWin/Lib/STemWin_CM4_OS_wc16_ARGB.a
1cd384d7e299dcd44b84d4d7a23505,,STM32Cube_FW_L4_V1.14.0/Middlewares/ST/STM32_USB_Host_Library/Class/HID/Src/usbh_hid_parser.c
eeeae7a46fd2b07eb5a437bb9c39d6,,STM32Cube_FW_L4_V1.14.0/Drivers/CMSIS/docs/Driver/html/group__flash__interface__gr.js
212c913a54fbd50d805deafae79668,,STM32Cube_FW_L4_V1.14.0/Drivers/CMSIS/docs/Driver/html/group__nand__interface__gr.js
1a0a8d42b8ba42719fae8414bed8a9,,STM32Cube_FW_L4_V1.14.0/Drivers/CMSIS/docs/Core/html/search/groups_0.js
24ff5c2bfc7983a160dc5d9ff1245e,,STM32Cube_FW_L4_V1.14.0/Drivers/CMSIS/docs/NN/html/search/variables_7.js
0bdd569098ba6c2c2f6f1c11df4cce,,STM32Cube_FW_L4_V1.14.0/Drivers/CMSIS/docs/DSP/html/navtree.js
2a30dec7a5ee16e69d78182094301a,,STM32Cube_FW_L4_V1.14.0/Drivers/CMSIS/docs/RTOS2/html/search/functions_1.js
09feeac882d97a416bc5185d7b343a,,STM32Cube_FW_L4_V1.14.0/Drivers/CMSIS/DSP/DSP_Lib_TestSuite/Common/src/basic_math_tests/basic_math_test_group.c
2d8affc97d786052903990640fa563,,STM32Cube_FW_L4_V1.14.0/Drivers/CMSIS/DSP/Source/SupportFunctions/arm_q31_to_float.c
854d8fa63e4246913741bbc7fc410d,,STM32Cube_FW_L4_V1.14.0/Drivers/CMSIS/Device/ST/STM32L4xx/Source/Templates/iar/startup_stm32l431xx.s
abe05f26dde6190493e53f6dd1ea22,,STM32Cube_FW_L4_V1.14.0/Projects/NUCLEO-L412KB/Demonstrations/Gravitech_4digits/Inc/stm32l4xx_it.h
e70bf55f5fd68797c1c39e3b92b46b,,STM32Cube_FW_L4_V1.14.0/Projects/32L496GDISCOVERY/Examples/QSPI/QSPI_PreInitConfig/Src/stm32l4xx_it.c
ac692c001cc28b346dce925ab8d26a,,STM32Cube_FW_L4_V1.14.0/Projects/32L476GDISCOVERY/Examples/QSPI/QSPI_ExecuteInPlace/Src/main.c
634a10ddb922e4bbd006b657fd33aa,,STM32Cube_FW_L4_V1.14.0/Projects/32L476GDISCOVERY/Examples/QSPI/QSPI_ExecuteInPlace/TrueSTUDIO/STM32L476G-Discovery/STM32L476VG_FLASH.ld
e70bf55f5fd68797c1c39e3b92b46b,,STM32Cube_FW_L4_V1.14.0/Projects/32L476GDISCOVERY/Examples/QSPI/QSPI_PreInitConfig/Src/stm32l4xx_it.c
7914c80b25cbf3a52d0c1385f8fcb1,,STM32Cube_FW_L4_V1.14.0/Projects/STM32L4R9I-EVAL/Examples/IWDG/IWDG_Reset/Src/main.c
55bc366d5d395576beb43fdf064e7c,,STM32Cube_FW_L4_V1.14.0/Projects/32L4R9IDISCOVERY/Demonstrations/STemWin/SW4STM32/STemWin-STM32L4R9I-Discovery/STM32L4R9AIIx_FLASH.ld
55bc366d5d395576beb43fdf064e7c,,STM32Cube_FW_L4_V1.14.0/Projects/32L4R9IDISCOVERY/Demonstrations/STemWin/SW4STM32/STemWin-STM32L4R9I-Discovery_OoB/STM32L4R9AIIx_FLASH.ld
c6b676ff8ca774b34842c582a90aa3,,STM32Cube_FW_L4_V1.14.0/Projects/NUCLEO-L452RE/Applications/USB_Device/CDC_Standalone/EWARM/startup_stm32l452xx.s
c6b676ff8ca774b34842c582a90aa3,,STM32Cube_FW_L4_V1.14.0/Projects/NUCLEO-L452RE/Applications/USB_Device/HID_Standalone_LPM/EWARM/startup_stm32l452xx.s
c6b676ff8ca774b34842c582a90aa3,,STM32Cube_FW_L4_V1.14.0/Projects/NUCLEO-L452RE/Applications/USB_Device/HID_Standalone_BCD/EWARM/startup_stm32l452xx.s
c6b676ff8ca774b34842c582a90aa3,,STM32Cube_FW_L4_V1.14.0/Projects/NUCLEO-L452RE/Applications/USB_Device/HID_Standalone/EWARM/startup_stm32l452xx.s
c6b676ff8ca774b34842c582a90aa3,,STM32Cube_FW_L4_V1.14.0/Projects/NUCLEO-L452RE/Applications/USB_Device/DFU_Standalone/EWARM/startup_stm32l452xx.s
c6b676ff8ca774b34842c582a90aa3,,STM32Cube_FW_L4_V1.14.0/Projects/NUCLEO-L452RE/Applications/FreeRTOS/FreeRTOS_Timers/EWARM/startup_stm32l452xx.s
c6b676ff8ca774b34842c582a90aa3,,STM32Cube_FW_L4_V1.14.0/Projects/NUCLEO-L452RE/Applications/FreeRTOS/FreeRTOS_Mutexes/EWARM/startup_stm32l452xx.s
c6b676ff8ca774b34842c582a90aa3,,STM32Cube_FW_L4_V1.14.0/Projects/NUCLEO-L452RE/Applications/FreeRTOS/FreeRTOS_Semaphore/EWARM/startup_stm32l452xx.s
c6b676ff8ca774b34842c582a90aa3,,STM32Cube_FW_L4_V1.14.0/Projects/NUCLEO-L452RE/Applications/FreeRTOS/FreeRTOS_Queues/EWARM/startup_stm32l452xx.s
c6b676ff8ca774b34842c582a90aa3,,STM32Cube_FW_L4_V1.14.0/Projects/NUCLEO-L452RE/Applications/FreeRTOS/FreeRTOS_ThreadCreation/EWARM/startup_stm32l452xx.s
c6b676ff8ca774b34842c582a90aa3,,STM32Cube_FW_L4_V1.14.0/Projects/NUCLEO-L452RE/Applications/FreeRTOS/FreeRTOS_SemaphoreFromISR/EWARM/startup_stm32l452xx.s
c6b676ff8ca774b34842c582a90aa3,,STM32Cube_FW_L4_V1.14.0/Projects/NUCLEO-L452RE/Applications/FreeRTOS/FreeRTOS_SignalFromISR/EWARM/startup_stm32l452xx.s
c6b676ff8ca774b34842c582a90aa3,,STM32Cube_FW_L4_V1.14.0/Projects/NUCLEO-L452RE/Applications/FreeRTOS/FreeRTOS_LowPower/EWARM/startup_stm32l452xx.s
c6b676ff8ca774b34842c582a90aa3,,STM32Cube_FW_L4_V1.14.0/Projects/NUCLEO-L452RE/Applications/FreeRTOS/FreeRTOS_Mail/EWARM/startup_stm32l452xx.s
c6b676ff8ca774b34842c582a90aa3,,STM32Cube_FW_L4_V1.14.0/Projects/NUCLEO-L452RE/Applications/FreeRTOS/FreeRTOS_Signal/EWARM/startup_stm32l452xx.s
c6b676ff8ca774b34842c582a90aa3,,STM32Cube_FW_L4_V1.14.0/Projects/NUCLEO-L452RE/Demonstrations/Adafruit_LCD_1_8_SD_Joystick/EWARM/startup_stm32l452xx.s
4a227db4122b7552ddacf7ae7948e9,,STM32Cube_FW_L4_V1.14.0/Projects/NUCLEO-L4R5ZI/Examples/DMA/DMAMUX_SYNC/SW4STM32/STM32L4R5ZI_NUCLEO_DMAMUX_SYNC/STM32L4R5ZITx_FLASH.ld
4a227db4122b7552ddacf7ae7948e9,,STM32Cube_FW_L4_V1.14.0/Projects/NUCLEO-L4R5ZI/Examples/DMA/DMA_FLASHToRAM/SW4STM32/STM32L4R5ZI_NUCLEO_DMA_FLASHToRAM/STM32L4R5ZITx_FLASH.ld
4a227db4122b7552ddacf7ae7948e9,,STM32Cube_FW_L4_V1.14.0/Projects/NUCLEO-L4R5ZI/Examples/DMA/DMAMUX_RequestGen/SW4STM32/STM32L4R5ZI_NUCLEO_DMAMUX_RequestGen/STM32L4R5ZITx_FLASH.ld
ca6b169ddaefe460e630aee4077018,,STM32Cube_FW_L4_V1.14.0/Projects/NUCLEO-L476RG/Examples/FLASH/FLASH_EraseProgram/Inc/main.h
9337f0a7cae9cae333e5a1ef23e141,,STM32Cube_FW_L4_V1.14.0/Projects/NUCLEO-L476RG/Examples/OPAMP/OPAMP_PGA/Src/stm32l4xx_it.c
3f53309d749fb30e7b159947abefc6,,STM32Cube_FW_L4_V1.14.0/Projects/NUCLEO-L476RG/Examples/TIM/TIM_TimeBase/Inc/main.h
8ccf97c55bd174a19eefa8d0bea53d,,STM32Cube_FW_L4_V1.14.0/Projects/NUCLEO-L476RG/Examples_MIX/UART/UART_HyperTerminal_TxPolling_RxIT/Src/main.c
e97fca7681209d4bd6de0dcfb0b23c,,STM32Cube_FW_L4_V1.14.0/Projects/NUCLEO-L476RG/Examples_MIX/I2C/I2C_OneBoard_ComSlave7_10bits_IT/Inc/main.h
b9737ee34d0b111effd47a0ed4d110,,STM32Cube_FW_L4_V1.14.0/Projects/NUCLEO-L476RG/Examples_LL/RTC/RTC_Tamper/Src/stm32l4xx_it.c
970aebf720aa2e27b94a7eedfe9d1a,,STM32Cube_FW_L4_V1.14.0/Projects/NUCLEO-L476RG/Examples_LL/USART/USART_Communication_TxRx_DMA/Inc/stm32l4xx_it.h
4fc6da2c93bf9921d3e05ed2e0f4e3,,STM32Cube_FW_L4_V1.14.0/Projects/NUCLEO-L432KC/Applications/USB_Device/HID_Standalone_LPM/Src/usbd_desc.c
4fc6da2c93bf9921d3e05ed2e0f4e3,,STM32Cube_FW_L4_V1.14.0/Projects/STM32L476G-EVAL/Applications/USB_Device/HID_Standalone_LPM/Src/usbd_desc.c
ca3e0ad1c72436baa41e59039baf23,,STM32Cube_FW_L4_V1.14.0/Projects/STM32L476G-EVAL/Examples/GPIO/GPIO_EXTI/Inc/main.h
e70bf55f5fd68797c1c39e3b92b46b,,STM32Cube_FW_L4_V1.14.0/Projects/STM32L476G-EVAL/Examples/QSPI/QSPI_PreInitConfig/Src/stm32l4xx_it.c
c43b94422736bf1f322d884b4ef140,,STM32Cube_FW_L4_V1.14.0/Projects/STM32L476G-EVAL/Examples/I2C/I2C_TwoBoards_ComDMA/Src/main.c
4a227db4122b7552ddacf7ae7948e9,,STM32Cube_FW_L4_V1.14.0/Projects/NUCLEO-L4R5ZI-P/Examples/PWR/PWR_STANDBY_SMPS/SW4STM32/STM32L4R5ZI_NUCLEO/STM32L4R5ZITx_FLASH.ld
4a227db4122b7552ddacf7ae7948e9,,STM32Cube_FW_L4_V1.14.0/Projects/NUCLEO-L4R5ZI-P/Examples/PWR/PWR_STOP0_SMPS/SW4STM32/STM32L4R5ZI_NUCLEO/STM32L4R5ZITx_FLASH.ld
70823207ed528f96d6e978918ac740,,STM32Cube_FW_L4_V1.14.0/Projects/NUCLEO-L496ZG/Examples/Cortex/CORTEXM_ProcessStack/Src/main.c
b9737ee34d0b111effd47a0ed4d110,,STM32Cube_FW_L4_V1.14.0/Projects/NUCLEO-L496ZG/Examples_LL/RTC/RTC_Tamper/Src/stm32l4xx_it.c
f5b95d740faa1c564734ceea4faf28,,STM32Cube_FW_L4_V1.14.0/Projects/NUCLEO-L412RB-P/Applications/FreeRTOS/FreeRTOS_Signal/Src/main.c
7ee813a64c85c31dec6486212564f8,,Packs/STMicroelectronics/X-CUBE-AI/5.1.2/Utilities/linux/scipy/sparse/linalg/tests/test_onenormest.py
6a2da9c3accefcbd7bbc012607cdbe,,Packs/STMicroelectronics/X-CUBE-AI/5.1.2/Utilities/linux/scipy/io/matlab/tests/data/testcomplex_6.1_SOL2.mat
b9bce20d1eb832ab9247f7e199d75b,,Packs/STMicroelectronics/X-CUBE-AI/5.1.2/Utilities/linux/syslog.cpython-35m-x86_64-linux-gnu.so
b62f3ec883df93252e8eea9218dde6,,Packs/STMicroelectronics/X-CUBE-AI/5.1.2/Utilities/linux/tensorboard/summary/writer/record_writer.py
dca7d7cd6688ec54fac4160a049eef,,Packs/STMicroelectronics/X-CUBE-AI/5.1.2/Utilities/linux/gast/gast.py
6032379affe75c5fbadb8544a24c3d,,Packs/STMicroelectronics/X-CUBE-AI/5.1.2/Utilities/linux/onnx/backend/test/data/node/test_or_bcast4v4d/test_data_set_0/output_0.pb
7489993488793d65f77cf40fab3568,,Packs/STMicroelectronics/X-CUBE-AI/5.1.2/Utilities/linux/onnx/backend/test/data/node/test_qlinearmatmul_3D/model.onnx
8028bb3cf79317ce4b106534426560,,Packs/STMicroelectronics/X-CUBE-AI/5.1.2/Utilities/linux/onnx/backend/test/data/pytorch-converted/test_ConstantPad2d/test_data_set_0/input_0.pb
53402b94bd2b9ec31444c00cd07f58,,Packs/STMicroelectronics/X-CUBE-AI/5.1.2/Utilities/linux/onnx/backend/test/case/node/dropout.py
d403a7755a94bf18fff47ca13ccabd,,Packs/STMicroelectronics/X-CUBE-AI/5.1.2/Utilities/linux/onnx/backend/test/case/model/single-relu.py
38217a65aae7454231a78ccfa19ebb,,Packs/STMicroelectronics/X-CUBE-AI/5.1.2/Utilities/linux/theano/tests/test_record.py
f0057d2234184abeaf24ea886fbf35,,Packs/STMicroelectronics/X-CUBE-AI/5.1.2/Utilities/linux/theano/misc/safe_asarray.py
23054d8069e93a0a23f53fe9522de9,,Packs/STMicroelectronics/X-CUBE-AI/5.1.2/Utilities/linux/theano/tensor/nnet/tests/test_nnet.py
2c7035d49c50be33f3db35c965c544,,Packs/STMicroelectronics/X-CUBE-AI/5.1.2/Utilities/linux/theano/sandbox/multinomial.py
ce9977bd0d292680b430ae2eb3dd3a,,Packs/STMicroelectronics/X-CUBE-AI/5.1.2/Utilities/linux/theano/gof/fg.py
3a6b04b1f86a5faf600daef6535efb,,Packs/STMicroelectronics/X-CUBE-AI/5.1.2/Utilities/linux/generate/tflite/L2NormOptions.py
ef6cd097fd08982925fcd5add5b2f9,,Packs/STMicroelectronics/X-CUBE-AI/5.1.2/Utilities/linux/tensorflow_core/python/lib/io/python_io.py
f7a7e21ae5a9aa550c5d206fca4330,,Packs/STMicroelectronics/X-CUBE-AI/5.1.2/Utilities/linux/tensorflow_core/python/keras/api/_v2/keras/preprocessing/sequence/__init__.py
7d9579041bd99fa2645bbd88b37bf1,,Packs/STMicroelectronics/X-CUBE-AI/5.1.2/Utilities/linux/tensorflow_core/python/keras/distribute/multi_worker_training_state.py
454094bb887d2d18ad72863a6ca8c1,,Packs/STMicroelectronics/X-CUBE-AI/5.1.2/Utilities/linux/tensorflow_core/python/keras/datasets/imdb.py
b5df3390af252a22c6e45373ec6bb8,,Packs/STMicroelectronics/X-CUBE-AI/5.1.2/Utilities/linux/tensorflow_core/python/keras/datasets/mnist.py
cd437775424bf10b8cc9ba5c8ef0cf,,Packs/STMicroelectronics/X-CUBE-AI/5.1.2/Utilities/linux/tensorflow_core/python/saved_model/model_utils/__init__.py
fd1c12f8f013e8c97f062a3fee2b5a,,Packs/STMicroelectronics/X-CUBE-AI/5.1.2/Utilities/linux/tensorflow_core/include/Eigen/src/Core/arch/SYCL/MathFunctions.h
59d79e83d8444077c7ccca2971b077,,Packs/STMicroelectronics/X-CUBE-AI/5.1.2/Utilities/linux/tensorflow_core/include/Eigen/src/Jacobi/Jacobi.h
734ff861c3a3996dcb7f397d00e7e1,,Packs/STMicroelectronics/X-CUBE-AI/5.1.2/Utilities/linux/tensorflow_core/include/Eigen/PardisoSupport
48d9e0a7429509b433c59986eb21af,,Packs/STMicroelectronics/X-CUBE-AI/5.1.2/Utilities/linux/tensorflow_core/include/external/aws/aws-cpp-sdk-s3/include/aws/s3/model/InventoryEncryption.h
098ae9db93010e3a50aa87710ee193,,Packs/STMicroelectronics/X-CUBE-AI/5.1.2/Utilities/linux/tensorflow_core/include/external/aws/aws-cpp-sdk-core/include/aws/core/utils/crypto/ContentCryptoScheme.h
ad5940b17f52f58bdbb001a0c773b9,,Packs/STMicroelectronics/X-CUBE-AI/5.1.2/Utilities/linux/tensorflow_core/include/external/aws/aws-cpp-sdk-core/include/aws/core/utils/crypto/CryptoBuf.h
32ba88fc81ebe7a6ad11993a8d3f6b,,Packs/STMicroelectronics/X-CUBE-AI/5.1.2/Utilities/linux/tensorflow_core/include/external/aws/aws-cpp-sdk-core/include/aws/core/utils/crypto/MD5.h
2009ea06a63ac80c01fd10883ebc0c,,Packs/STMicroelectronics/X-CUBE-AI/5.1.2/Utilities/linux/tensorflow_core/include/external/jpeg/jsimd.h
f308d75bf1e693c917222f2aa9bdda,,Packs/STMicroelectronics/X-CUBE-AI/5.1.2/Utilities/linux/tensorflow_core/include/unsupported/Eigen/CXX11/src/Tensor/TensorInflation.h
1dc4ad6baf3485f44a0604ed112f58,,Packs/STMicroelectronics/X-CUBE-AI/5.1.2/Utilities/linux/tensorflow_core/include/tensorflow/core/lib/rand