88c9743c601e351f406d4e4470009a,,STM32Cube_FW_L4_V1.14.0/Drivers/STM32L4xx_HAL_Driver/Src/stm32l4xx_hal_opamp.c
98b2fc80e4d47ea4d6f94ade0b8dd2,,STM32Cube_FW_L4_V1.14.0/Drivers/BSP/Components/ft5336/ft5336.c
a49cb9b876f4a58b9d59db056da27b,,STM32Cube_FW_L4_V1.14.0/Drivers/BSP/STM32L496G-Discovery/stm32l496g_discovery_io.c
a2ec5c099f5b3c4a2b9e626997215a,,STM32Cube_FW_L4_V1.14.0/Drivers/BSP/STM32L4R9I-Discovery/stm32l4r9i_discovery_audio.h
fdb6cc9beea4303373cf88c56072a7,,STM32Cube_FW_L4_V1.14.0/Drivers/CMSIS/docs/Pack/html/search/search.js
f43b994e3d20dacffc64abbe183642,,STM32Cube_FW_L4_V1.14.0/Drivers/CMSIS/docs/Driver/html/group__eth__mac__interface__gr_structARM__DRIVER__ETH__MAC.js
0bfa8bf9f8c34a1e118f0fde332dae,,STM32Cube_FW_L4_V1.14.0/Drivers/CMSIS/docs/Driver/html/search/classes_0.js
524313943253c5a6a51fac6a79ce0a,,STM32Cube_FW_L4_V1.14.0/Drivers/CMSIS/docs/Driver/html/search/all_7.js
547586efa55510ff68a84a76b4119b,,STM32Cube_FW_L4_V1.14.0/Drivers/CMSIS/docs/Driver/html/group__usart__interface__gr_structARM__USART__CAPABILITIES.js
48a27a115a0294617c51a4052413da,,STM32Cube_FW_L4_V1.14.0/Drivers/CMSIS/docs/Driver/html/group__sai__interface__gr_structARM__DRIVER__SAI.js
6d9051e69c751678476ac4df99ffad,,STM32Cube_FW_L4_V1.14.0/Drivers/CMSIS/docs/RTOS/html/search/variables_0.js
22cb7cf83db7d60bfe1ad0b34b64b6,,STM32Cube_FW_L4_V1.14.0/Drivers/CMSIS/docs/RTOS2/html/search/variables_5.js
1c29ac3eed7c3691f1310500d763ac,,STM32Cube_FW_L4_V1.14.0/Drivers/CMSIS/DSP/DSP_Lib_TestSuite/Common/src/basic_math_tests/abs_tests.c
7850f683a80949eec49adfbea17c71,,STM32Cube_FW_L4_V1.14.0/Projects/NUCLEO-L412KB/Examples_LL/ADC/ADC_SingleConversion_TriggerTimer_DMA_LP/Inc/stm32l4xx_it.h
9a60b060057080989b0d426949e29b,,STM32Cube_FW_L4_V1.14.0/Projects/32L496GDISCOVERY/Applications/STemWin/STemWin_HelloWorld/EWARM/stm32l496xx_flash.icf
9a60b060057080989b0d426949e29b,,STM32Cube_FW_L4_V1.14.0/Projects/32L496GDISCOVERY/Examples/DCMI/DCMI_CaptureMode/EWARM/stm32l496xx_flash.icf
9a60b060057080989b0d426949e29b,,STM32Cube_FW_L4_V1.14.0/Projects/32L496GDISCOVERY/Examples/DCMI/DCMI_Preview/EWARM/stm32l496xx_flash.icf
9a60b060057080989b0d426949e29b,,STM32Cube_FW_L4_V1.14.0/Projects/32L496GDISCOVERY/Examples/DCMI/DCMI_SnapshotMode/EWARM/stm32l496xx_flash.icf
9a60b060057080989b0d426949e29b,,STM32Cube_FW_L4_V1.14.0/Projects/32L496GDISCOVERY/Examples/DMA/DMA_FLASHToRAM/EWARM/stm32l496xx_flash.icf
9a60b060057080989b0d426949e29b,,STM32Cube_FW_L4_V1.14.0/Projects/32L496GDISCOVERY/Examples/RTC/RTC_Alarm/EWARM/stm32l496xx_flash.icf
9a60b060057080989b0d426949e29b,,STM32Cube_FW_L4_V1.14.0/Projects/32L496GDISCOVERY/Examples/DMA2D/DMA2D_MemToMemWithPFC/EWARM/stm32l496xx_flash.icf
9a60b060057080989b0d426949e29b,,STM32Cube_FW_L4_V1.14.0/Projects/32L496GDISCOVERY/Examples/DMA2D/DMA2D_RegToMemWithLCD/EWARM/stm32l496xx_flash.icf
9a60b060057080989b0d426949e29b,,STM32Cube_FW_L4_V1.14.0/Projects/32L496GDISCOVERY/Examples/DMA2D/DMA2D_MemToMemWithLCD/EWARM/stm32l496xx_flash.icf
9a60b060057080989b0d426949e29b,,STM32Cube_FW_L4_V1.14.0/Projects/32L496GDISCOVERY/Examples/DMA2D/DMA2D_MemoryToMemory/EWARM/stm32l496xx_flash.icf
9a60b060057080989b0d426949e29b,,STM32Cube_FW_L4_V1.14.0/Projects/32L496GDISCOVERY/Examples/DMA2D/DMA2D_MemToMemWithBlending/EWARM/stm32l496xx_flash.icf
9a60b060057080989b0d426949e29b,,STM32Cube_FW_L4_V1.14.0/Projects/32L496GDISCOVERY/Examples/FLASH/FLASH_EraseProgram/EWARM/stm32l496xx_flash.icf
9a60b060057080989b0d426949e29b,,STM32Cube_FW_L4_V1.14.0/Projects/32L496GDISCOVERY/Examples/FLASH/FLASH_FastProgram/EWARM/stm32l496xx_flash.icf
9a60b060057080989b0d426949e29b,,STM32Cube_FW_L4_V1.14.0/Projects/32L496GDISCOVERY/Examples/FLASH/FLASH_DualBoot/EWARM/stm32l496xx_flash.icf
9a60b060057080989b0d426949e29b,,STM32Cube_FW_L4_V1.14.0/Projects/32L496GDISCOVERY/Examples/FLASH/FLASH_WriteProtection/EWARM/stm32l496xx_flash.icf
9a60b060057080989b0d426949e29b,,STM32Cube_FW_L4_V1.14.0/Projects/32L496GDISCOVERY/Examples/GPIO/GPIO_EXTI/EWARM/stm32l496xx_flash.icf
9a60b060057080989b0d426949e29b,,STM32Cube_FW_L4_V1.14.0/Projects/32L496GDISCOVERY/Examples/GPIO/GPIO_IOToggle/EWARM/stm32l496xx_flash.icf
9a60b060057080989b0d426949e29b,,STM32Cube_FW_L4_V1.14.0/Projects/32L496GDISCOVERY/Examples/QSPI/QSPI_ReadWrite_IT/EWARM/stm32l496xx_flash.icf
9a60b060057080989b0d426949e29b,,STM32Cube_FW_L4_V1.14.0/Projects/32L496GDISCOVERY/Examples/QSPI/QSPI_MemoryMapped/EWARM/stm32l496xx_flash.icf
9a60b060057080989b0d426949e29b,,STM32Cube_FW_L4_V1.14.0/Projects/32L496GDISCOVERY/Examples/QSPI/QSPI_ReadWrite_DMA/EWARM/stm32l496xx_flash.icf
9a60b060057080989b0d426949e29b,,STM32Cube_FW_L4_V1.14.0/Projects/32L496GDISCOVERY/Examples/DFSDM/DFSDM_AudioRecord/EWARM/stm32l496xx_flash.icf
9a60b060057080989b0d426949e29b,,STM32Cube_FW_L4_V1.14.0/Projects/32L496GDISCOVERY/Examples_MIX/DMA2D/DMA2D_MemToMemWithRBSwap/EWARM/stm32l496xx_flash.icf
9a60b060057080989b0d426949e29b,,STM32Cube_FW_L4_V1.14.0/Projects/32L496GDISCOVERY/Examples_MIX/DMA2D/DMA2D_MemToMemWithLCD/EWARM/stm32l496xx_flash.icf
9a60b060057080989b0d426949e29b,,STM32Cube_FW_L4_V1.14.0/Projects/32L496GDISCOVERY/Examples_LL/DMA2D/DMA2D_MemoryToMemory/EWARM/stm32l496xx_flash.icf
07ac2b2b26a00f8799715d28ddb6d6,,STM32Cube_FW_L4_V1.14.0/Projects/32L476GDISCOVERY/Applications/USB_Device/HID_Standalone_BCD/Inc/stm32l4xx_it.h
9a60b060057080989b0d426949e29b,,STM32Cube_FW_L4_V1.14.0/Projects/NUCLEO-L496ZG-P/Examples/PWR/PWR_STANDBY_SMPS/EWARM/stm32l496xx_flash.icf
9a60b060057080989b0d426949e29b,,STM32Cube_FW_L4_V1.14.0/Projects/NUCLEO-L496ZG-P/Examples/PWR/PWR_STOP0_SMPS/EWARM/stm32l496xx_flash.icf
9de91e3ff5d2114c289b854d18b536,,STM32Cube_FW_L4_V1.14.0/Projects/STM32L4R9I-EVAL/Examples/OSPI/OSPI_NOR_ExecuteInPlace/Src/stm32l4xx_it.c
ec40c6aac0526500d89ec94c52b2a1,,STM32Cube_FW_L4_V1.14.0/Projects/STM32L4R9I-EVAL/Demonstrations/STemWin/MB1314/Gui/Core/power_measurement/generated/shapes/shape_measurement.c
0f8a8feff0f33fee7ea7749e89a15f,,STM32Cube_FW_L4_V1.14.0/Projects/STM32L4R9I-EVAL/Demonstrations/STemWin/MB1315/Modules/audio_player/Addons/BIQ/Lib/BIQ_CM4_Keil.lib
06e5e84062bc203fb1891c93ef7519,,STM32Cube_FW_L4_V1.14.0/Projects/STM32L4R9I-EVAL/Demonstrations/MenuLauncher/MB1315/Simulation/Config/SIMConf.c
a1d4aa3bb1e135e174c9391f695d2f,,STM32Cube_FW_L4_V1.14.0/Projects/32L4R9IDISCOVERY/Examples/OSPI/OSPI_NOR_ReadWrite_DMA_DTR/Src/stm32l4xx_hal_msp.c
ec40c6aac0526500d89ec94c52b2a1,,STM32Cube_FW_L4_V1.14.0/Projects/32L4R9IDISCOVERY/Demonstrations/STemWin/Gui/Core/power_measurement/generated/shapes/shape_measurement.c
299057a77c99bc03c7a416f9c3241e,,STM32Cube_FW_L4_V1.14.0/Projects/NUCLEO-L4R5ZI/Examples/I2C/I2C_TwoBoards_RestartAdvComIT/Inc/stm32l4xx_hal_conf.h
299057a77c99bc03c7a416f9c3241e,,STM32Cube_FW_L4_V1.14.0/Projects/NUCLEO-L4R5ZI/Examples/I2C/I2C_TwoBoards_RestartComIT/Inc/stm32l4xx_hal_conf.h
78eaf364a59576b92f8d3e596ecaf0,,STM32Cube_FW_L4_V1.14.0/Projects/NUCLEO-L4R5ZI/Examples/I2C/I2C_TwoBoards_ComPolling/Inc/main.h
9ae8e13352409cc1cc50f23b720891,,STM32Cube_FW_L4_V1.14.0/Projects/NUCLEO-L476RG/Examples_LL/ADC/ADC_Oversampling/Src/main.c
04d14817b8822d51c9d8a823f4b766,,STM32Cube_FW_L4_V1.14.0/Projects/NUCLEO-L476RG/Examples_LL/IWDG/IWDG_RefreshUntilUserEvent/Src/stm32l4xx_it.c
adf09c41754d6ad9628acfe775a169,,STM32Cube_FW_L4_V1.14.0/Projects/NUCLEO-L432KC/Templates_LL/SW4STM32/STM32L432KC_NUCLEO/STM32L432KCUx_FLASH.ld
c116e9c3f70af77189443541e8aec2,,STM32Cube_FW_L4_V1.14.0/Projects/NUCLEO-L432KC/Examples/RNG/RNG_MultiRNG_IT/Src/main.c
721988236d82bb97d63d1c6b603ceb,,STM32Cube_FW_L4_V1.14.0/Projects/NUCLEO-L432KC/Examples/I2C/I2C_TwoBoards_RestartComIT/Inc/main.h
9a60b060057080989b0d426949e29b,,STM32Cube_FW_L4_V1.14.0/Projects/NUCLEO-L496ZG/Applications/FreeRTOS/FreeRTOS_Timers/EWARM/stm32l496xx_flash.icf
9a60b060057080989b0d426949e29b,,STM32Cube_FW_L4_V1.14.0/Projects/NUCLEO-L496ZG/Applications/FreeRTOS/FreeRTOS_Mutexes/EWARM/stm32l496xx_flash.icf
9a60b060057080989b0d426949e29b,,STM32Cube_FW_L4_V1.14.0/Projects/NUCLEO-L496ZG/Applications/FreeRTOS/FreeRTOS_Semaphore/EWARM/stm32l496xx_flash.icf
9a60b060057080989b0d426949e29b,,STM32Cube_FW_L4_V1.14.0/Projects/NUCLEO-L496ZG/Applications/FreeRTOS/FreeRTOS_Queues/EWARM/stm32l496xx_flash.icf
9a60b060057080989b0d426949e29b,,STM32Cube_FW_L4_V1.14.0/Projects/NUCLEO-L496ZG/Applications/FreeRTOS/FreeRTOS_ThreadCreation/EWARM/stm32l496xx_flash.icf
9a60b060057080989b0d426949e29b,,STM32Cube_FW_L4_V1.14.0/Projects/NUCLEO-L496ZG/Applications/FreeRTOS/FreeRTOS_SemaphoreFromISR/EWARM/stm32l496xx_flash.icf
9a60b060057080989b0d426949e29b,,STM32Cube_FW_L4_V1.14.0/Projects/NUCLEO-L496ZG/Applications/FreeRTOS/FreeRTOS_SignalFromISR/EWARM/stm32l496xx_flash.icf
9a60b060057080989b0d426949e29b,,STM32Cube_FW_L4_V1.14.0/Projects/NUCLEO-L496ZG/Applications/FreeRTOS/FreeRTOS_LowPower/EWARM/stm32l496xx_flash.icf
9a60b060057080989b0d426949e29b,,STM32Cube_FW_L4_V1.14.0/Projects/NUCLEO-L496ZG/Applications/FreeRTOS/FreeRTOS_Mail/EWARM/stm32l496xx_flash.icf
9a60b060057080989b0d426949e29b,,STM32Cube_FW_L4_V1.14.0/Projects/NUCLEO-L496ZG/Applications/FreeRTOS/FreeRTOS_Signal/EWARM/stm32l496xx_flash.icf
9a60b060057080989b0d426949e29b,,STM32Cube_FW_L4_V1.14.0/Projects/NUCLEO-L496ZG/Examples/UART/UART_WakeUpFromStop/EWARM/stm32l496xx_flash.icf
9a60b060057080989b0d426949e29b,,STM32Cube_FW_L4_V1.14.0/Projects/NUCLEO-L496ZG/Examples/UART/UART_TwoBoards_ComIT/EWARM/stm32l496xx_flash.icf
9a60b060057080989b0d426949e29b,,STM32Cube_FW_L4_V1.14.0/Projects/NUCLEO-L496ZG/Examples/UART/UART_TwoBoards_ComDMA/EWARM/stm32l496xx_flash.icf
9a60b060057080989b0d426949e29b,,STM32Cube_FW_L4_V1.14.0/Projects/NUCLEO-L496ZG/Examples/UART/UART_TwoBoards_ComPolling/EWARM/stm32l496xx_flash.icf
9a60b060057080989b0d426949e29b,,STM32Cube_FW_L4_V1.14.0/Projects/NUCLEO-L496ZG/Examples/HAL/HAL_TimeBase_TIM/EWARM/stm32l496xx_flash.icf
9a60b060057080989b0d426949e29b,,STM32Cube_FW_L4_V1.14.0/Projects/NUCLEO-L496ZG/Examples/LPTIM/LPTIM_Timeout/EWARM/stm32l496xx_flash.icf
9a60b060057080989b0d426949e29b,,STM32Cube_FW_L4_V1.14.0/Projects/NUCLEO-L496ZG/Examples/LPTIM/LPTIM_PulseCounter/EWARM/stm32l496xx_flash.icf
9a60b060057080989b0d426949e29b,,STM32Cube_FW_L4_V1.14.0/Projects/NUCLEO-L496ZG/Examples/LPTIM/LPTIM_PWMExternalClock/EWARM/stm32l496xx_flash.icf
9a60b060057080989b0d426949e29b,,STM32Cube_FW_L4_V1.14.0/Projects/NUCLEO-L496ZG/Examples/ADC/ADC_OverSampler/EWARM/stm32l496xx_flash.icf
9a60b060057080989b0d426949e29b,,STM32Cube_FW_L4_V1.14.0/Projects/NUCLEO-L496ZG/Examples/ADC/ADC_DualModeInterleaved/EWARM/stm32l496xx_flash.icf
9a60b060057080989b0d426949e29b,,STM32Cube_FW_L4_V1.14.0/Projects/NUCLEO-L496ZG/Examples/ADC/ADC_DMA_Transfer/EWARM/stm32l496xx_flash.icf
9a60b060057080989b0d426949e29b,,STM32Cube_FW_L4_V1.14.0/Projects/NUCLEO-L496ZG/Examples/ADC/ADC_RegularConversion_Polling/EWARM/stm32l496xx_flash.icf
9a60b060057080989b0d426949e29b,,STM32Cube_FW_L4_V1.14.0/Projects/NUCLEO-L496ZG/Examples/ADC/ADC_Regular_injected_groups/EWARM/stm32l496xx_flash.icf
9a60b060057080989b0d426949e29b,,STM32Cube_FW_L4_V1.14.0/Projects/NUCLEO-L496ZG/Examples/ADC/ADC_AnalogWatchdog/EWARM/stm32l496xx_flash.icf
9a60b060057080989b0d426949e29b,,STM32Cube_FW_L4_V1.14.0/Projects/NUCLEO-L496ZG/Examples/ADC/ADC_Sequencer/EWARM/stm32l496xx_flash.icf
9a60b060057080989b0d426949e29b,,STM32Cube_FW_L4_V1.14.0/Projects/NUCLEO-L496ZG/Examples/RTC/RTC_LSI/EWARM/stm32l496xx_flash.icf
9a60b060057080989b0d426949e29b,,STM32Cube_FW_L4_V1.14.0/Projects/NUCLEO-L496ZG/Examples/RTC/RTC_Tamper/EWARM/stm32l496xx_flash.icf
9a60b060057080989b0d426949e29b,,STM32Cube_FW_L4_V1.14.0/Projects/NUCLEO-L496ZG/Examples/RTC/RTC_TimeStamp/EWARM/stm32l496xx_flash.icf
9a60b060057080989b0d426949e29b,,STM32Cube_FW_L4_V1.14.0/Projects/NUCLEO-L496ZG/Examples/WWDG/WWDG_Example/EWARM/stm32l496xx_flash.icf
9a60b060057080989b0d426949e29b,,STM32Cube_FW_L4_V1.14.0/Projects/NUCLEO-L496ZG/Examples/RNG/RNG_MultiRNG_IT/EWARM/stm32l496xx_flash.icf
9a60b060057080989b0d426949e29b,,STM32Cube_FW_L4_V1.14.0/Projects/NUCLEO-L496ZG/Examples/RNG/RNG_MultiRNG/EWARM/stm32l496xx_flash.icf
9a60b060057080989b0d426949e29b,,STM32Cube_FW_L4_V1.14.0/Projects/NUCLEO-L496ZG/Examples/FLASH/FLASH_EraseProgram/EWARM/stm32l496xx_flash.icf
9a60b060057080989b0d426949e29b,,STM32Cube_FW_L4_V1.14.0/Projects/NUCLEO-L496ZG/Examples/FLASH/FLASH_FastProgram/EWARM/stm32l496xx_flash.icf
9a60b060057080989b0d426949e29b,,STM32Cube_FW_L4_V1.14.0/Projects/NUCLEO-L496ZG/Examples/FLASH/FLASH_DualBoot/EWARM/stm32l496xx_flash.icf
9a60b060057080989b0d426949e29b,,STM32Cube_FW_L4_V1.14.0/Projects/NUCLEO-L496ZG/Examples/FLASH/FLASH_WriteProtection/EWARM/stm32l496xx_flash.icf
9a60b060057080989b0d426949e29b,,STM32Cube_FW_L4_V1.14.0/Projects/NUCLEO-L496ZG/Examples/CRYP/CRYP_DMA/EWARM/stm32l4a6xx_flash.icf
9a60b060057080989b0d426949e29b,,STM32Cube_FW_L4_V1.14.0/Projects/NUCLEO-L496ZG/Examples/CRYP/CRYP_AESModes/EWARM/stm32l4a6xx_flash.icf
9a60b060057080989b0d426949e29b,,STM32Cube_FW_L4_V1.14.0/Projects/NUCLEO-L496ZG/Examples/CRYP/CRYP_GCM_GMAC_CMAC_Suspension/EWARM/stm32l4a6xx_flash.icf
9a60b060057080989b0d426949e29b,,STM32Cube_FW_L4_V1.14.0/Projects/NUCLEO-L496ZG/Examples/CRYP/CRYP_AESModes_Suspension/EWARM/stm32l4a6xx_flash.icf
9a60b060057080989b0d426949e29b,,STM32Cube_FW_L4_V1.14.0/Projects/NUCLEO-L496ZG/Examples/CRYP/CRYP_GCM_GMAC_CMAC_Modes/EWARM/stm32l4a6xx_flash.icf
9a60b060057080989b0d426949e29b,,STM32Cube_FW_L4_V1.14.0/Projects/NUCLEO-L496ZG/Examples/LPUART/LPUART_TwoBoards_ComIT/EWARM/stm32l496xx_flash.icf
9a60b060057080989b0d426949e29b,,STM32Cube_FW_L4_V1.14.0/Projects/NUCLEO-L496ZG/Examples/LPUART/LPUART_WakeUpFromStop/EWARM/stm32l496xx_flash.icf
9a60b060057080989b0d426949e29b,,STM32Cube_FW_L4_V1.14.0/Projects/NUCLEO-L496ZG/Examples/OPAMP/OPAMP_PGA/EWARM/stm32l496xx_flash.icf
9a60b060057080989b0d426949e29b,,STM32Cube_FW_L4_V1.14.0/Projects/NUCLEO-L496ZG/Examples/OPAMP/OPAMP_STANDALONE/EWARM/stm32l496xx_flash.icf
9a60b060057080989b0d426949e29b,,STM32Cube_FW_L4_V1.14.0/Projects/NUCLEO-L496ZG/Examples/GPIO/GPIO_EXTI/EWARM/stm32l496xx_flash.icf
9a60b060057080989b0d426949e29b,,STM32Cube_FW_L4_V1.14.0/Projects/NUCLEO-L496ZG/Examples/GPIO/GPIO_IOToggle/EWARM/stm32l496xx_flash.icf
9a60b060057080989b0d426949e29b,,STM32Cube_FW_L4_V1.14.0/Projects/NUCLEO-L496ZG/Examples/HASH/HASH_HMAC_SHA224SHA256_MultiBuffer_DMA/EWARM/stm32l4a6xx_flash.icf
9a60b060057080989b0d426949e29b,,STM32Cube_FW_L4_V1.14.0/Projects/NUCLEO-L496ZG/Examples/HASH/HASH_SHA1MD5_DMA/EWARM/stm32l4a6xx_flash.icf
9a60b060057080989b0d426949e29b,,STM32Cube_FW_L4_V1.14.0/Projects/NUCLEO-L496ZG/Examples/HASH/HASH_SHA1MD5/EWARM/stm32l4a6xx_flash.icf
9a60b060057080989b0d426949e29b,,STM32Cube_FW_L4_V1.14.0/Projects/NUCLEO-L496ZG/Examples/HASH/HASH_HMAC_SHA256MD5_IT_Suspension/EWARM/stm32l4a6xx_flash.icf
9a60b060057080989b0d426949e29b,,STM32Cube_FW_L4_V1.14.0/Projects/NUCLEO-L496ZG/Examples/HASH/HASH_SHA224SHA256_DMA/EWARM/stm32l4a6xx_flash.icf
9a60b060057080989b0d426949e29b,,STM32Cube_FW_L4_V1.14.0/Projects/NUCLEO-L496ZG/Examples/HASH/HASH_SHA1SHA224_IT_Suspension/EWARM/stm32l4a6xx_flash.icf
9a60b060057080989b0d426949e29b,,STM32Cube_FW_L4_V1.14.0/Projects/NUCLEO-L496ZG/Examples/HASH/HASH_HMAC_SHA1MD5/EWARM/stm32l4a6xx_flash.icf
9a60b060057080989b0d426949e29b,,STM32Cube_FW_L4_V1.14.0/Projects/NUCLEO-L496ZG/Examples/IWDG/IWDG_WindowMode/EWARM/stm32l496xx_flash.icf
9a60b060057080989b0d426949e29b,,STM32Cube_FW_L4_V1.14.0/Projects/NUCLEO-L496ZG/Examples/IWDG/IWDG_Reset/EWARM/stm32l496xx_flash.icf
9a60b060057080989b0d426949e29b,,STM32Cube_FW_L4_V1.14.0/Projects/NUCLEO-L496ZG/Examples/PWR/PWR_SLEEP/EWARM/stm32l496xx_flash.icf
9a60b060057080989b0d426949e29b,,STM32Cube_FW_L4_V1.14.0/Projects/NUCLEO-L496ZG/Examples/PWR/PWR_STOP1/EWARM/stm32l496xx_flash.icf
9a60b060057080989b0d426949e29b,,STM32Cube_FW_L4_V1.14.0/Projects/NUCLEO-L496ZG/Examples/PWR/PWR_STANDBY/EWARM/stm32l496xx_flash.icf
9a60b060057080989b0d426949e29b,,STM32Cube_FW_L4_V1.14.0/Projects/NUCLEO-L496ZG/Examples/PWR/PWR_ModesSelection/EWARM/stm32l496xx_flash.icf
9a60b060057080989b0d426949e29b,,STM32Cube_FW_L4_V1.14.0/Projects/NUCLEO-L496ZG/Examples/PWR/PWR_STANDBY_RTC/EWARM/stm32l496xx_flash.icf
9a60b060057080989b0d426949e29b,,STM32Cube_FW_L4_V1.14.0/Projects/NUCLEO-L496ZG/Examples/PWR/PWR_LPRUN/EWARM/stm32l496xx_flash.icf
9a60b060057080989b0d426949e29b,,STM32Cube_FW_L4_V1.14.0/Projects/NUCLEO-L496ZG/Examples/PWR/PWR_STOP2/EWARM/stm32l496xx_flash.icf
9a60b060057080989b0d426949e29b,,STM32Cube_FW_L4_V1.14.0/Projects/NUCLEO-L496ZG/Examples/PWR/PWR_STOP1_RTC/EWARM/stm32l496xx_flash.icf
9a60b060057080989b0d426949e29b,,STM32Cube_FW_L4_V1.14.0/Projects/NUCLEO-L496ZG/Examples/PWR/PWR_SHUTDOWN/EWARM/stm32l496xx_flash.icf
9a60b060057080989b0d426949e29b,,STM32Cube_FW_L4_V1.14.0/Projects/NUCLEO-L496ZG/Examples/PWR/PWR_LPSLEEP/EWARM/stm32l496xx_flash.icf
9a60b060057080989b0d426949e29b,,STM32Cube_FW_L4_V1.14.0/Projects/NUCLEO-L496ZG/Examples/PWR/PWR_STOP2_RTC/EWARM/stm32l496xx_flash.icf
9a60b060057080989b0d426949e29b,,STM32Cube_FW_L4_V1.14.0/Projects/NUCLEO-L496ZG/Examples/SPI/SPI_FullDuplex_ComDMA/EWARM/stm32l496xx_flash.icf
8740526046a67859f5f0f275b04473,,STM32Cube_FW_L4_V1.14.0/Projects/NUCLEO-L496ZG/Examples/SPI/SPI_HalfDuplex_ComPolling/Src/main.c
9a60b060057080989b0d426949e29b,,STM32Cube_FW_L4_V1.14.0/Projects/NUCLEO-L496ZG/Examples/SPI/SPI_HalfDuplex_ComPolling/EWARM/stm32l496xx_flash.icf
9a60b060057080989b0d426949e29b,,STM32Cube_FW_L4_V1.14.0/Projects/NUCLEO-L496ZG/Examples/SPI/SPI_FullDuplex_ComPolling/EWARM/stm32l496xx_flash.icf
9a60b060057080989b0d426949e29b,,STM32Cube_FW_L4_V1.14.0/Projects/NUCLEO-L496ZG/Examples/SPI/SPI_FullDuplex_ComIT/EWARM/stm32l496xx_flash.icf
9a60b060057080989b0d426949e29b,,STM32Cube_FW_L4_V1.14.0/Projects/NUCLEO-L496ZG/Examples/RCC/RCC_CRS_Synchronization_IT/EWARM/stm32l496xx_flash.icf
9a60b060057080989b0d426949e29b,,STM32Cube_FW_L4_V1.14.0/Projects/NUCLEO-L496ZG/Examples/RCC/RCC_ClockConfig/EWARM/stm32l496xx_flash.icf
9a60b060057080989b0d426949e29b,,STM32Cube_FW_L4_V1.14.0/Projects/NUCLEO-L496ZG/Examples/RCC/RCC_CRS_Synchronization_Polling/EWARM/stm32l496xx_flash.icf
e88fda373eb6cbfd3006ab029ba7bb,,STM32Cube_FW_L4_V1.14.0/Projects/NUCLEO-L496ZG/Examples/I2C/I2C_WakeUpFromStop/Inc/main.h
9a60b060057080989b0d426949e29b,,STM32Cube_FW_L4_V1.14.0/Projects/NUCLEO-L496ZG/Examples/I2C/I2C_WakeUpFromStop/EWARM/stm32l496xx_flash.icf
9a60b060057080989b0d426949e29b,,STM32Cube_FW_L4_V1.14.0/Projects/NUCLEO-L496ZG/Examples/I2C/I2C_TwoBoards_RestartAdvComIT/EWARM/stm32l496xx_flash.icf
9a60b060057080989b0d426949e29b,,STM32Cube_FW_L4_V1.14.0/Projects/NUCLEO-L496ZG/Examples/I2C/I2C_TwoBoards_RestartComIT/EWARM/stm32l496xx_flash.icf
9a60b060057080989b0d426949e29b,,STM32Cube_FW_L4_V1.14.0/Projects/NUCLEO-L496ZG/Examples/I2C/I2C_TwoBoards_ComDMA/EWARM/stm32l496xx_flash.icf
9a60b060057080989b0d426949e29b,,STM32Cube_FW_L4_V1.14.0/Projects/NUCLEO-L496ZG/Examples/I2C/I2C_TwoBoards_AdvComIT/EWARM/stm32l496xx_flash.icf
9a60b060057080989b0d426949e29b,,STM32Cube_FW_L4_V1.14.0/Projects/NUCLEO-L496ZG/Examples/I2C/I2C_WakeUpFromStop2/EWARM/stm32l496xx_flash.icf
78eaf364a59576b92f8d3e596ecaf0,,STM32Cube_FW_L4_V1.14.0/Projects/NUCLEO-L496ZG/Examples/I2C/I2C_TwoBoards_ComPolling/Inc/main.h
9a60b060057080989b0d426949e29b,,STM32Cube_FW_L4_V1.14.0/Projects/NUCLEO-L496ZG/Examples/I2C/I2C_TwoBoards_ComPolling/EWARM/stm32l496xx_flash.icf
9a60b060057080989b0d426949e29b,,STM32Cube_FW_L4_V1.14.0/Projects/NUCLEO-L496ZG/Examples/I2C/I2C_TwoBoards_ComIT/EWARM/stm32l496xx_flash.icf
9a60b060057080989b0d426949e29b,,STM32Cube_FW_L4_V1.14.0/Projects/NUCLEO-L496ZG/Examples/DAC/DAC_SimpleConversion/EWARM/stm32l496xx_flash.icf
9a60b060057080989b0d426949e29b,,STM32Cube_FW_L4_V1.14.0/Projects/NUCLEO-L496ZG/Examples/DAC/DAC_SignalsGeneration/EWARM/stm32l496xx_flash.icf
9a60b060057080989b0d426949e29b,,STM32Cube_FW_L4_V1.14.0/Projects/NUCLEO-L496ZG/Examples/CRC/CRC_Bytes_Stream_7bit_CRC/EWARM/stm32l496xx_flash.icf
9a60b060057080989b0d426949e29b,,STM32Cube_FW_L4_V1.14.0/Projects/NUCLEO-L496ZG/Examples/CRC/CRC_UserDefinedPolynomial/EWARM/stm32l496xx_flash.icf
9a60b060057080989b0d426949e29b,,STM32Cube_FW_L4_V1.14.0/Projects/NUCLEO-L496ZG/Examples/CRC/CRC_Data_Reversing_16bit_CRC/EWARM/stm32l496xx_flash.icf
9a60b060057080989b0d426949e29b,,STM32Cube_FW_L4_V1.14.0/Projects/NUCLEO-L496ZG/Examples/CRC/CRC_Example/EWARM/stm32l496xx_flash.icf
9a60b060057080989b0d426949e29b,,STM32Cube_FW_L4_V1.14.0/Projects/NUCLEO-L496ZG/Examples/TIM/TIM_DMA/EWARM/stm32l496xx_flash.icf
9a60b060057080989b0d426949e29b,,STM32Cube_FW_L4_V1.14.0/Projects/NUCLEO-L496ZG/Examples/TIM/TIM_InputCapture/EWARM/stm32l496xx_flash.icf
9a60b060057080989b0d426949e29b,,STM32Cube_FW_L4_V1.14.0/Projects/NUCLEO-L496ZG/Examples/TIM/TIM_OCActive/EWARM/stm32l496xx_flash.icf
9a60b060057080989b0d426949e29b,,STM32Cube_FW_L4_V1.14.0/Projects/NUCLEO-L496ZG/Examples/TIM/TIM_PWMOutput/EWARM/stm32l496xx_flash.icf
9a60b060057080989b0d426949e29b,,STM32Cube_FW_L4_V1.14.0/Projects/NUCLEO-L496ZG/Examples/TIM/TIM_ExtTriggerSynchro/EWARM/stm32l496xx_flash.icf
9a60b060057080989b0d426949e29b,,STM32Cube_FW_L4_V1.14.0/Projects/NUCLEO-L496ZG/Examples/TIM/TIM_OCInactive/EWARM/stm32l496xx_flash.icf
9a60b060057080989b0d426949e29b,,STM32Cube_FW_L4_V1.14.0/Projects/NUCLEO-L496ZG/Examples/TIM/TIM_DMABurst/EWARM/stm32l496xx_flash.icf
9a60b060057080989b0d426949e29b,,STM32Cube_FW_L4_V1.14.0/Projects/NUCLEO-L496ZG/Examples/TIM/TIM_PWMInput/EWARM/stm32l496xx_flash.icf
9a60b060057080989b0d426949e29b,,STM32Cube_FW_L4_V1.14.0/Projects/NUCLEO-L496ZG/Examples/TIM/TIM_TimeBase/EWARM/stm32l496xx_flash.icf
9a60b060057080989b0d426949e29b,,STM32Cube_FW_L4_V1.14.0/Projects/NUCLEO-L496ZG/Examples/TIM/TIM_OnePulse/EWARM/stm32l496xx_flash.icf
9a60b060057080989b0d426949e29b,,STM32Cube_FW_L4_V1.14.0/Projects/NUCLEO-L496ZG/Examples/TIM/TIM_OCToggle/EWARM/stm32l496xx_flash.icf
9a60b060057080989b0d426949e29b,,STM32Cube_FW_L4_V1.14.0/Projects/NUCLEO-L496ZG/Examples/COMP/COMP_AnalogWatchdog/EWARM/stm32l496xx_flash.icf
9a60b060057080989b0d426949e29b,,STM32Cube_FW_L4_V1.14.0/Projects/NUCLEO-L496ZG/Examples/COMP/COMP_Interrupt/EWARM/stm32l496xx_flash.icf
9a60b060057080989b0d426949e29b,,STM32Cube_FW_L4_V1.14.0/Projects/NUCLEO-L496ZG/Examples/Cortex/CORTEXM_ModePrivilege/EWARM/stm32l496xx_flash.icf
9a60b060057080989b0d426949e29b,,STM32Cube_FW_L4_V1.14.0/Projects/NUCLEO-L496ZG/Examples/Cortex/CORTEXM_ProcessStack/EWARM/stm32l496xx_flash.icf
9a60b060057080989b0d426949e29b,,STM32Cube_FW_L4_V1.14.0/Projects/NUCLEO-L496ZG/Examples/Cortex/CORTEXM_SysTick/EWARM/stm32l496xx_flash.icf
9a60b060057080989b0d426949e29b,,STM32Cube_FW_L4_V1.14.0/Projects/NUCLEO-L496ZG/Examples/Cortex/CORTEXM_MPU/EWARM/stm32l496xx_flash.icf
9a60b060057080989b0d426949e29b,,STM32Cube_FW_L4_V1.14.0/Projects/NUCLEO-L496ZG/Examples_MIX/UART/UART_HyperTerminal_IT/EWARM/stm32l496xx_flash.icf
9a60b060057080989b0d426949e29b,,STM32Cube_FW_L4_V1.14.0/Projects/NUCLEO-L496ZG/Examples_MIX/UART/UART_HyperTerminal_TxPolling_RxIT/EWARM/stm32l496xx_flash.icf
9a60b060057080989b0d426949e29b,,STM32Cube_FW_L4_V1.14.0/Projects/NUCLEO-L496ZG/Examples_MIX/DMA/DMA_FLASHToRAM/EWARM/stm32l496xx_flash.icf
9a60b060057080989b0d426949e29b,,STM32Cube_FW_L4_V1.14.0/Projects/NUCLEO-L496ZG/Examples_MIX/PWR/PWR_STOP1/EWARM/stm32l496xx_flash.icf
9a60b060057080989b0d426949e29b,,STM32Cube_FW_L4_V1.14.0/Projects/NUCLEO-L496ZG/Examples_MIX/PWR/PWR_STANDBY_RTC/EWARM/stm32l496xx_flash.icf
9a60b060057080989b0d426949e29b,,STM32Cube_FW_L4_V1.14.0/Projects/NUCLEO-L496ZG/Examples_MIX/SPI/SPI_FullDuplex_ComPolling/EWARM/stm32l496xx_flash.icf
9a60b060057080989b0d426949e29b,,STM32Cube_FW_L4_V1.14.0/Projects/NUCLEO-L496ZG/Examples_MIX/SPI/SPI_HalfDuplex_ComPollingIT/EWARM/stm32l496xx_flash.icf
9a60b060057080989b0d426949e29b,,STM32Cube_FW_L4_V1.14.0/Projects/NUCLEO-L496ZG/Examples_MIX/I2C/I2C_OneBoard_ComSlave7_10bits_IT/EWARM/stm32l496xx_flash.icf
9a60b060057080989b0d426949e29b,,STM32Cube_FW_L4_V1.14.0/Projects/NUCLEO-L496ZG/Examples_MIX/CRC/CRC_PolynomialUpdate/EWARM/stm32l496xx_flash.icf
9a60b060057080989b0d426949e29b,,STM32Cube_FW_L4_V1.14.0/Projects/NUCLEO-L496ZG/Examples_MIX/TIM/TIM_6Steps/EWARM/stm32l496xx_flash.icf
9a60b060057080989b0d426949e29b,,STM32Cube_FW_L4_V1.14.0/Projects/NUCLEO-L496ZG/Examples_LL/LPTIM/LPTIM_PulseCounter/EWARM/stm32l496xx_flash.icf
9a60b060057080989b0d426949e29b,,STM32Cube_FW_L4_V1.14.0/Projects/NUCLEO-L496ZG/Examples_LL/LPTIM/LPTIM_PulseCounter_Init/EWARM/stm32l496xx_flash.icf
9a60b060057080989b0d426949e29b,,STM32Cube_FW_L4_V1.14.0/Projects/NUCLEO-L496ZG/Examples_LL/ADC/ADC_Oversampling/EWARM/stm32l496xx_flash.icf
9a60b060057080989b0d426949e29b,,STM32Cube_FW_L4_V1.14.0/Projects/NUCLEO-L496ZG/Examples_LL/ADC/ADC_GroupsRegularInjected/EWARM/stm32l496xx_flash.icf
9a60b060057080989b0d426949e29b,,STM32Cube_FW_L4_V1.14.0/Projects/NUCLEO-L496ZG/Examples_LL/ADC/ADC_MultiChannelSingleConversion/EWARM/stm32l496xx_flash.icf
9a60b060057080989b0d426949e29b,,STM32Cube_FW_L4_V1.14.0/Projects/NUCLEO-L496ZG/Examples_LL/ADC/ADC_ContinuousConversion_TriggerSW/EWARM/stm32l496xx_flash.icf
9a60b060057080989b0d426949e29b,,STM32Cube_FW_L4_V1.14.0/Projects/NUCLEO-L496ZG/Examples_LL/ADC/ADC_SingleConversion_TriggerSW_IT/EWARM/stm32l496xx_flash.icf
9a60b060057080989b0d426949e29b,,STM32Cube_FW_L4_V1.14.0/Projects/NUCLEO-L496ZG/Examples_LL/ADC/ADC_ContinuousConversion_TriggerSW_Init/EWARM/stm32l496xx_flash.icf
9a60b060057080989b0d426949e29b,,STM32Cube_FW_L4_V1.14.0/Projects/NUCLEO-L496ZG/Examples_LL/ADC/ADC_SingleConversion_TriggerSW_DMA/EWARM/stm32l496xx_flash.icf
9a60b060057080989b0d426949e29b,,STM32Cube_FW_L4_V1.14.0/Projects/NUCLEO-L496ZG/Examples_LL/ADC/ADC_ContinuousConversion_TriggerSW_LowPower/EWARM/stm32l496xx_flash.icf
9a60b060057080989b0d426949e29b,,STM32Cube_FW_L4_V1.14.0/Projects/NUCLEO-L496ZG/Examples_LL/ADC/ADC_SingleConversion_TriggerTimer_DMA/EWARM/stm32l496xx_flash.icf
9a60b060057080989b0d426949e29b,,STM32Cube_FW_L4_V1.14.0/Projects/NUCLEO-L496ZG/Examples_LL/ADC/ADC_SingleConversion_TriggerSW/EWARM/stm32l496xx_flash.icf
9a60b060057080989b0d426949e29b,,STM32Cube_FW_L4_V1.14.0/Projects/NUCLEO-L496ZG/Examples_LL/ADC/ADC_MultimodeDualInterleaved/EWARM/stm32l496xx_flash.icf
9a60b060057080989b0d426949e29b,,STM32Cube_FW_L4_V1.14.0/Projects/NUCLEO-L496ZG/Examples_LL/ADC/ADC_AnalogWatchdog/EWARM/stm32l496xx_flash.icf
9a60b060057080989b0d426949e29b,,STM32Cube_FW_L4_V1.14.0/Projects/NUCLEO-L496ZG/Examples_LL/ADC/ADC_TemperatureSensor/EWARM/stm32l496xx_flash.icf
9a60b060057080989b0d426949e29b,,STM32Cube_FW_L4_V1.14.0/Projects/NUCLEO-L496ZG/Examples_LL/DMA/DMA_CopyFromFlashToMemory/EWARM/stm32l496xx_flash.icf
9a60b060057080989b0d426949e29b,,STM32Cube_FW_L4_V1.14.0/Projects/NUCLEO-L496ZG/Examples_LL/DMA/DMA_CopyFromFlashToMemory_Init/EWARM/stm32l496xx_flash.icf
9a60b060057080989b0d426949e29b,,STM32Cube_FW_L4_V1.14.0/Projects/NUCLEO-L496ZG/Examples_LL/RTC/RTC_ExitStandbyWithWakeUpTimer/EWARM/stm32l496xx_flash.icf
9a60b060057080989b0d426949e29b,,STM32Cube_FW_L4_V1.14.0/Projects/NUCLEO-L496ZG/Examples_LL/RTC/RTC_Alarm_Init/EWARM/stm32l496xx_flash.icf
9a60b060057080989b0d426949e29b,,STM32Cube_FW_L4_V1.14.0/Projects/NUCLEO-L496ZG/Examples_LL/RTC/RTC_Tamper/EWARM/stm32l496xx_flash.icf
9a60b060057080989b0d426949e29b,,STM32Cube_FW_L4_V1.14.0/Projects/NUCLEO-L496ZG/Examples_LL/RTC/RTC_ProgrammingTheWakeUpTimer/EWARM/stm32l496xx_flash.icf
9a60b060057080989b0d426949e29b,,STM32Cube_FW_L4_V1.14.0/Projects/NUCLEO-L496ZG/Examples_LL/RTC/RTC_Calendar/EWARM/stm32l496xx_flash.icf
9a60b060057080989b0d426949e29b,,STM32Cube_FW_L4_V1.14.0/Projects/NUCLEO-L496ZG/Examples_LL/RTC/RTC_TimeStamp/EWARM/stm32l496xx_flash.icf
9a60b060057080989b0d426949e29b,,STM32Cube_FW_L4_V1.14.0/Projects/NUCLEO-L496ZG/Examples_LL/RTC/RTC_Alarm/EWARM/stm32l496xx_flash.icf
9a60b060057080989b0d426949e29b,,STM32Cube_FW_L4_V1.14.0/Projects/NUCLEO-L496ZG/Examples_LL/UTILS/UTILS_ReadDeviceInfo/EWARM/stm32l496xx_flash.icf
9a60b060057080989b0d426949e29b,,STM32Cube_FW_L4_V1.14.0/Projects/NUCLEO-L496ZG/Examples_LL/UTILS/UTILS_ConfigureSystemClock/EWARM/stm32l496xx_flash.icf
9a60b060057080989b0d426949e29b,,STM32Cube_FW_L4_V1.14.0/Projects/NUCLEO-L496ZG/Examples_LL/WWDG/WWDG_RefreshUntilUserEvent/EWARM/stm32l496xx_flash.icf
9a60b060057080989b0d426949e29b,,STM32Cube_FW_L4_V1.14.0/Projects/NUCLEO-L496ZG/Examples_LL/RNG/RNG_GenerateRandomNumbers_IT/EWARM/stm32l496xx_flash.icf
9a60b060057080989b0d426949e29b,,STM32Cube_FW_L4_V1.14.0/Projects/NUCLEO-L496ZG/Examples_LL/RNG/RNG_GenerateRandomNumbers/EWARM/stm32l496xx_flash.icf
9a60b060057080989b0d426949e29b,,STM32Cube_FW_L4_V1.14.0/Projects/NUCLEO-L496ZG/Examples_LL/CRS/CRS_Synchronization_IT/EWARM/stm32l496xx_flash.icf
9a60b060057080989b0d426949e29b,,STM32Cube_FW_L4_V1.14.0/Projects/NUCLEO-L496ZG/Examples_LL/CRS/CRS_Synchronization_Polling/EWARM/stm32l496xx_flash.icf
9a60b060057080989b0d426949e29b,,STM32Cube_FW_L4_V1.14.0/Projects/NUCLEO-L496ZG/Examples_LL/USART/USART_Communication_Rx_IT_Continuous/EWARM/stm32l496xx_flash.icf
9a60b060057080989b0d426949e29b,,STM32Cube_FW_L4_V1.14.0/Projects/NUCLEO-L496ZG/Examples_LL/USART/USART_SyncCommunication_FullDuplex_DMA/EWARM/stm32l496xx_flash.icf
9a60b060057080989b0d426949e29b,,STM32Cube_FW_L4_V1.14.0/Projects/NUCLEO-L496ZG/Examples_LL/USART/USART_SyncCommunication_FullDuplex_IT/EWARM/stm32l496xx_flash.icf
9a60b060057080989b0d426949e29b,,STM32Cube_FW_L4_V1.14.0/Projects/NUCLEO-L496ZG/Examples_LL/USART/USART_Communication_Rx_IT/EWARM/stm32l496xx_flash.icf
9a60b060057080989b0d426949e29b,,STM32Cube_FW_L4_V1.14.0/Projects/NUCLEO-L496ZG/Examples_LL/USART/USART_Communication_Tx_IT/EWARM/stm32l496xx_flash.icf
9a60b060057080989b0d426949e29b,,STM32Cube_FW_L4_V1.14.0/Projects/NUCLEO-L496ZG/Examples_LL/USART/USART_Communication_Tx/EWARM/stm32l496xx_flash.icf
9a60b060057080989b0d426949e29b,,STM32Cube_FW_L4_V1.14.0/Projects/NUCLEO-L496ZG/Examples_LL/USART/USART_Communication_TxRx_DMA/EWARM/stm32l496xx_flash.icf
9a60b060057080989b0d426949e29b,,STM32Cube_FW_L4_V1.14.0/Projects/NUCLEO-L496ZG/Examples_LL/USART/USART_WakeUpFromStop1/EWARM/stm32l496xx_flash.icf
9a60b060057080989b0d426949e29b,,STM32Cube_FW_L4_V1.14.0/Projects/NUCLEO-L496ZG/Examples_LL/USART/USART_Communication_Rx_IT_Init/EWARM/stm32l496xx_flash.icf
9a60b060057080989b0d426949e29b,,STM32Cube_FW_L4_V1.14.0/Projects/NUCLEO-L496ZG/Examples_LL/USART/USART_HardwareFlowControl/EWARM/stm32l496xx_flash.icf
9a60b060057080989b0d426949e29b,,STM32Cube_FW_L4_V1.14.0/Projects/NUCLEO-L496ZG/Examples_LL/LPUART/LPUART_WakeUpFromStop2/EWARM/stm32l496xx_flash.icf
9a60b060057080989b0d426949e29b,,STM32Cube_FW_L4_V1.14.0/Projects/NUCLEO-L496ZG/Examples_LL/LPUART/LPUART_WakeUpFromStop2_Init/EWARM/stm32l496xx_flash.icf
9a60b060057080989b0d426949e29b,,STM32Cube_FW_L4_V1.14.0/Projects/NUCLEO-L496ZG/Examples_LL/OPAMP/OPAMP_PGA/EWARM/stm32l496xx_flash.icf
9a60b060057080989b0d426949e29b,,STM32Cube_FW_L4_V1.14.0/Projects/NUCLEO-L496ZG/Examples_LL/OPAMP/OPAMP_PGA_Init/EWARM/stm32l496xx_flash.icf
9a60b060057080989b0d426949e29b,,STM32Cube_FW_L4_V1.14.0/Projects/NUCLEO-L496ZG/Examples_LL/GPIO/GPIO_InfiniteLedToggling_Init/EWARM/stm32l496xx_flash.icf
9a60b060057080989b0d426949e29b,,STM32Cube_FW_L4_V1.14.0/Projects/NUCLEO-L496ZG/Examples_LL/GPIO/GPIO_InfiniteLedToggling/EWARM/stm32l496xx_flash.icf
9a60b060057080989b0d426949e29b,,STM32Cube_FW_L4_V1.14.0/Projects/NUCLEO-L496ZG/Examples_LL/SWPMI/SWPMI_Loopback_MultiSWBuffer_Init/EWARM/stm32l496xx_flash.icf
9a60b060057080989b0d426949e29b,,STM32Cube_FW_L4_V1.14.0/Projects/NUCLEO-L496ZG/Examples_LL/SWPMI/SWPMI_Loopback_NoSWBuffer/EWARM/stm32l496xx_flash.icf
9a60b060057080989b0d426949e29b,,STM32Cube_FW_L4_V1.14.0/Projects/NUCLEO-L496ZG/Examples_LL/SWPMI/SWPMI_Loopback_MultiSWBuffer/EWARM/stm32l496xx_flash.icf
04d14817b8822d51c9d8a823f4b766,,STM32Cube_FW_L4_V1.14.0/Projects/NUCLEO-L496ZG/Examples_LL/IWDG/IWDG_RefreshUntilUserEvent/Src/stm32l4xx_it.c
9a60b060057080989b0d426949e29b,,STM32Cube_FW_L4_V1.14.0/Projects/NUCLEO-L496ZG/Examples_LL/IWDG/IWDG_RefreshUntilUserEvent/EWARM/stm32l496xx_flash.icf
9a60b060057080989b0d426949e29b,,STM32Cube_FW_L4_V1.14.0/Projects/NUCLEO-L496ZG/Examples_LL/PWR/PWR_EnterStandbyMode/EWARM/stm32l496xx_flash.icf
9a60b060057080989b0d426949e29b,,STM32Cube_FW_L4_V1.14.0/Projects/NUCLEO-L496ZG/Examples_LL/PWR/PWR_OptimizedRunMode/EWARM/stm32l496xx_flash.icf
9a60b060057080989b0d426949e29b,,STM32Cube_FW_L4_V1.14.0/Projects/NUCLEO-L496ZG/Examples_LL/PWR/PWR_EnterStopMode/EWARM/stm32l496xx_flash.icf
9a60b060057080989b0d426949e29b,,STM32Cube_FW_L4_V1.14.0/Projects/NUCLEO-L496ZG/Examples_LL/SPI/SPI_OneBoard_HalfDuplex_IT/EWARM/stm32l496xx_flash.icf
9a60b060057080989b0d426949e29b,,STM32Cube_FW_L4_V1.14.0/Projects/NUCLEO-L496ZG/Examples_LL/SPI/SPI_OneBoard_HalfDuplex_DMA/EWARM/stm32l496xx_flash.icf
9a60b060057080989b0d426949e29b,,STM32Cube_FW_L4_V1.14.0/Projects/NUCLEO-L496ZG/Examples_LL/SPI/SPI_TwoBoards_FullDuplex_DMA/EWARM/stm32l496xx_flash.icf
9a60b060057080989b0d426949e29b,,STM32Cube_FW_L4_V1.14.0/Projects/NUCLEO-L496ZG/Examples_LL/SPI/SPI_TwoBoards_FullDuplex_IT/EWARM/stm32l496xx_flash.icf
9a60b060057080989b0d426949e29b,,STM32Cube_FW_L4_V1.14.0/Projects/NUCLEO-L496ZG/Examples_LL/SPI/SPI_OneBoard_HalfDuplex_DMA_Init/EWARM/stm32l496xx_flash.icf
9a60b060057080989b0d426949e29b,,STM32Cube_FW_L4_V1.14.0/Projects/NUCLEO-L496ZG/Examples_LL/CORTEX/CORTEX_MPU/EWARM/stm32l496xx_flash.icf
9a60b060057080989b0d426949e29b,,STM32Cube_FW_L4_V1.14.0/Projects/NUCLEO-L496ZG/Examples_LL/RCC/RCC_OutputSystemClockOnMCO/EWARM/stm32l496xx_flash.icf
9a60b060057080989b0d426949e29b,,STM32Cube_FW_L4_V1.14.0/Projects/NUCLEO-L496ZG/Examples_LL/RCC/RCC_UseHSEasSystemClock/EWARM/stm32l496xx_flash.icf
9a60b060057080989b0d426949e29b,,STM32Cube_FW_L4_V1.14.0/Projects/NUCLEO-L496ZG/Examples_LL/RCC/RCC_UseHSI_PLLasSystemClock/EWARM/stm32l496xx_flash.icf
9a60b060057080989b0d426949e29b,,STM32Cube_FW_L4_V1.14.0/Projects/NUCLEO-L496ZG/Examples_LL/RCC/RCC_HWAutoMSICalibration/EWARM/stm32l496xx_flash.icf
9a60b060057080989b0d426949e29b,,STM32Cube_FW_L4_V1.14.0/Projects/NUCLEO-L496ZG/Examples_LL/I2C/I2C_TwoBoards_WakeUpFromStop2_IT/EWARM/stm32l496xx_flash.icf
9a60b060057080989b0d426949e29b,,STM32Cube_FW_L4_V1.14.0/Projects/NUCLEO-L496ZG/Examples_LL/I2C/I2C_TwoBoards_MasterRx_SlaveTx_IT/EWARM/stm32l496xx_flash.icf
9a60b060057080989b0d426949e29b,,STM32Cube_FW_L4_V1.14.0/Projects/NUCLEO-L496ZG/Examples_LL/I2C/I2C_OneBoard_Communication_IT_Init/EWARM/stm32l496xx_flash.icf
9a60b060057080989b0d426949e29b,,STM32Cube_FW_L4_V1.14.0/Projects/NUCLEO-L496ZG/Examples_LL/I2C/I2C_TwoBoards_MasterTx_SlaveRx/EWARM/stm32l496xx_flash.icf
9a60b060057080989b0d426949e29b,,STM32Cube_FW_L4_V1.14.0/Projects/NUCLEO-L496ZG/Examples_LL/I2C/I2C_TwoBoards_MasterTx_SlaveRx_DMA/EWARM/stm32l496xx_flash.icf
9a60b060057080989b0d426949e29b,,STM32Cube_FW_L4_V1.14.0/Projects/NUCLEO-L496ZG/Examples_LL/I2C/I2C_OneBoard_Communication_DMAAndIT/EWARM/stm32l496xx_flash.icf
9a60b060057080989b0d426949e29b,,STM32Cube_FW_L4_V1.14.0/Projects/NUCLEO-L496ZG/Examples_LL/I2C/I2C_OneBoard_Communication_IT/EWARM/stm32l496xx_flash.icf
9a60b060057080989b0d426949e29b,,STM32Cube_FW_L4_V1.14.0/Projects/NUCLEO-L496ZG/Examples_LL/I2C/I2C_OneBoard_Communication_PollingAndIT/EWARM/stm32l496xx_flash.icf
9a60b060057080989b0d426949e29b,,STM32Cube_FW_L4_V1.14.0/Projects/NUCLEO-L496ZG/Examples_LL/I2C/I2C_OneBoard_AdvCommunication_DMAAndIT/EWARM/stm32l496xx_flash.icf
9a60b060057080989b0d426949e29b,,STM32Cube_FW_L4_V1.14.0/Projects/NUCLEO-L496ZG/Examples_LL/DAC/DAC_GenerateConstantSignal_TriggerSW_LP/EWARM/stm32l496xx_flash.icf
9a60b060057080989b0d426949e29b,,STM32Cube_FW_L4_V1.14.0/Projects/NUCLEO-L496ZG/Examples_LL/DAC/DAC_GenerateWaveform_TriggerHW/EWARM/stm32l496xx_flash.icf
9a60b060057080989b0d426949e29b,,STM32Cube_FW_L4_V1.14.0/Projects/NUCLEO-L496ZG/Examples_LL/DAC/DAC_GenerateWaveform_TriggerHW_Init/EWARM/stm32l496xx_flash.icf
9a60b060057080989b0d426949e29b,,STM32Cube_FW_L4_V1.14.0/Projects/NUCLEO-L496ZG/Examples_LL/DAC/DAC_GenerateConstantSignal_TriggerSW/EWARM/stm32l496xx_flash.icf
9a60b060057080989b0d426949e29b,,STM32Cube_FW_L4_V1.14.0/Projects/NUCLEO-L496ZG/Examples_LL/CRC/CRC_UserDefinedPolynomial/EWARM/stm32l496xx_flash.icf
9a60b060057080989b0d426949e29b,,STM32Cube_FW_L4_V1.14.0/Projects/NUCLEO-L496ZG/Examples_LL/CRC/CRC_CalculateAndCheck/EWARM/stm32l496xx_flash.icf
9a60b060057080989b0d426949e29b,,STM32Cube_FW_L4_V1.14.0/Projects/NUCLEO-L496ZG/Examples_LL/TIM/TIM_DMA/EWARM/stm32l496xx_flash.icf
9a60b060057080989b0d426949e29b,,STM32Cube_FW_L4_V1.14.0/Projects/NUCLEO-L496ZG/Examples_LL/TIM/TIM_InputCapture/EWARM/stm32l496xx_flash.icf
9a60b060057080989b0d426949e29b,,STM32Cube_FW_L4_V1.14.0/Projects/NUCLEO-L496ZG/Examples_LL/TIM/TIM_PWMOutput/EWARM/stm32l496xx_flash.icf
9a60b060057080989b0d426949e29b,,STM32Cube_FW_L4_V1.14.0/Projects/NUCLEO-L496ZG/Examples_LL/TIM/TIM_PWMOutput_Init/EWARM/stm32l496xx_flash.icf
9a60b060057080989b0d426949e29b,,STM32Cube_FW_L4_V1.14.0/Projects/NUCLEO-L496ZG/Examples_LL/TIM/TIM_OutputCompare/EWARM/stm32l496xx_flash.icf
9a60b060057080989b0d426949e29b,,STM32Cube_FW_L4_V1.14.0/Projects/NUCLEO-L496ZG/Examples_LL/TIM/TIM_BreakAndDeadtime/EWARM/stm32l496xx_flash.icf
9a60b060057080989b0d426949e29b,,STM32Cube_FW_L4_V1.14.0/Projects/NUCLEO-L496ZG/Examples_LL/TIM/TIM_TimeBase/EWARM/stm32l496xx_flash.icf
9a60b060057080989b0d426949e29b,,STM32Cube_FW_L4_V1.14.0/Projects/NUCLEO-L496ZG/Examples_LL/TIM/TIM_OnePulse/EWARM/stm32l496xx_flash.icf
9a60b060057080989b0d426949e29b,,STM32Cube_FW_L4_V1.14.0/Projects/NUCLEO-L496ZG/Examples_LL/COMP/COMP_CompareGpioVsVrefInt_Window_IT/EWARM/stm32l496xx_flash.icf
9a60b060057080989b0d426949e29b,,STM32Cube_FW_L4_V1.14.0/Projects/NUCLEO-L496ZG/Examples_LL/COMP/COMP_CompareGpioVsVrefInt_IT/EWARM/stm32l496xx_flash.icf
9a60b060057080989b0d426949e29b,,STM32Cube_FW_L4_V1.14.0/Projects/NUCLEO-L496ZG/Examples_LL/COMP/COMP_CompareGpioVsVrefInt_IT_Init/EWARM/stm32l496xx_flash.icf
9a60b060057080989b0d426949e29b,,STM32Cube_FW_L4_V1.14.0/Projects/NUCLEO-L496ZG/Examples_LL/COMP/COMP_CompareGpioVsVrefInt_OutputGpio/EWARM/stm32l496xx_flash.icf
9a60b060057080989b0d426949e29b,,STM32Cube_FW_L4_V1.14.0/Projects/NUCLEO-L496ZG/Examples_LL/EXTI/EXTI_ToggleLedOnIT_Init/EWARM/stm32l496xx_flash.icf
9a60b060057080989b0d426949e29b,,STM32Cube_FW_L4_V1.14.0/Projects/NUCLEO-L496ZG/Examples_LL/EXTI/EXTI_ToggleLedOnIT/EWARM/stm32l496xx_flash.icf
6f0cbeb3428bcf56bf38a6c32b9ee6,,STM32Cube_FW_L4_V1.14.0/Projects/NUCLEO-L412RB-P/Applications/FreeRTOS/FreeRTOS_Queues/Src/stm32l4xx_it.c
f4271e00654dca1a3af4cb6961c145,,Packs/STMicroelectronics/X-CUBE-AI/5.1.2/Utilities/linux/scipy/signal/spline.cpython-35m-x86_64-linux-gnu.so
0d6c6f23d56a75f827e29142db960d,,Packs/STMicroelectronics/X-CUBE-AI/5.1.2/Utilities/linux/scipy/sparse/tests/test_construct.py
7d35369d4c1651458c8e007277391f,,Packs/STMicroelectronics/X-CUBE-AI/5.1.2/Utilities/linux/scipy/interpolate/tests/data/estimate_gradients_hang.npy
2ce62bc6e166e45d306a0458d04ec0,,Packs/STMicroelectronics/X-CUBE-AI/5.1.2/Utilities/linux/tensorboard/compat/proto/saver_pb2.py
658c822220893266eae22dc14dff01,,Packs/STMicroelectronics/X-CUBE-AI/5.1.2/Utilities/linux/tk/clrpick.tcl
286d42f0efe0de03e5c771dded643e,,Packs/STMicroelectronics/X-CUBE-AI/5.1.2/Utilities/linux/onnx/version_converter/BaseConverter.h
c079a9c24cba1c7afb90776ee03456,,Packs/STMicroelectronics/X-CUBE-AI/5.1.2/Utilities/linux/theano/pathparse.py
aad3a3423af25acb7a99629ab376ac,,Packs/STMicroelectronics/X-CUBE-AI/5.1.2/Utilities/linux/generate/tflite/SqueezeOptions.py
3d8db52ca3c6e5b66d30e2f7863fb7,,Packs/STMicroelectronics/X-CUBE-AI/5.1.2/Utilities/linux/tensorflow_core/core/framework/summary_pb2.py
b5f2de97040e50b2a299b2672a2db7,,Packs/STMicroelectronics/X-CUBE-AI/5.1.2/Utilities/linux/tensorflow_core/python/ops/distributions/special_math.py
92f3402dfb53bfaaeff4979dc1902d,,Packs/STMicroelectronics/X-CUBE-AI/5.1.2/Utilities/linux/tensorflow_core/python/keras/api/_v2/keras/datasets/fashion_mnist/__init__.py
c2c6d3ec2eb1788ccb602add79912d,,Packs/STMicroelectronics/X-CUBE-AI/5.1.2/Utilities/linux/tensorflow_core/python/profiler/internal/flops_registry.py
9e2193b03ea358803a0c90fdc549f5,,Packs/STMicroelectronics/X-CUBE-AI/5.1.2/Utilities/linux/tensorflow_core/python/saved_model/builder_impl.py
f9a82b5f141e52b971026799605022,,Packs/STMicroelectronics/X-CUBE-AI/5.1.2/Utilities/linux/tensorflow_core/python/distribute/tpu_strategy.py
cd44c0066989a034fecc349447f421,,Packs/STMicroelectronics/X-CUBE-AI/5.1.2/Utilities/linux/tensorflow_core/python/estimator/export/export_lib.py
11b3d8557dc75fb81d10a568465717,,Packs/STMicroelectronics/X-CUBE-AI/5.1.2/Utilities/linux/tensorflow_core/include/external/aws/aws-cpp-sdk-s3/include/aws/s3/model/CreateBucketConfiguration.h
93e9ae8148b96e378f4588b3fa5aa8,,Packs/STMicroelectronics/X-CUBE-AI/5.1.2/Utilities/linux/tensorflow_core/include/external/aws/aws-cpp-sdk-kinesis/include/aws/kinesis/model/ListTagsForStreamRequest.h
c66ae8eb0a9a24fcf333d7b741d3bb,,Packs/STMicroelectronics/X-CUBE-AI/5.1.2/Utilities/linux/tensorflow_core/include/tensorflow/core/common_runtime/device_set.h
c5fdeb28f726c19808e3bade4169fc,,Packs/STMicroelectronics/X-CUBE-AI/5.1.2/Utilities/linux/tensorflow_core/include/tensorflow/core/lib/random/distribution_sampler74d9a36a7d599a2612d2e41ee6ea62,,Debug/Drivers/STM32F4xx_HAL_Driver/Src/stm32f4xx_hal_i2s.d
