76affe7f3c102b42fae48b84564a49,,STM32Cube_FW_L4_V1.14.0/Middlewares/Third_Party/FreeRTOS/Source/portable/GCC/ARM_CM0/port.c
9228dc5dfa6aab2dbc5f58f6599433,,STM32Cube_FW_L4_V1.14.0/Middlewares/ST/STemWin/inc/WINDOW_Private.h
b419e9d7f49a67688811205ad0d783,,STM32Cube_FW_L4_V1.14.0/Middlewares/ST/STemWin/Lib/STemWin_CM4_OS_wc16.a
495f7d557b03c1c29037fc7f7586fb,,STM32Cube_FW_L4_V1.14.0/Middlewares/ST/STemWin/Config/LCDConf_FlexColor_Template.c
854775173f300d630f57a2776ad3b1,,STM32Cube_FW_L4_V1.14.0/Drivers/CMSIS/Lib/IAR/iar_cortexM4l_math.a
a5cc747380bc3d26aeb99c2c2a2475,,STM32Cube_FW_L4_V1.14.0/Drivers/CMSIS/Core/Template/ARMv8-M/main_s.c
5ae8902d94bc655eaa3299dc1b1538,,STM32Cube_FW_L4_V1.14.0/Drivers/CMSIS/NN/Scripts/NNFunctions/fully_connected_opt_weight_generation.py
b92875f8f02776a81d372d6f9c8cef,,STM32Cube_FW_L4_V1.14.0/Drivers/CMSIS/docs/Core_A/html/group__CMSIS__DACR.js
c08e4b8d416952336ca06dd19ef665,,STM32Cube_FW_L4_V1.14.0/Drivers/CMSIS/DSP/DSP_Lib_TestSuite/Common/src/controller_tests/pid_reset_tests.c
b48dd3d82a279bd590939f3c3b0b6b,,STM32Cube_FW_L4_V1.14.0/Drivers/CMSIS/DSP/Source/SupportFunctions/arm_q15_to_float.c
acd4f6737e4258e2194e00a28283cb,,STM32Cube_FW_L4_V1.14.0/Drivers/CMSIS/DSP/Source/BasicMathFunctions/arm_negate_q15.c
3a06cf7ded58b1f5a3dcc7077c4b67,,STM32Cube_FW_L4_V1.14.0/Projects/32L496GDISCOVERY/Examples/DMA2D/DMA2D_MemToMemWithLCD/Src/stm32l4xx_hal_msp.c
7a5232b23e1ee0545b2091b75bb0f6,,STM32Cube_FW_L4_V1.14.0/Projects/32L476GDISCOVERY/Applications/USB_Device/HID_Standalone_BCD/MDK-ARM/startup_stm32l476xx.s
7a5232b23e1ee0545b2091b75bb0f6,,STM32Cube_FW_L4_V1.14.0/Projects/32L476GDISCOVERY/Applications/FreeRTOS/FreeRTOS_ThreadCreation/MDK-ARM/startup_stm32l476xx.s
c9b6084854dcde4c94b00c3f7bcdd0,,STM32Cube_FW_L4_V1.14.0/Projects/32L476GDISCOVERY/Examples/BSP/Src/accelero.c
d468fc3d694aa73e8237d588016b96,,STM32Cube_FW_L4_V1.14.0/Projects/STM32L4R9I-EVAL/Applications/STemWin/MB1315/SampleDemo/Core/Src/main.c
2e2a5839dec9bfd25342c679d24ef4,,STM32Cube_FW_L4_V1.14.0/Projects/STM32L4R9I-EVAL/Examples/GPIO/GPIO_IOToggle/Inc/main.h
7f963824ae353a2e9a3f8b630c99ff,,STM32Cube_FW_L4_V1.14.0/Projects/STM32L4R9I-EVAL/Examples/DFSDM/DFSDM_AudioRecord/Inc/stm32l4xx_it.h
8d3758cf99777ab1485f28853a40c0,,STM32Cube_FW_L4_V1.14.0/Projects/STM32L4R9I-EVAL/Demonstrations/STemWin/MB1314/Gui/Core/audio_recorder/generated/recording_cercle3.c
ef544f43a1a4e9f71f7b63c7d4b05b,,STM32Cube_FW_L4_V1.14.0/Projects/STM32L4R9I-EVAL/Demonstrations/MenuLauncher/MB1314/Core/Inc/main.h
95b49ed682df71de305dfbee71d1a3,,STM32Cube_FW_L4_V1.14.0/Projects/STM32L4R9I-EVAL/Demonstrations/MenuLauncher/MB1314/Gui/App/generated/information.c
d81fed060943f5d723ac1fb9f503f0,,STM32Cube_FW_L4_V1.14.0/Projects/B-L475E-IOT01A/Applications/USB_Host/MSC_Standalone/Src/main.c
eadb98e26d9b74c125d529d2f9233d,,STM32Cube_FW_L4_V1.14.0/Projects/B-L475E-IOT01A/Applications/Proximity/Src/main.c
853f487b445e721d9e0a2fe7b3d3c1,,STM32Cube_FW_L4_V1.14.0/Projects/32L4R9IDISCOVERY/Templates/SW4STM32/STM32L4R9I-Discovery/STM32L4R9AIIx_FLASH.ld
7f963824ae353a2e9a3f8b630c99ff,,STM32Cube_FW_L4_V1.14.0/Projects/32L4R9IDISCOVERY/Examples/DFSDM/DFSDM_AudioRecord/Inc/stm32l4xx_it.h
8d3758cf99777ab1485f28853a40c0,,STM32Cube_FW_L4_V1.14.0/Projects/32L4R9IDISCOVERY/Demonstrations/STemWin/Gui/Core/audio_recorder/generated/recording_cercle3.c
b36742778fed1bca9621ce76e7fd46,,STM32Cube_FW_L4_V1.14.0/Projects/NUCLEO-L452RE/Applications/USB_Device/HID_Standalone_LPM/Inc/usbd_desc.h
01b176a8f4bf29bab51ee48fc7db69,,STM32Cube_FW_L4_V1.14.0/Projects/NUCLEO-L452RE/Examples/ADC/ADC_DMA_Transfer/Src/main.c
847cb38fc29ac6b1d019b359690f0f,,STM32Cube_FW_L4_V1.14.0/Projects/NUCLEO-L452RE/Examples/PWR/PWR_ModesSelection/Src/run_range1_test.c
cfc036f30a3d76dea4ed5d3fd4881e,,STM32Cube_FW_L4_V1.14.0/Projects/NUCLEO-L452RE/Examples/DAC/DAC_SimpleConversion/Inc/stm32l4xx_it.h
7347d713563a8a699962413e64ca16,,STM32Cube_FW_L4_V1.14.0/Projects/NUCLEO-L452RE/Examples/TIM/TIM_TimeBase/Src/stm32l4xx_hal_msp.c
11af6d14fb7dbb9adb1b82e9607ec9,,STM32Cube_FW_L4_V1.14.0/Projects/NUCLEO-L4R5ZI/Applications/USB_Host/MSC_Standalone/MDK-ARM/startup_stm32l4r5xx.s
11af6d14fb7dbb9adb1b82e9607ec9,,STM32Cube_FW_L4_V1.14.0/Projects/NUCLEO-L4R5ZI/Applications/USB_Host/HID_Standalone/MDK-ARM/startup_stm32l4r5xx.s
7a5232b23e1ee0545b2091b75bb0f6,,STM32Cube_FW_L4_V1.14.0/Projects/NUCLEO-L476RG/Applications/FreeRTOS/FreeRTOS_ThreadCreation/MDK-ARM/startup_stm32l476xx.s
382a5995214c8dd37671eeb0656abb,,STM32Cube_FW_L4_V1.14.0/Projects/NUCLEO-L476RG/Examples/FIREWALL/FIREWALL_VolatileData_Executable/TrueSTUDIO/STM32L476RG_NUCLEO/STM32L476RG_FLASH.ld
847cb38fc29ac6b1d019b359690f0f,,STM32Cube_FW_L4_V1.14.0/Projects/NUCLEO-L476RG/Examples/PWR/PWR_ModesSelection/Src/run_range1_test.c
cfc036f30a3d76dea4ed5d3fd4881e,,STM32Cube_FW_L4_V1.14.0/Projects/NUCLEO-L476RG/Examples/DAC/DAC_SimpleConversion/Inc/stm32l4xx_it.h
ada4aa12809d07a1329792a00e1cba,,STM32Cube_FW_L4_V1.14.0/Projects/NUCLEO-L476RG/Examples_MIX/OPAMP/OPAMP_CALIBRATION/Src/main.c
17fee47f9fd9248e736c03d1f83c9d,,STM32Cube_FW_L4_V1.14.0/Projects/NUCLEO-L476RG/Examples_LL/OPAMP/OPAMP_PGA/Src/main.c
b610133a723cbb646e1be23a8b2a5a,,STM32Cube_FW_L4_V1.14.0/Projects/NUCLEO-L476RG/Examples_LL/I2C/I2C_OneBoard_AdvCommunication_DMAAndIT/Inc/stm32l4xx_it.h
cdf98437208ca756d25ac54a9b712c,,STM32Cube_FW_L4_V1.14.0/Projects/NUCLEO-L476RG/Examples_LL/TIM/TIM_DMA/Inc/stm32l4xx_it.h
06d4fa0c732582c57fdc6c6fbc767b,,STM32Cube_FW_L4_V1.14.0/Projects/NUCLEO-L476RG/Examples_LL/COMP/COMP_CompareGpioVsVrefInt_IT/Src/main.c
847cb38fc29ac6b1d019b359690f0f,,STM32Cube_FW_L4_V1.14.0/Projects/NUCLEO-L432KC/Examples/PWR/PWR_ModesSelection/Src/run_range1_test.c
7347d713563a8a699962413e64ca16,,STM32Cube_FW_L4_V1.14.0/Projects/NUCLEO-L432KC/Examples/TIM/TIM_TimeBase/Src/stm32l4xx_hal_msp.c
f443a23e4b47ee76643a189baef6bf,,STM32Cube_FW_L4_V1.14.0/Projects/NUCLEO-L432KC/Examples/COMP/COMP_Interrupt/Inc/main.h
7a5232b23e1ee0545b2091b75bb0f6,,STM32Cube_FW_L4_V1.14.0/Projects/STM32L476G-EVAL/Applications/USB_Device/HID_Standalone_BCD/MDK-ARM/startup_stm32l476xx.s
2d77c08a8b2a3519c9657e0e27b73f,,STM32Cube_FW_L4_V1.14.0/Projects/STM32L476G-EVAL/Applications/USB_Device/MSC_Standalone/Src/usbd_storage.c
7a5232b23e1ee0545b2091b75bb0f6,,STM32Cube_FW_L4_V1.14.0/Projects/STM32L476G-EVAL/Applications/USB_Device/CustomHID_Standalone/MDK-ARM/startup_stm32l476xx.s
7a5232b23e1ee0545b2091b75bb0f6,,STM32Cube_FW_L4_V1.14.0/Projects/STM32L476G-EVAL/Applications/USB_Device/HID_Standalone/MDK-ARM/startup_stm32l476xx.s
7a5232b23e1ee0545b2091b75bb0f6,,STM32Cube_FW_L4_V1.14.0/Projects/STM32L476G-EVAL/Applications/TouchSensing/TouchSensing_1touchkey/MDK-ARM/startup_stm32l476xx.s
7a5232b23e1ee0545b2091b75bb0f6,,STM32Cube_FW_L4_V1.14.0/Projects/STM32L476G-EVAL/Applications/FreeRTOS/FreeRTOS_Timers/MDK-ARM/startup_stm32l476xx.s
7a5232b23e1ee0545b2091b75bb0f6,,STM32Cube_FW_L4_V1.14.0/Projects/STM32L476G-EVAL/Applications/FreeRTOS/FreeRTOS_Mutexes/MDK-ARM/startup_stm32l476xx.s
7a5232b23e1ee0545b2091b75bb0f6,,STM32Cube_FW_L4_V1.14.0/Projects/STM32L476G-EVAL/Applications/FreeRTOS/FreeRTOS_Semaphore/MDK-ARM/startup_stm32l476xx.s
7a5232b23e1ee0545b2091b75bb0f6,,STM32Cube_FW_L4_V1.14.0/Projects/STM32L476G-EVAL/Applications/FreeRTOS/FreeRTOS_Queues/MDK-ARM/startup_stm32l476xx.s
7a5232b23e1ee0545b2091b75bb0f6,,STM32Cube_FW_L4_V1.14.0/Projects/STM32L476G-EVAL/Applications/FreeRTOS/FreeRTOS_ThreadCreation/MDK-ARM/startup_stm32l476xx.s
7a5232b23e1ee0545b2091b75bb0f6,,STM32Cube_FW_L4_V1.14.0/Projects/STM32L476G-EVAL/Applications/FreeRTOS/FreeRTOS_SemaphoreFromISR/MDK-ARM/startup_stm32l476xx.s
7a5232b23e1ee0545b2091b75bb0f6,,STM32Cube_FW_L4_V1.14.0/Projects/STM32L476G-EVAL/Applications/FreeRTOS/FreeRTOS_SignalFromISR/MDK-ARM/startup_stm32l476xx.s
7a5232b23e1ee0545b2091b75bb0f6,,STM32Cube_FW_L4_V1.14.0/Projects/STM32L476G-EVAL/Applications/FreeRTOS/FreeRTOS_LowPower/MDK-ARM/startup_stm32l476xx.s
7a5232b23e1ee0545b2091b75bb0f6,,STM32Cube_FW_L4_V1.14.0/Projects/STM32L476G-EVAL/Applications/FreeRTOS/FreeRTOS_Mail/MDK-ARM/startup_stm32l476xx.s
7a5232b23e1ee0545b2091b75bb0f6,,STM32Cube_FW_L4_V1.14.0/Projects/STM32L476G-EVAL/Applications/FreeRTOS/FreeRTOS_Signal/MDK-ARM/startup_stm32l476xx.s
44539911871921761b7a671dbba2f8,,STM32Cube_FW_L4_V1.14.0/Projects/STM32L476G-EVAL/Examples/WWDG/WWDG_Example/Inc/main.h
a065d141022f0f351115c12544edb8,,STM32Cube_FW_L4_V1.14.0/Projects/STM32L476G-EVAL/Examples/TSC/TSC_BasicAcquisition_Interrupt/Inc/stm32l4xx_hal_conf.h
cfc036f30a3d76dea4ed5d3fd4881e,,STM32Cube_FW_L4_V1.14.0/Projects/STM32L476G-EVAL/Examples/DAC/DAC_SimpleConversion/Inc/stm32l4xx_it.h
7f963824ae353a2e9a3f8b630c99ff,,STM32Cube_FW_L4_V1.14.0/Projects/STM32L476G-EVAL/Examples/DFSDM/DFSDM_AudioRecord/Inc/stm32l4xx_it.h
81ec5a7c29a2245b22eba264822f78,,STM32Cube_FW_L4_V1.14.0/Projects/NUCLEO-L496ZG/Examples/OPAMP/OPAMP_STANDALONE/Src/stm32l4xx_it.c
cfc036f30a3d76dea4ed5d3fd4881e,,STM32Cube_FW_L4_V1.14.0/Projects/NUCLEO-L496ZG/Examples/DAC/DAC_SimpleConversion/Inc/stm32l4xx_it.h
7347d713563a8a699962413e64ca16,,STM32Cube_FW_L4_V1.14.0/Projects/NUCLEO-L496ZG/Examples/TIM/TIM_TimeBase/Src/stm32l4xx_hal_msp.c
b610133a723cbb646e1be23a8b2a5a,,STM32Cube_FW_L4_V1.14.0/Projects/NUCLEO-L496ZG/Examples_LL/I2C/I2C_OneBoard_AdvCommunication_DMAAndIT/Inc/stm32l4xx_it.h
cdf98437208ca756d25ac54a9b712c,,STM32Cube_FW_L4_V1.14.0/Projects/NUCLEO-L496ZG/Examples_LL/TIM/TIM_DMA/Inc/stm32l4xx_it.h
c54f7186abadd8a4f8913a831be43b,,STM32Cube_FW_L4_V1.14.0/Projects/NUCLEO-L412RB-P/Applications/USB_Device/HID_Standalone_LPM/Src/stm32l4xx_it.c
07b6a638b110a130a7bf4acb873257,,STM32Cube_FW_L4_V1.14.0/Projects/NUCLEO-L412RB-P/Examples/ADC/ADC_DualModeInterleaved/Inc/stm32l4xx_it.h
635a126db280329c18a059d9c219d1,,Packs/STMicroelectronics/X-CUBE-AI/5.1.2/Utilities/linux/scipy/optimize/_lsq/bvls.py
4e343e12fc7c0d4206fdc293c6d1d2,,Packs/STMicroelectronics/X-CUBE-AI/5.1.2/Utilities/linux/tensorboard/_vendor/html5lib/treebuilders/etree.py
290e2c3b8a8ee38642c23674b18c71,,Packs/STMicroelectronics/X-CUBE-AI/5.1.2/Utilities/linux/tcl/encoding/cp865.enc
234843f0db19fb2a8fdc8cf0e6925d,,Packs/STMicroelectronics/X-CUBE-AI/5.1.2/Utilities/linux/google/protobuf/internal/more_extensions_pb2.py
2929b556af7482062bd9dada44d9ac,,Packs/STMicroelectronics/X-CUBE-AI/5.1.2/Utilities/linux/onnx/backend/test/data/node/test_unique_sorted_with_negative_axis/model.onnx
e7a52921f613ac1199b9744ce3a669,,Packs/STMicroelectronics/X-CUBE-AI/5.1.2/Utilities/linux/onnx/backend/test/data/pytorch-converted/test_Softmax/test_data_set_0/input_0.pb
1b1f0deaf1e94ec48bfb60f4fe4308,,Packs/STMicroelectronics/X-CUBE-AI/5.1.2/Utilities/linux/theano/tensor/nnet/tests/test_opt.py
78464cf3227934e2a882e319153b45,,Packs/STMicroelectronics/X-CUBE-AI/5.1.2/Utilities/linux/js/node_modules/commander/index.js
19ce37e43d8e61f08aee5d0744dfde,,Packs/STMicroelectronics/X-CUBE-AI/5.1.2/Utilities/linux/tensorflow_core/python/util/tf_stack.py
5dccdc60f3676926c518545618f84b,,Packs/STMicroelectronics/X-CUBE-AI/5.1.2/Utilities/linux/tensorflow_core/python/data/experimental/ops/batching.py
3be1c9cb3b682c557a8d23e839671a,,Packs/STMicroelectronics/X-CUBE-AI/5.1.2/Utilities/linux/tensorflow_core/python/data/util/structure.py
dae9aa529a9aea029b8146e1160ba5,,Packs/STMicroelectronics/X-CUBE-AI/5.1.2/Utilities/linux/tensorflow_core/include/external/aws/aws-cpp-sdk-s3/include/aws/s3/model/ListObjectsRequest.h
9c34ac61bdabf499dad926d5cfb494,,Packs/STMicroelectronics/X-CUBE-AI/5.1.2/Utilities/linux/tensorflow_core/include/external/aws/aws-cpp-sdk-s3/include/aws/s3/model/TopicConfigurationDeprecated.h
6e08e875315a8a762df898b0721aaa,,Packs/STMicroelectronics/X-CUBE-AI/5.1.2/Utilities/linux/tensorflow_core/include/google/protobuf/compiler/plugin.pb.h
a92a68701e0afd3cd81d6b640e8d67,,Packs/STMicroelectronics/X-CUBE-AI/5.1.2/Utilities/linux/tensorflow_core/include/unsupported/Eigen/CXX11/src/Tensor/TensorArgMax.h
54705b485291c4673e3a00071422c2,,Packs/STMicroelectronics/X-CUBE-AI/5.1.2/Utilities/linux/tensorflow_core/include/unsupported/Eigen/CXX11/src/TensorSymmetry/DynamicSymmetry.h
e22c3fed69647368a5fee0f1516cf5,,Packs/STMicroelectronics/X-CUBE-AI/5.1.2/Utilities/linux/tensorflow_core/include/tensorflow/core/lib/core/blocking_counter.h
d98a8ebe50359f6904457ad925d4bf,,Packs/STMicroelectronics/X-CUBE-AI/5.1.2/Utilities/li