7f10a243cff554099e49ec345f7d55,,STM32Cube_FW_L4_V1.14.0/Middlewares/ST/STemWin/Lib/STemWin_CM4_OS_wc32_ot.a
4599e1d720718bd34bdfddc53aa5c5,,STM32Cube_FW_L4_V1.14.0/Drivers/BSP/Components/ft6x06/ft6x06.h
a8602a54fa4299cde5cd9aa8b86672,,STM32Cube_FW_L4_V1.14.0/Drivers/CMSIS/DSP/Source/FilteringFunctions/arm_biquad_cascade_stereo_df2T_f32.c
27c44fd127b077174e29b93c847fad,,STM32Cube_FW_L4_V1.14.0/Projects/NUCLEO-L433RC-P/Examples/PWR/PWR_STANDBY_SMPS/Src/stm32l4xx_it.c
4977a633aa2ee34163961226383cde,,STM32Cube_FW_L4_V1.14.0/Projects/32L496GDISCOVERY/Templates/Src/stm32l4xx_it.c
b90c8f3a08eb8e4aa1123f4dc205fe,,STM32Cube_FW_L4_V1.14.0/Projects/32L496GDISCOVERY/Examples/DMA/DMA_FLASHToRAM/Inc/stm32l4xx_it.h
d2c756da0b235517ebcf71ba844b57,,STM32Cube_FW_L4_V1.14.0/Projects/32L496GDISCOVERY/Examples/FLASH/FLASH_EraseProgram/Inc/main.h
64ba50ad09020b8f280595f8c18e86,,STM32Cube_FW_L4_V1.14.0/Projects/32L496GDISCOVERY/Demonstrations/Modules/common/audio_if.h
27c44fd127b077174e29b93c847fad,,STM32Cube_FW_L4_V1.14.0/Projects/NUCLEO-L496ZG-P/Examples/PWR/PWR_STANDBY_SMPS/Src/stm32l4xx_it.c
113a89960906ce5d04806567ca12b1,,STM32Cube_FW_L4_V1.14.0/Projects/STM32L4R9I-EVAL/Applications/STemWin/MB1315/SampleDemo/STemWin/App/GUIDEMO_Speed.c
64ba50ad09020b8f280595f8c18e86,,STM32Cube_FW_L4_V1.14.0/Projects/STM32L4R9I-EVAL/Demonstrations/STemWin/MB1314/Modules/common/audio_if.h
e87078400990581cfe7709f555dc73,,STM32Cube_FW_L4_V1.14.0/Projects/STM32L4R9I-EVAL/Demonstrations/MenuLauncher/MB1315/Gui/App/generated/touchgfx_icon.c
27c44fd127b077174e29b93c847fad,,STM32Cube_FW_L4_V1.14.0/Projects/NUCLEO-L452RE-P/Examples/PWR/PWR_STANDBY_SMPS/Src/stm32l4xx_it.c
64ba50ad09020b8f280595f8c18e86,,STM32Cube_FW_L4_V1.14.0/Projects/32L4R9IDISCOVERY/Demonstrations/STemWin/Modules/common/audio_if.h
b92f56774849c5c5f3f612cdef57ba,,STM32Cube_FW_L4_V1.14.0/Projects/32L4R9IDISCOVERY/Demonstrations/MenuLauncher/Core/Src/stm32l4xx_it.c
b90c8f3a08eb8e4aa1123f4dc205fe,,STM32Cube_FW_L4_V1.14.0/Projects/NUCLEO-L452RE/Examples/DMA/DMA_FLASHToRAM/Inc/stm32l4xx_it.h
abb05f9d74da12cf8a5b88ee8baaca,,STM32Cube_FW_L4_V1.14.0/Projects/NUCLEO-L4R5ZI/Examples/ADC/ADC_Sequencer/Inc/main.h
b90c8f3a08eb8e4aa1123f4dc205fe,,STM32Cube_FW_L4_V1.14.0/Projects/NUCLEO-L4R5ZI/Examples/DMA/DMA_FLASHToRAM/Inc/stm32l4xx_it.h
1eaecf4ba7902baa7c4b743d0f5c10,,STM32Cube_FW_L4_V1.14.0/Projects/NUCLEO-L4R5ZI/Examples/FLASH/FLASH_FastProgram/Inc/main.h
17ba1b9d2595f227c8aa9cd754f321,,STM32Cube_FW_L4_V1.14.0/Projects/NUCLEO-L476RG/Examples/FIREWALL/FIREWALL_VolatileData_Executable/EWARM/stm32l476xx_sram.icf
c353825943853a90abef8bf3c88ad7,,STM32Cube_FW_L4_V1.14.0/Projects/NUCLEO-L476RG/Examples_LL/ADC/ADC_SingleConversion_TriggerSW/Inc/stm32l4xx_it.h
d3fae8ba15b3e1ed4faa5e936f5c4d,,STM32Cube_FW_L4_V1.14.0/Projects/NUCLEO-L476RG/Examples_LL/COMP/COMP_CompareGpioVsVrefInt_OutputGpio/Src/main.c
cf8c7f18cb3a79d4b7b8953c152be2,,STM32Cube_FW_L4_V1.14.0/Projects/NUCLEO-L432KC/Examples/UART/UART_TwoBoards_ComIT/Src/main.c
b90c8f3a08eb8e4aa1123f4dc205fe,,STM32Cube_FW_L4_V1.14.0/Projects/NUCLEO-L432KC/Examples/DMA/DMA_FLASHToRAM/Inc/stm32l4xx_it.h
b90c8f3a08eb8e4aa1123f4dc205fe,,STM32Cube_FW_L4_V1.14.0/Projects/STM32L476G-EVAL/Examples/DMA/DMA_FLASHToRAM/Inc/stm32l4xx_it.h
9d376e4136d841873413f37d870e7b,,STM32Cube_FW_L4_V1.14.0/Projects/STM32L476G-EVAL/Examples/RTC/RTC_LSI/Inc/stm32l4xx_hal_conf.h
31e1f22ec68623f823560ac3a13a78,,STM32Cube_FW_L4_V1.14.0/Projects/STM32L476G-EVAL/Examples/QSPI/QSPI_ExecuteInPlace/Inc/main.h
27c44fd127b077174e29b93c847fad,,STM32Cube_FW_L4_V1.14.0/Projects/NUCLEO-L4R5ZI-P/Examples/PWR/PWR_STANDBY_SMPS/Src/stm32l4xx_it.c
17ba1b9d2595f227c8aa9cd754f321,,STM32Cube_FW_L4_V1.14.0/Projects/NUCLEO-L496ZG/Examples/FIREWALL/FIREWALL_VolatileData_Executable/EWARM/stm32l496xx_sram.icf
c353825943853a90abef8bf3c88ad7,,STM32Cube_FW_L4_V1.14.0/Projects/NUCLEO-L496ZG/Examples_LL/ADC/ADC_SingleConversion_TriggerSW/Inc/stm32l4xx_it.h
91a74fc99827b8019d5440997f54e9,,STM32Cube_FW_L4_V1.14.0/Projects/NUCLEO-L412RB-P/Examples_LL/RNG/RNG_GenerateRandomNumbers_IT/Src/main.c
a0e3964472428f7551ecc00a7f4c2d,,STM32Cube_FW_L4_V1.14.0/Projects/NUCLEO-L412RB-P/Examples_LL/RNG/RNG_GenerateRandomNumbers/Inc/stm32l4xx_it.h
943da77fb805d95400de314a150dcb,,Packs/STMicroelectronics/X-CUBE-AI/5.1.2/Utilities/linux/scipy/sparse/tests/test_matrix_io.py
d4f7564836ee9f9d75cb45b58b1049,,Packs/STMicroelectronics/X-CUBE-AI/5.1.2/Utilities/linux/scipy/sparse/linalg/isolve/_gcrotmk.py
419d74d26d02663eebdf94bd39c061,,Packs/STMicroelectronics/X-CUBE-AI/5.1.2/Utilities/linux/scipy/sparse/linalg/dsolve/setup.py
abaa93a2a428acc8d81e41ff4ad87c,,Packs/STMicroelectronics/X-CUBE-AI/5.1.2/Utilities/linux/scipy/integrate/tests/banded5x5.f
4f586fde49d4eb5c55bc221ffa9933,,Packs/STMicroelectronics/X-CUBE-AI/5.1.2/Utilities/linux/libgme.so.0
e9b8d1bbb2bc5eb96e1c1768733bfc,,Packs/STMicroelectronics/X-CUBE-AI/5.1.2/Utilities/linux/tensorboard/plugins/hparams/metadata.py
a7c4737a18d5326e9a437d5adc4a1a,,Packs/STMicroelectronics/X-CUBE-AI/5.1.2/Utilities/linux/tcl/encoding/cp860.enc
f8302b468ae91997f9e80692d4424a,,Packs/STMicroelectronics/X-CUBE-AI/5.1.2/Utilities/linux/google/protobuf/internal/message_factory_test.py
083eb36f512fdff57f59e52a3b1f3a,,Packs/STMicroelectronics/X-CUBE-AI/5.1.2/Utilities/linux/onnx/backend/test/case/model/expand.py
76e34d312e96dd6c92a52f464832f3,,Packs/STMicroelectronics/X-CUBE-AI/5.1.2/Utilities/linux/zlib/cpython-35m-x86_64-linux-gnu/soib.cpython-35m-x86_64-linux-gnu.so
4fbca376260423e95707742746aa10,,Packs/STMicroelectronics/X-CUBE-AI/5.1.2/Utilities/linux/include/longintrepr.h
4fbca376260423e95707742746aa10,,Packs/STMicroelectronics/X-CUBE-AI/5.1.2/Utilities/linux/include/x86_64-linux-gnu/python3.5m/longintrepr.h
76e34d312e96dd6c92a52f464832f3,,Packs/STMicroelectronics/X-CUBE-AI/5.1.2/Utilities/linux/zlib.cpython-35m-x86_64-linux-gnu.so
9dec41f43293c9045072a0afefdaf5,,Packs/STMicroelectronics/X-CUBE-AI/5.1.2/Utilities/linux/tensorflow_core/contrib/util/__init__.py
11cc21c8345949544eec71178f135e,,Packs/STMicroelectronics/X-CUBE-AI/5.1.2/Utilities/linux/tensorflow_core/tools/compatibility/tf_upgrade_v2_main.py
e8dca40ee84de47dda01ff42d8d2ed,,Packs/STMicroelectronics/X-CUBE-AI/5.1.2/Utilities/linux/tensorflow_core/python/ops/linalg/linear_operator_householder.py
b715860d893245caea00000e473487,,Packs/STMicroelectronics/X-CUBE-AI/5.1.2/Utilities/linux/tensorflow_core/python/keras/__init__.py
f80bfbe6a3ec5720ac2ba6631dca35,,Packs/STMicroelectronics/X-CUBE-AI/5.1.2/Utilities/linux/tensorflow_core/python/training/ftrl.py
3af7973661705de647e508454fe2e7,,Packs/STMicroelectronics/X-CUBE-AI/5.1.2/Utilities/linux/tensorflow_core/include/external/boringssl/src/crypto/fipsmodule/bn/generic.c
5916f3275b2c55ac9da6d902dfc60b,,Packs/STMicroelectronics/X-CUBE-AI/5.1.2/Utilities/linux/tensorflow_core/include/external/boringssl/src/crypto/fipsmodule/rsa/blinding.c
5b64e2a34aeb67d05298c86bc04782,,Packs/STMicroelectronics/X-CUBE-AI/5.1.2/Utilities/linux/tensorflow_core/include/external/aws/aws-cpp-sdk-s3/include/aws/s3/model/TaggingDirective.h
7c762534b3e45193cd8ab7c295b140,,Packs/STMicroelectronics/X-CUBE-AI/5.1.2/Utilities/linux/tensorflow_core/include/external/aws/aws-cpp-sdk-core/include/aws/core/Aws.h
51ab61156d8b26f2e37c210e298616,,Packs/STMicroelectronics/X-CUBE-AI/5.1.2/Utilities/linux/tensorflow_core/include/google/protobuf/util/internal/structured_objectwriter.h
076a50ad554ca5d0a60fc4c3e3004d,,Packs/STMicroelectronics/X-CUBE-AI/5.1.2/Utilities/linux/tensorflow_core/include/tensorflow/core/lib/core/stringpiece.h
b46b90f797983437cbfe4ee5c28aed,,Packs/STMicroelectronics/X-CUBE-AI/5.1.2/Utilities/linux/tensorflow_core/include/tensorflow/core/platform/platform_strings.h
943da77fb805d95400de314a150dcb,,Packs/STMicroelectronics/X-CUBE-AI/5.0.0/Utilities/windows/scipy/sparse/tests/test_matrix_io.py
d4f7564836ee9f9d75cb45b58b1049,,Packs/STMicroelectronics/X-CUBE-AI/5.0.0/Utilities/windows/scipy/sparse/linalg/isolve/_gcrotmk.py
419d74d26d02663eebdf94bd39c061,,Packs/STMicroelectronics/X-CUBE-AI/5.0.0/Utilities/windows/scipy/sparse/linalg/dsolve/setup.py
abaa93a2a428acc8d81e41ff4ad87c,,Packs/STMicroelectronics/X-CUBE-AI/5.0.0/Utilities/windows/scipy/integrate/tefd8fe8ff4fc8cd4d8f534364b7a895,,Debug/Drivers/STM32F4xx_HAL_Driver/Src/stm32f4xx_hal_exti.d
088fcaa3e9327b897cc03c6e44d5fc,,Drivers/STM32F4xx_HAL_Driver/Inc/stm32f4xx_hal_tim_ex.h
