228a589f85a474633934b4765ef4b4,,STM32Cube_FW_L4_V1.14.0/Middlewares/Third_Party/FreeRTOS/Source/portable/GCC/ARM_CM4F/portmacro.h
458a4b200b01d67e392b98710d9272,,STM32Cube_FW_L4_V1.14.0/Middlewares/ST/STM32_USB_Device_Library/Class/HID/Inc/usbd_hid.h
bf8f6e52989194f462cbfa748b1f4a,,STM32Cube_FW_L4_V1.14.0/Drivers/STM32L4xx_HAL_Driver/Src/stm32l4xx_hal_pwr.c
54189bc408552755be228d99b25e86,,STM32Cube_FW_L4_V1.14.0/Drivers/BSP/STM32L4R9I-Discovery/stm32l4r9i_discovery_camera.c
61347c063a239ccd3b5edf534be6de,,STM32Cube_FW_L4_V1.14.0/Drivers/CMSIS/docs/Driver/html/group__flash__interface__gr_structARM__FLASH__STATUS.js
a295a7797cd65e19207ec48a3af0fd,,STM32Cube_FW_L4_V1.14.0/Drivers/CMSIS/docs/DSP/html/structarm__biquad__cascade__df2T__instance__f64.js
6bc6cb7d69f15a6810560a17a4d77b,,STM32Cube_FW_L4_V1.14.0/Drivers/CMSIS/docs/RTOS/html/search/pages_8.js
114014800c16256b27bd608818b91b,,STM32Cube_FW_L4_V1.14.0/Drivers/CMSIS/docs/RTOS2/html/group__rtx__evr__mutex.js
008f24f271f4dc6b92c6d8c4cb137b,,STM32Cube_FW_L4_V1.14.0/Drivers/CMSIS/docs/RTOS2/html/rtx__os_8h_structosRtxInfo__t_8mpi.js
f02eccd8d7b360748f091612e9cbfb,,STM32Cube_FW_L4_V1.14.0/Drivers/CMSIS/DSP/Source/CommonTables/arm_common_tables.c
ba800e9023602786fa8aa3be458242,,STM32Cube_FW_L4_V1.14.0/Drivers/CMSIS/Device/ST/STM32L4xx/Include/stm32l4xx.h
c994fe6e558afa5fc0f969128b7d28,,STM32Cube_FW_L4_V1.14.0/Projects/STM32L4R9I-EVAL/Applications/STemWin/MB1314/HelloWorld/SW4STM32/STM32L4R9I-EVAL-MB1314/STM32L4R9AIIx_FLASH.ld
2167ab49c40f8a55bbdcf8152ef600,,STM32Cube_FW_L4_V1.14.0/Projects/STM32L4R9I-EVAL/Applications/USB_Host/MSC_Standalone/EWARM/stm32l4r9xx_flash.icf
6bb1ce5adfffe21e8c0a19632abefd,,STM32Cube_FW_L4_V1.14.0/Projects/STM32L4R9I-EVAL/Examples/FMC/FMC_SRAM/Inc/main.h
586064df4a01001a6417eeed5ba67a,,STM32Cube_FW_L4_V1.14.0/Projects/STM32L4R9I-EVAL/Demonstrations/STemWin/MB1315/Gui/Core/benchmark/benchmark_win.c
c994fe6e558afa5fc0f969128b7d28,,STM32Cube_FW_L4_V1.14.0/Projects/32L4R9IDISCOVERY/Applications/STemWin/HelloWorld/SW4STM32/STM32L4R9I-Discovery/STM32L4R9AIIx_FLASH.ld
2167ab49c40f8a55bbdcf8152ef600,,STM32Cube_FW_L4_V1.14.0/Projects/32L4R9IDISCOVERY/Applications/USB_Host/MSC_Standalone/EWARM/stm32l4r9xx_flash.icf
c333a32077d111ea788fed1ff3d063,,STM32Cube_FW_L4_V1.14.0/Projects/32L4R9IDISCOVERY/Demonstrations/STemWin/Gui/Core/clock_faces/clock_faces_win.c
f48c24884bb8aa577afef97d43128a,,STM32Cube_FW_L4_V1.14.0/Projects/NUCLEO-L452RE/Examples/UART/UART_TwoBoards_ComDMA/Src/stm32l4xx_hal_msp.c
1f7298d27a222ea673ff5da1cfba40,,STM32Cube_FW_L4_V1.14.0/Projects/NUCLEO-L452RE/Examples/FLASH/FLASH_WriteProtection/Src/main.c
ddbed41d3e87891b2a243ad0b7b421,,STM32Cube_FW_L4_V1.14.0/Projects/NUCLEO-L452RE/Examples/CRYP/CRYP_AESModes/Src/stm32l4xx_it.c
0a528d522db6cf2465d5503f352392,,STM32Cube_FW_L4_V1.14.0/Projects/NUCLEO-L4R5ZI/Examples/ADC/ADC_RegularConversion_Interrupt/Src/main.c
22bc91a4bb7d0f458ede2e6be59e8b,,STM32Cube_FW_L4_V1.14.0/Projects/NUCLEO-L476RG/Applications/FreeRTOS/FreeRTOS_MPU/MDK-ARM/startup_stm32l476xx.s
76eaa080824436a2e8e5da28067f71,,STM32Cube_FW_L4_V1.14.0/Projects/NUCLEO-L476RG/Examples_LL/ADC/ADC_SingleConversion_TriggerSW_IT/Inc/main.h
0e241318031045822617afa38e5a26,,STM32Cube_FW_L4_V1.14.0/Projects/NUCLEO-L476RG/Examples_LL/ADC/ADC_ContinuousConversion_TriggerSW_LowPower/Src/stm32l4xx_it.c
6ded42cdd3f0c55272acb8743d16dc,,STM32Cube_FW_L4_V1.14.0/Projects/NUCLEO-L432KC/Examples/ADC/ADC_RegularConversion_Polling/Inc/main.h
22bc91a4bb7d0f458ede2e6be59e8b,,STM32Cube_FW_L4_V1.14.0/Projects/STM32L476G-EVAL/Applications/STemWin/STemWin_HelloWorld/MDK-ARM/startup_stm32l476xx.s
79d42d570b0a666c9a3e9d8e15bde7,,STM32Cube_FW_L4_V1.14.0/Projects/STM32L476G-EVAL/Applications/USB_Device/CustomHID_Standalone/Inc/stm32l4xx_hal_conf.h
0be259b4810e99e2b31640fa5ca7ec,,STM32Cube_FW_L4_V1.14.0/Projects/STM32L476G-EVAL/Applications/USB_Device/DFU_Standalone/TrueSTUDIO/STM32L476G_EVAL_USBD-FS/STM32L476ZG_FLASH.ld
ddbed41d3e87891b2a243ad0b7b421,,STM32Cube_FW_L4_V1.14.0/Projects/STM32L476G-EVAL/Examples/CRYP/CRYP_AESModes/Src/stm32l4xx_it.c
48130713142dfc15242ff8488a7cef,,STM32Cube_FW_L4_V1.14.0/Projects/STM32L476G-EVAL/Examples/QSPI/QSPI_MemoryMapped/Src/main.c
f48c24884bb8aa577afef97d43128a,,STM32Cube_FW_L4_V1.14.0/Projects/NUCLEO-L496ZG/Examples/UART/UART_TwoBoards_ComDMA/Src/stm32l4xx_hal_msp.c
ddbed41d3e87891b2a243ad0b7b421,,STM32Cube_FW_L4_V1.14.0/Projects/NUCLEO-L496ZG/Examples/CRYP/CRYP_AESModes/Src/stm32l4xx_it.c
a1f07bfebf06cccddd6348ca3c9534,,STM32Cube_FW_L4_V1.14.0/Projects/NUCLEO-L496ZG/Examples/IWDG/IWDG_WindowMode/Inc/main.h
779be73f7036d6d0bbd1190ef886d4,,STM32Cube_FW_L4_V1.14.0/Projects/NUCLEO-L496ZG/Demonstrations/Adafruit_LCD_1_8_SD_Joystick/EWARM/stm32l496xx_flash.icf
0e241318031045822617afa38e5a26,,STM32Cube_FW_L4_V1.14.0/Projects/NUCLEO-L496ZG/Examples_LL/ADC/ADC_ContinuousConversion_TriggerSW_LowPower/Src/stm32l4xx_it.c
018944d5330a344dfe42d86c33c63b,,STM32Cube_FW_L4_V1.14.0/Projects/NUCLEO-L412RB-P/Applications/FreeRTOS/FreeRTOS_LowPower/Src/stm32l4xx_it.c
1f3135985b5272cadf18a147e3e11a,,STM32Cube_FW_L4_V1.14.0/Projects/NUCLEO-L412RB-P/Examples_LL/RTC/RTC_Calendar/Inc/stm32l4xx_it.h
e4d5a35726bea11fcfe92427e42003,,STM32Cube_FW_L4_V1.14.0/Projects/NUCLEO-L412RB-P/Examples_LL/WWDG/WWDG_RefreshUntilUserEvent/Inc/main.h
21f18e399565a995d4c705509f94ba,,Packs/STMicroelectronics/X-CUBE-AI/5.1.2/Utilities/linux/scipy/stats/tests/test_kdeoth.py
a92dbaf133456ac0feab62d4dae22b,,Packs/STMicroelectronics/X-CUBE-AI/5.1.2/Utilities/linux/tensorboard/plugins/projector/__init__.py
c37af81fc4aa6003226a95539546c1,,Packs/STMicroelectronics/X-CUBE-AI/5.1.2/Utilities/linux/tcl/msgs/ko.msg
07aed57bd59d638603dbe627c3c1e6,,Packs/STMicroelectronics/X-CUBE-AI/5.1.2/Utilities/linux/onnx/backend/test/case/node/sum.py
761db87d3e7bff184e542a8cc98754,,Packs/STMicroelectronics/X-CUBE-AI/5.1.2/Utilities/linux/onnx/backend/test/case/node/constantofshape.py
f287f013992742d1b52682f63d15ca,,Packs/STMicroelectronics/X-CUBE-AI/5.1.2/Utilities/linux/onnx/backend/test/case/node/reducel2.py
1d0fb62870ddaf0a872c12b26561bc,,Packs/STMicroelectronics/X-CUBE-AI/5.1.2/Utilities/linux/onnx/version_converter/adapters/batch_normalization_6_7.h
51fb5cee45f45afeca9b885888ac76,,Packs/STMicroelectronics/X-CUBE-AI/5.1.2/Utilities/linux/theano/tensor/tests/mlp_test.py
3b17999345e4e3daf561f433d92d98,,Packs/STMicroelectronics/X-CUBE-AI/5.1.2/Utilities/linux/theano/scan_module/scan_perform_ext.py
76ffb3f3a66838a7edc4856d07f3fa,,Packs/STMicroelectronics/X-CUBE-AI/5.1.2/Utilities/linux/theano/gpuarray/__init__.py
b637d28019739ae8062f7a6287bc76,,Packs/STMicroelectronics/X-CUBE-AI/5.1.2/Utilities/linux/absl/flags/_helpers.py
b407ccf33f4a1564c4bb68c8db3aea,,Packs/STMicroelectronics/X-CUBE-AI/5.1.2/Utilities/linux/generate/tflite/LogicalAndOptions.py
eb68253d500eb325e90a3578b2f008,,Packs/STMicroelectronics/X-CUBE-AI/5.1.2/Utilities/linux/tensorflow_core/lite/python/interpreter_wrapper/tensorflow_wrap_interpreter_wrapper.py
e79c74d46c3d6e84ae8d74776bdac8,,Packs/STMicroelectronics/X-CUBE-AI/5.1.2/Utilities/linux/tensorflow_core/_api/v2/compat/v1/dtypes/__init__.py
f0781cb3a248367e13d64a44000bf2,,Packs/STMicroelectronics/X-CUBE-AI/5.1.2/Utilities/linux/tensorflow_core/python/autograph/converters/list_comprehensions.py
ae3f75453265e76bad1a405cdbec4f,,Packs/STMicroelectronics/X-CUBE-AI/5.1.2/Utilities/linux/tensorflow_core/python/ops/gen_nn_ops.py
61596c1913f70750f3a13b46773ff8,,Packs/STMicroelectronics/X-CUBE-AI/5.1.2/Utilities/linux/tensorflow_core/python/keras/layers/cudnn_recurrent.py
89ffa77e67a0512ee4cb43f9b0c161,,Packs/STMicroelectronics/X-CUBE-AI/5.1.2/Utilities/linux/tensorflow_core/python/keras/api/_v1/keras/applications/vgg19/__init__.py
b1142fadb1edeca7997bd7ddf901a4,,Packs/STMicroelectronics/X-CUBE-AI/5.1.2/Utilities/linux/tensorflow_core/python/keras/api/_v2/keras/datasets/mnist/__init__.py
7f3cbb272889feb39279486b94fee8,,Packs/STMicroelectronics/X-CUBE-AI/5.1.2/Utilities/linux/tensorflow_core/python/keras/api/_v2/keras/datasets/boston_housing/__init__.py
89ffa77e67a0512ee4cb43f9b0c161,,Packs/STMicroelectronics/X-CUBE-AI/5.1.2/Utilities/linux/tensorflow_core/python/keras/api/keras/applications/vgg19/__init__.py
1f47e64