6888e031942b21afeb7702accec0a1,,STM32Cube_FW_L4_V1.14.0/Middlewares/Third_Party/FatFs/src/option/syscall.c
bf1db1757d8568aa526b902d427355,,STM32Cube_FW_L4_V1.14.0/Drivers/STM32L4xx_HAL_Driver/Src/stm32l4xx_hal_rtc_ex.c
16606646251dba1a98259ff791da0d,,STM32Cube_FW_L4_V1.14.0/Drivers/CMSIS/docs/DAP/html/group__DAP__Config__Debug__gr.js
ead3a77efd90d7a3573ab6f065d532,,STM32Cube_FW_L4_V1.14.0/Drivers/CMSIS/DSP/DSP_Lib_TestSuite/Common/inc/filtering_tests/filtering_test_group.h
2442cbdc0ae841d3360cf55fe1899a,,STM32Cube_FW_L4_V1.14.0/Drivers/CMSIS/DSP/DSP_Lib_TestSuite/RefLibs/src/ComplexMathFunctions/cmplx_mult_real.c
bd1644e50ca4c85f177538fcfdb9bf,,STM32Cube_FW_L4_V1.14.0/Projects/32L496GDISCOVERY/Applications/STemWin/STemWin_HelloWorld/Inc/main.h
46047177994c963d6e7f6106b132e5,,STM32Cube_FW_L4_V1.14.0/Projects/32L496GDISCOVERY/Applications/USB_Device/HID_Standalone_BCD/Src/main.c
69b5c21560b7ec579b7e29d0f929e1,,STM32Cube_FW_L4_V1.14.0/Projects/32L496GDISCOVERY/Examples/QSPI/QSPI_PreInitConfig/Src/stm32l4xx_hal_msp.c
c62a74561f5fb49ce3b75095d708c5,,STM32Cube_FW_L4_V1.14.0/Projects/32L496GDISCOVERY/Examples_MIX/DMA2D/DMA2D_MemToMemWithLCD/Src/main.c
7c0e7742e8477a071212810aa50fd8,,STM32Cube_FW_L4_V1.14.0/Projects/32L476GDISCOVERY/Examples/QSPI/QSPI_ExecuteInPlace/Src/stm32l4xx_hal_msp.c
69b5c21560b7ec579b7e29d0f929e1,,STM32Cube_FW_L4_V1.14.0/Projects/32L476GDISCOVERY/Examples/QSPI/QSPI_PreInitConfig/Src/stm32l4xx_hal_msp.c
f5d96eb174d2144dd88bc476553fec,,STM32Cube_FW_L4_V1.14.0/Projects/32L476GDISCOVERY/Examples/BSP/Src/audio_play.c
699618628496c9e8fe69856e4b159f,,STM32Cube_FW_L4_V1.14.0/Projects/32L476GDISCOVERY/Demonstrations/Modules/guitartuner/lib_GuitarTuner_CM4F.a
081429992855778127e520aacaa877,,STM32Cube_FW_L4_V1.14.0/Projects/STM32L4R9I-EVAL/Examples/WWDG/WWDG_Example/Src/stm32l4xx_it.c
4eceb678e323edb1ebd083d25b3b29,,STM32Cube_FW_L4_V1.14.0/Projects/STM32L4R9I-EVAL/Examples/CRC/CRC_Example/Inc/main.h
a250b63feb1f64ab231a72f556f2b4,,STM32Cube_FW_L4_V1.14.0/Projects/STM32L4R9I-EVAL/Demonstrations/STemWin/MB1314/Gui/Core/audio_player/generated/player_icon_play_pressed.c
71d737beaea6e4d401944604c127c3,,STM32Cube_FW_L4_V1.14.0/Projects/B-L475E-IOT01A/Applications/BLE/Common/ble_core/hci_le.c
9898bf7415427ba43b6f992cf19bec,,STM32Cube_FW_L4_V1.14.0/Projects/B-L475E-IOT01A/Applications/NFC/Common/M24SR/m24sr_wrapper.h
df0956879c259a848e96f24d791b5c,,STM32Cube_FW_L4_V1.14.0/Projects/NUCLEO-L452RE-P/Examples/PWR/PWR_STOP0_SMPS/Src/main.c
8e3d4f9749b17e3417bbdb0991a928,,STM32Cube_FW_L4_V1.14.0/Projects/32L4R9IDISCOVERY/Demonstrations/STemWin/Gui/Core/information/generated/information.c
a250b63feb1f64ab231a72f556f2b4,,STM32Cube_FW_L4_V1.14.0/Projects/32L4R9IDISCOVERY/Demonstrations/STemWin/Gui/Core/audio_player/generated/player_icon_play_pressed.c
45bc0b1b77b73721a7e7d5830e0f83,,STM32Cube_FW_L4_V1.14.0/Projects/NUCLEO-L452RE/Examples/TIM/TIM_OCToggle/Src/stm32l4xx_hal_msp.c
61f3dadb780951d0c113c09cdb8afb,,STM32Cube_FW_L4_V1.14.0/Projects/NUCLEO-L4R5ZI/Applications/USB_Device/HID_Standalone/SW4STM32/STM32L4R5ZI_NUCLEO_USBD-FS/STM32L4R5ZITx_FLASH.ld
61f3dadb780951d0c113c09cdb8afb,,STM32Cube_FW_L4_V1.14.0/Projects/NUCLEO-L4R5ZI/Applications/USB_Device/DFU_Standalone/SW4STM32/STM32L4R5ZI_NUCLEO_USBD-FS/STM32L4R5ZITx_FLASH.ld
9bad3a19c27971903557d4bf97011a,,STM32Cube_FW_L4_V1.14.0/Projects/NUCLEO-L4R5ZI/Examples/RTC/RTC_Tamper/Inc/main.h
70265df13bb4a7d2e48d48ec906aff,,STM32Cube_FW_L4_V1.14.0/Projects/NUCLEO-L4R5ZI/Examples/I2C/I2C_TwoBoards_RestartAdvComIT/Src/main.c
9492956effd6d6073cbb6f5406401b,,STM32Cube_FW_L4_V1.14.0/Projects/NUCLEO-L4R5ZI/Demonstrations/Adafruit_LCD_1_8_SD_Joystick/Src/stm32l4xx_it.c
45bc0b1b77b73721a7e7d5830e0f83,,STM32Cube_FW_L4_V1.14.0/Projects/NUCLEO-L476RG/Examples/TIM/TIM_OCToggle/Src/stm32l4xx_hal_msp.c
16f5de1d8beba126aaeacafd5623a3,,STM32Cube_FW_L4_V1.14.0/Projects/NUCLEO-L476RG/Examples_LL/EXTI/EXTI_ToggleLedOnIT_Init/Inc/stm32l4xx_it.h
e225c1e1e005bb4bee12455d133c17,,STM32Cube_FW_L4_V1.14.0/Projects/NUCLEO-L432KC/Applications/USB_Device/DFU_Standalone/Src/main.c
45bc0b1b77b73721a7e7d5830e0f83,,STM32Cube_FW_L4_V1.14.0/Projects/NUCLEO-L432KC/Examples/TIM/TIM_OCToggle/Src/stm32l4xx_hal_msp.c
081429992855778127e520aacaa877,,STM32Cube_FW_L4_V1.14.0/Projects/STM32L476G-EVAL/Examples/WWDG/WWDG_Example/Src/stm32l4xx_it.c
dec78c217c3ab51b88667777709f6c,,STM32Cube_FW_L4_V1.14.0/Projects/STM32L476G-EVAL/Examples/FLASH/FLASH_FastProgram/Src/main.c
7c0e7742e8477a071212810aa50fd8,,STM32Cube_FW_L4_V1.14.0/Projects/STM32L476G-EVAL/Examples/QSPI/QSPI_ExecuteInPlace/Src/stm32l4xx_hal_msp.c
69b5c21560b7ec579b7e29d0f929e1,,STM32Cube_FW_L4_V1.14.0/Projects/STM32L476G-EVAL/Examples/QSPI/QSPI_PreInitConfig/Src/stm32l4xx_hal_msp.c
0288e4745a8731a87701e7ec9bd574,,STM32Cube_FW_L4_V1.14.0/Projects/NUCLEO-L496ZG/Examples/HASH/HASH_SHA224SHA256_DMA/Src/main.c
0219af23fb7205c80e00b7fa7e1343,,STM32Cube_FW_L4_V1.14.0/Projects/NUCLEO-L496ZG/Examples/FIREWALL/FIREWALL_VolatileData_Shared/SW4STM32/startup_stm32l496xx.s
45bc0b1b77b73721a7e7d5830e0f83,,STM32Cube_FW_L4_V1.14.0/Projects/NUCLEO-L496ZG/Examples/TIM/TIM_OCToggle/Src/stm32l4xx_hal_msp.c
9492956effd6d6073cbb6f5406401b,,STM32Cube_FW_L4_V1.14.0/Projects/NUCLEO-L496ZG/Demonstrations/Adafruit_LCD_1_8_SD_Joystick/Src/stm32l4xx_it.c
64f60f952c16cf93f7e688c85bc1d9,,STM32Cube_FW_L4_V1.14.0/Projects/NUCLEO-L496ZG/Examples_MIX/TIM/TIM_6Steps/Inc/main.h
b5d8ebafb74f24f54a70c8e3dc54ca,,STM32Cube_FW_L4_V1.14.0/Projects/NUCLEO-L496ZG/Examples_LL/USART/USART_Communication_Tx/Inc/main.h
16f5de1d8beba126aaeacafd5623a3,,STM32Cube_FW_L4_V1.14.0/Projects/NUCLEO-L496ZG/Examples_LL/EXTI/EXTI_ToggleLedOnIT_Init/Inc/stm32l4xx_it.h
4286a03b87e5716051a0e29ac92e87,,STM32Cube_FW_L4_V1.14.0/Projects/NUCLEO-L412RB-P/Examples/CRC/CRC_Bytes_Stream_7bit_CRC/Src/main.c
c52a39bb8f7b864f68782582b824a5,,STM32Cube_FW_L4_V1.14.0/Projects/NUCLEO-L412RB-P/Demonstrations/Adafruit_LCD_1_8_SD_Joystick/Src/main.c
6c8299d63c606f46b91e55e923020a,,Packs/STMicroelectronics/X-CUBE-AI/5.1.2/Utilities/linux/tk/msgs/eo.msg
c99e4ffc33791022e6732e63395ea2,,Packs/STMicroelectronics/X-CUBE-AI/5.1.2/Utilities/linux/onnx/optimizer/pass_manager.cc
a03bbe111994210aee1a4dcf129a17,,Packs/STMicroelectronics/X-CUBE-AI/5.1.2/Utilities/linux/theano/misc/doubleop.py
3e058ac0744bedcf436b8fb5fd22e6,,Packs/STMicroelectronics/X-CUBE-AI/5.1.2/Utilities/linux/theano/compile/tests/test_monitormode.py
4696a9634532794b31077251964338,,Packs/STMicroelectronics/X-CUBE-AI/5.1.2/Utilities/linux/theano/gof/tests/test_utils.py
b7d74a97d6d3b9392adf10108a1bf2,,Packs/STMicroelectronics/X-CUBE-AI/5.1.2/Utilities/linux/theano/gpuarray/tests/test_sort.py
ab111480fa694e926cd037ffdc1f3a,,Packs/STMicroelectronics/X-CUBE-AI/5.1.2/Utilities/linux/theano/gpuarray/tests/test_misc.py
9196f04235215e7706db4b698f2e5b,,Packs/STMicroelectronics/X-CUBE-AI/5.1.2/Utilities/linux/theano/gpuarray/blocksparse.py
40c42ded88918dc420824a7ef69930,,Packs/STMicroelectronics/X-CUBE-AI/5.1.2/Utilities/linux/caffe/test/test_nccl.py
5220ba83e608a97bd3269b468a372f,,Packs/STMicroelectronics/X-CUBE-AI/5.1.2/Utilities/linux/generate/tflite/QuantizeOptions.py
ad94e3e6c4db5b20ef797ca3a52c61,,Packs/STMicroelectronics/X-CUBE-AI/5.1.2/Utilities/linux/generate/tflite/ResizeNearestNeighborOptions.py
2bb11e79bd246e053a3a75a8e52290,,Packs/STMicroelectronics/X-CUBE-AI/5.1.2/Utilities/linux/tensorflow_core/python/ops/stateless_random_ops.py
774c7e54a62f0b28d20f7685460dbb,,Packs/STMicroelectronics/X-CUBE-AI/5.1.2/Utilities/linux/tensorflow_core/python/ops/control_flow_ops.py
194cc7dd3da375ccf299735e46ccb5,,Packs/STMicroelectronics/X-CUBE-AI/5.1.2/Utilities/linux/tensorflow_core/python/saved_model/model_utils/export_utils.py
f2b0d29d33243d03966f89e4c99798,,Packs/STMicroelectronics/X-CUBE-AI/5.1.2/Utilities/linux/tensorflow_core/include/external/aws/aws-cpp-sdk-s3/include/aws/s3/model/ServerSideEncryptionByDefault.h
f6a039856cbb7b200f9068617d8221,,Packs/STMicroelectronics/X-CUBE-AI/5.1.2/Utilities/linux/tensorflow_core/include/external/curl/lib/rtsp.h
2dc6a009cf178abe00684dc958994e,,Packs/STMicroelectronics/X-CUBE-AI/5.1.2/Utilities/linux/tensorflow_core/include/google/protobuf/compiler/csharp/csharp_repeated_primitive_field.