a9cae70539fbfcb39b1994164e8c39,,STM32Cube_FW_L4_V1.14.0/Middlewares/Third_Party/FreeRTOS/Source/portable/RVDS/ARM_CM7/r0p1/portmacro.h
8f107eeadb49f0c9b065eb6079b0cb,,STM32Cube_FW_L4_V1.14.0/Drivers/STM32L4xx_HAL_Driver/Inc/stm32l4xx_hal_hash_ex.h
8a780c27ab2c755859eb995c98488b,,STM32Cube_FW_L4_V1.14.0/Drivers/CMSIS/docs/Driver/html/group__can__control.js
5fa9544eac79251089bf2091815dec,,STM32Cube_FW_L4_V1.14.0/Drivers/CMSIS/docs/DSP/html/search/all_17.js
bb66b5f5b52c72bf4030c2fada8640,,STM32Cube_FW_L4_V1.14.0/Drivers/CMSIS/DSP/Source/MatrixFunctions/arm_mat_cmplx_mult_q31.c
c47da86f1e786bfa24c206f85e90e5,,STM32Cube_FW_L4_V1.14.0/Projects/NUCLEO-L412KB/Examples/RCC/RCC_CRS_Synchronization_IT/Src/stm32l4xx_it.c
d618d8f81688fc9abacebfbc45d897,,STM32Cube_FW_L4_V1.14.0/Projects/32L496GDISCOVERY/Demonstrations/Binary/SDCard/EWIZ_flash.bin
86865a1a322f5d0437d8f22d1ef67e,,STM32Cube_FW_L4_V1.14.0/Projects/B-L475E-IOT01A/Applications/SubGhz/Common/spsgrf_app.h
9eea77da7bf68e05e07d7e2f91103d,,STM32Cube_FW_L4_V1.14.0/Projects/B-L475E-IOT01A/Applications/FreeRTOS/FreeRTOS_LowPower_LPTIM/Src/stm32l4xx_it.c
0859b806090a632ddd6f8e1876741e,,STM32Cube_FW_L4_V1.14.0/Projects/NUCLEO-L452RE/Examples/I2C/I2C_TwoBoards_RestartComIT/Src/main.c
9e0818e2a272cd67d8d63a15a3bfd8,,STM32Cube_FW_L4_V1.14.0/Projects/NUCLEO-L4R5ZI/Examples/PWR/PWR_STANDBY/Src/main.c
18ca122675e72b670fdc0aca45685c,,STM32Cube_FW_L4_V1.14.0/Projects/NUCLEO-L4R5ZI/Examples/PWR/PWR_STANDBY/Inc/main.h
e2e8e9609c495d3c051ee66a59113f,,STM32Cube_FW_L4_V1.14.0/Projects/NUCLEO-L476RG/Examples/PWR/PWR_ModesSelection/TrueSTUDIO/syscalls.c
2ad7fd3a3d086fb333fdf87cc40173,,STM32Cube_FW_L4_V1.14.0/Projects/NUCLEO-L476RG/Demonstrations/Adafruit_LCD_1_8_SD_Joystick/MDK-ARM/startup_stm32l476xx.s
ddc3969931302d763884c87f372cbc,,STM32Cube_FW_L4_V1.14.0/Projects/NUCLEO-L476RG/Examples_LL/USART/USART_SyncCommunication_FullDuplex_DMA/Src/stm32l4xx_it.c
42d53373c0b0c33aecedc99259fc36,,STM32Cube_FW_L4_V1.14.0/Projects/NUCLEO-L476RG/Examples_LL/CORTEX/CORTEX_MPU/Inc/main.h
b470665ef0c2dfcd1b2046e20b7602,,STM32Cube_FW_L4_V1.14.0/Projects/NUCLEO-L432KC/Examples/I2C/I2C_WakeUpFromStop/Src/main.c
e2e8e9609c495d3c051ee66a59113f,,STM32Cube_FW_L4_V1.14.0/Projects/STM32L476G-EVAL/Applications/USB_Host/CDC_Standalone/TrueSTUDIO/syscalls.c
7e623871371b652016006172d042ed,,STM32Cube_FW_L4_V1.14.0/Projects/STM32L476G-EVAL/Examples/DMA/DMA_FLASHToRAM/Src/main.c
2b4967c12bbd4d082bcbbe561913b9,,STM32Cube_FW_L4_V1.14.0/Projects/STM32L476G-EVAL/Examples/RTC/RTC_Calendar/Inc/main.h
e2e8e9609c495d3c051ee66a59113f,,STM32Cube_FW_L4_V1.14.0/Projects/STM32L476G-EVAL/Examples/BSP/TrueSTUDIO/syscalls.c
46361a59b7b76c35424a5ac68f30fd,,STM32Cube_FW_L4_V1.14.0/Projects/NUCLEO-L496ZG/Examples/LPUART/LPUART_TwoBoards_ComIT/Src/stm32l4xx_it.c
28f483bad0970bab0d1a1f367048ea,,STM32Cube_FW_L4_V1.14.0/Projects/NUCLEO-L496ZG/Examples/FIREWALL/FIREWALL_VolatileData_Executable/Inc/main.h
18ca122675e72b670fdc0aca45685c,,STM32Cube_FW_L4_V1.14.0/Projects/NUCLEO-L496ZG/Examples/PWR/PWR_STANDBY/Inc/main.h
d16bc30a00c8258db87a485f7d373d,,STM32Cube_FW_L4_V1.14.0/Projects/NUCLEO-L496ZG/Examples_LL/ADC/ADC_TemperatureSensor/Src/main.c
ddc3969931302d763884c87f372cbc,,STM32Cube_FW_L4_V1.14.0/Projects/NUCLEO-L496ZG/Examples_LL/USART/USART_SyncCommunication_FullDuplex_DMA/Src/stm32l4xx_it.c
51fd11223da880f13369fc99f92060,,Packs/STMicroelectronics/X-CUBE-AI/5.1.2/Utilities/linux/scipy/signal/_arraytools.py
25afd318deaf286ee4bc7eaa61c7a5,,Packs/STMicroelectronics/X-CUBE-AI/5.1.2/Utilities/linux/scipy/sparse/csgraph/tests/test_traversal.py
f0cbd3dd575ccdf9e62fc7404285dc,,Packs/STMicroelectronics/X-CUBE-AI/5.1.2/Utilities/linux/tensorboard/_vendor/html5lib/serializer.py
9122017d83c4ad5055bfee47da20e6,,Packs/STMicroelectronics/X-CUBE-AI/5.1.2/Utilities/linux/tensorboard/__init__.py
87d4a2ab661112f2abf57cedaa24a5,,Packs/STMicroelectronics/X-CUBE-AI/5.1.2/Utilities/linux/tcl/msgs/bn.msg
eae3e092ef2730e518bfd029096838,,Packs/STMicroelectronics/X-CUBE-AI/5.1.2/Utilities/linux/google/protobuf/any_test_pb2.py
e01f55b199c61c4e76a175499ff948,,Packs/STMicroelectronics/X-CUBE-AI/5.1.2/Utilities/linux/google/protobuf/timestamp_pb2.py
d4118c2362107c15aaff140ef59344,,Packs/STMicroelectronics/X-CUBE-AI/5.1.2/Utilities/linux/google/protobuf/internal/api_implementation.py
f86c32dd95fc6fabedf28480b9dae8,,Packs/STMicroelectronics/X-CUBE-AI/5.1.2/Utilities/linux/onnx/backend/test/data/node/test_mvn_expanded/model.onnx
3aebc56c89422485c1e074889e2684,,Packs/STMicroelectronics/X-CUBE-AI/5.1.2/Utilities/linux/onnx/backend/test/case/node/transpose.py
424bae230655e710db7c93b308d072,,Packs/STMicroelectronics/X-CUBE-AI/5.1.2/Utilities/linux/theano/tensor/blas.py
1d3727812c32d48891a9746398181f,,Packs/STMicroelectronics/X-CUBE-AI/5.1.2/Utilities/linux/include/pystrhex.h
1d3727812c32d48891a9746398181f,,Packs/STMicroelectronics/X-CUBE-AI/5.1.2/Utilities/linux/include/x86_64-linux-gnu/python3.5m/pystrhex.h
cdd2124cc288a166797905b5859a04,,Packs/STMicroelectronics/X-CUBE-AI/5.1.2/Utilities/linux/_opcode.cpython-35m-x86_64-linux-gnu.so
37a94092224da6b0c03778d895ca42,,Packs/STMicroelectronics/X-CUBE-AI/5.1.2/Utilities/linux/generate/tflite/Tensor.py
e95c387eecdce86e4d45732e25e530,,Packs/STMicroelectronics/X-CUBE-AI/5.1.2/Utilities/linux/tensorflow_core/_api/v2/data/experimental/__init__.py
e95c387eecdce86e4d45732e25e530,,Packs/STMicroelectronics/X-CUBE-AI/5.1.2/Utilities/linux/tensorflow_core/_api/v2/compat/v2/data/experimental/__init__.py
d7373a959d7fe6cf31ceffbabebc95,,Packs/STMicroelectronics/X-CUBE-AI/5.1.2/Utilities/linux/tensorflow_core/_api/v2/compat/v1/feature_column/__init__.py
5924e1d0adccc1bf34144ac850e1ac,,Packs/STMicroelectronics/X-CUBE-AI/5.1.2/Utilities/linux/tensorflow_core/python/ops/signal/dct_ops.py
76c2130df57be97601c94113311665,,Packs/STMicroelectronics/X-CUBE-AI/5.1.2/Utilities/linux/tensorflow_core/python/training/training_ops.py
7a6ba2d940eb5b9f87d95efe5023cf,,Packs/STMicroelectronics/X-CUBE-AI/5.1.2/Utilities/linux/tensorflow_core/python/tpu/tensor_tracer_report.py
c4de4cc9058b7d198c9573b1825112,,Packs/STMicroelectronics/X-CUBE-AI/5.1.2/Utilities/linux/tensorflow_core/include/Eigen/src/Core/products/SelfadjointMatrixVector_BLAS.h
fd607e818514b7a42d82ecf6881b28,,Packs/STMicroelectronics/X-CUBE-AI/5.1.2/Utilities/linux/tensorflow_core/include/external/aws/aws-cpp-sdk-s3/include/aws/s3/model/SSES3.h
cd9f9da8f067c70f62706b4c3fa8e0,,Packs/STMicroelectronics/X-CUBE-AI/5.1.2/Utilities/linux/tensorflow_core/include/external/aws/aws-cpp-sdk-kinesis/include/aws/kinesis/model/DecreaseStreamRetentionPeriodRequest.h
258e8895744e6d4f9b129f02a27bcd,,Packs/STMicroelectronics/X-CUBE-AI/5.1.2/Utilities/linux/tensorflow_core/include/external/aws/aws-cpp-sdk-core/include/aws/core/utils/memory/AWSMemory.h
9e21d7fbbe43b88ebeed829eed34d6,,Packs/STMicroelectronics/X-CUBE-AI/5.1.2/Utilities/linux/tensorflow_core/include/google/protobuf/util/internal/json_stream_parser.h
ca47643ea3012e804cadbd52b3e3f2,,Packs/STMicroelectronics/X-CUBE-AI/5.1.2/Utilities/linux/tensorflow_core/include/tensorflow/core/protobuf/graph_debug_info.pb_text-impl.h
6b2d72247db24f2eda35e4fa854c6e,,Packs/STMicroelectronics/X-CUBE-AI/5.1.2/Utilities/linux/tensorflow_core/include/tensorflow/core/util/padding.h
137ab9ad7a38d8b2aed4a4e657ff86,,Packs/STMicroelectronics/X-CUBE-AI/5.0.0/Utilities/windows/_ctypes.pyd
51fd11223da880f13369fc99f92060,,Packs/STMicroelectronics/X-CUBE-AI/5.0.0/Utilities/windows/scipy/signal/_arraytools.py
e4d7798e419a56f72f8ec667123ae8,,Packs/STMicroelectronics/X-CUBE-AI/5.0.0/Utilities/windows/scipy/sparse/linalg/isolve/_iterative.cp35-win_amd64.pyd
25afd318deaf286ee4bc7eaa61c7a5,,Packs/STMicroelectronics/X-CUBE-AI/5.0.0/Utilities/windows/scipy/sparse/csgraph/tests/test_traversal.py
87d4a2ab661112f2abf57cedaa24a5,,Packs/STMicroelectronics/X-CUBE-AI/5.0.0/Utilities/windows/tcl/msgs/bn.msg
498eea194ddf38c732269a47050caa,,Packs/STMicroelectronics/X-CUBE-AI/5.0.0/Utilities/windows/tcl/tzdata/Australia/Sydney
54b9525896fded8769cf5140e76fff,,Packs/STMicroelectronics/X-CUBE-AI/5.0.0/Utilities/windows/tcl/tzdata/Australia/Perth
3ab48a35a25dd80c13604a13869520,,Packs/STMicroelectronics/X-CUBE-AI/5.0.0/Utilities/windows/tcl/106d416d43f63c61104316c3f58a12,,Debug/Src/main.su
