40793498eb3a2b3527df938f006281,,STM32Cube_FW_L4_V1.14.0/Middlewares/ST/STM32_USB_Host_Library/Core/Src/usbh_ctlreq.c
7109d0ba402816e7d04e58475c954d,,STM32Cube_FW_L4_V1.14.0/Drivers/STM32L4xx_HAL_Driver/Inc/stm32l4xx_hal_lcd.h
f5c060d3bae0946422b184cd6468b3,,STM32Cube_FW_L4_V1.14.0/Drivers/CMSIS/docs/Core/html/navtreeindex2.js
46f3be53bee6609bec68adf171c9c7,,STM32Cube_FW_L4_V1.14.0/Drivers/CMSIS/docs/RTOS2/html/search/variables_6.js
62b4e414bbcda5d0ce056bfadf8630,,STM32Cube_FW_L4_V1.14.0/Drivers/CMSIS/DSP/DSP_Lib_TestSuite/Common/platform/system_ARMv8MBL.c
d8cd53c7fe7a66a59ff9c5ce28b286,,STM32Cube_FW_L4_V1.14.0/Drivers/CMSIS/DSP/DSP_Lib_TestSuite/Common/inc/intrinsics_tests/intrinsics_templates.h
b3a7663096d03f6c5983faf4207a15,,STM32Cube_FW_L4_V1.14.0/Drivers/CMSIS/DSP/DSP_Lib_TestSuite/Common/inc/templates/template.h
831e973f4a1e895310e17a424f8759,,STM32Cube_FW_L4_V1.14.0/Drivers/CMSIS/DSP/DSP_Lib_TestSuite/Common/inc/controller_tests/controller_test_data.h
45b49034b37cf22c6b00fe4cd2fa70,,STM32Cube_FW_L4_V1.14.0/Drivers/CMSIS/DSP/DSP_Lib_TestSuite/Common/src/support_tests/x_to_y_tests.c
e356442285653d23c7f2131f72202c,,STM32Cube_FW_L4_V1.14.0/Drivers/CMSIS/DSP/Source/FilteringFunctions/arm_biquad_cascade_df1_init_q15.c
cc6a01e90db829a4ec94c7f5fa11a4,,STM32Cube_FW_L4_V1.14.0/Drivers/CMSIS/DSP/Source/MatrixFunctions/arm_mat_init_f32.c
8b83838d14e074454ed9c7593c2c0b,,STM32Cube_FW_L4_V1.14.0/Drivers/CMSIS/Device/ST/STM32L4xx/Source/Templates/iar/startup_stm32l4s9xx.s
81f6f978b3936e626fd0d8c9d44b85,,STM32Cube_FW_L4_V1.14.0/Projects/NUCLEO-L412KB/Templates/Src/stm32l4xx_hal_msp.c
019e449fa00e2c0887a74a72216600,,STM32Cube_FW_L4_V1.14.0/Projects/NUCLEO-L412KB/Examples/CRC/CRC_Data_Reversing_16bit_CRC/Inc/stm32l4xx_it.h
15821fd2e1181dd527864da6af8166,,STM32Cube_FW_L4_V1.14.0/Projects/32L496GDISCOVERY/Applications/FatFs/FatFs_uSD_Standalone/Inc/stm32l4xx_it.h
b7e7c8f7513cbc66bd98b361ba7114,,STM32Cube_FW_L4_V1.14.0/Projects/32L496GDISCOVERY/Demonstrations/Modules/main_app/main_app.c
b7e7c8f7513cbc66bd98b361ba7114,,STM32Cube_FW_L4_V1.14.0/Projects/32L476GDISCOVERY/Demonstrations/Modules/main_app/main_app.c
0d699dbc2f1c6a6fb7448d15cd7181,,STM32Cube_FW_L4_V1.14.0/Projects/STM32L4R9I-EVAL/Examples/RTC/RTC_Tamper/Src/main.c
63d508663bb3e74ad9cc0e2eafd6bb,,STM32Cube_FW_L4_V1.14.0/Projects/STM32L4R9I-EVAL/Examples/BSP/Inc/flying.h
9c84b4bbeeb49bfdd66535f8587613,,STM32Cube_FW_L4_V1.14.0/Projects/STM32L4R9I-EVAL/Demonstrations/STemWin/MB1314/Gui/Core/clock_faces/generated/set_alarm/alarm/new_alarm_icon_selected.c
3ba4dcadef8b05bf632267d82995f9,,STM32Cube_FW_L4_V1.14.0/Projects/32L4R9IDISCOVERY/Examples/FLASH/FLASH_FastProgram/Inc/main.h
9c84b4bbeeb49bfdd66535f8587613,,STM32Cube_FW_L4_V1.14.0/Projects/32L4R9IDISCOVERY/Demonstrations/STemWin/Gui/Core/clock_faces/generated/set_alarm/alarm/new_alarm_icon_selected.c
6a3a1dda5448b5127fec5d756941f0,,STM32Cube_FW_L4_V1.14.0/Projects/NUCLEO-L452RE/Examples/I2C/I2C_TwoBoards_AdvComIT/Src/main.c
b13fac8c32e5e1843864bf56193676,,STM32Cube_FW_L4_V1.14.0/Projects/NUCLEO-L476RG/Examples_LL/RNG/RNG_GenerateRandomNumbers_IT/Src/stm32l4xx_it.c
bf13ec08e701a988cd62b85a98f8f0,,STM32Cube_FW_L4_V1.14.0/Projects/NUCLEO-L476RG/Examples_LL/SPI/SPI_OneBoard_HalfDuplex_DMA_Init/Src/main.c
ba02075802876f9e67a9b192d1aee3,,STM32Cube_FW_L4_V1.14.0/Projects/NUCLEO-L432KC/Examples/RNG/RNG_MultiRNG_IT/Inc/stm32l4xx_hal_conf.h
ba02075802876f9e67a9b192d1aee3,,STM32Cube_FW_L4_V1.14.0/Projects/NUCLEO-L432KC/Examples/RNG/RNG_MultiRNG/Inc/stm32l4xx_hal_conf.h
3e93dfa054e86b21754d8b416b5b6d,,STM32Cube_FW_L4_V1.14.0/Projects/STM32L476G-EVAL/Applications/USB_Host/MSC_Standalone/TrueSTUDIO/STM32L476G_EVAL_USBH-FS/STM32L476ZG_FLASH.ld
3e93dfa054e86b21754d8b416b5b6d,,STM32Cube_FW_L4_V1.14.0/Projects/STM32L476G-EVAL/Applications/USB_Host/HID_Standalone/TrueSTUDIO/STM32L476G_EVAL_USBH-FS/STM32L476ZG_FLASH.ld
15821fd2e1181dd527864da6af8166,,STM32Cube_FW_L4_V1.14.0/Projects/STM32L476G-EVAL/Applications/FatFs/FatFs_uSD_Standalone/Inc/stm32l4xx_it.h
c595d5465a3fd591dfa3f9e200b442,,STM32Cube_FW_L4_V1.14.0/Projects/STM32L476G-EVAL/Examples/WWDG/WWDG_Example/Src/main.c
c6d65faba9088a8f66ddfca70f91c7,,STM32Cube_FW_L4_V1.14.0/Projects/NUCLEO-L496ZG/Examples/ADC/ADC_Regular_injected_groups/Inc/stm32l4xx_it.h
181b10d8141a18fc1e63e4fd928be6,,STM32Cube_FW_L4_V1.14.0/Projects/NUCLEO-L496ZG/Demonstrations/Adafruit_LCD_1_8_SD_Joystick/MDK-ARM/startup_stm32l496xx.s
ba5c0de9e5721f1f87981c5024b0bb,,STM32Cube_FW_L4_V1.14.0/Projects/NUCLEO-L496ZG/Examples_LL/ADC/ADC_Oversampling/Inc/main.h
8461954f02e89b9a5b91ace7217f6f,,STM32Cube_FW_L4_V1.14.0/Projects/NUCLEO-L496ZG/Examples_LL/ADC/ADC_SingleConversion_TriggerSW_IT/Src/main.c
b13fac8c32e5e1843864bf56193676,,STM32Cube_FW_L4_V1.14.0/Projects/NUCLEO-L496ZG/Examples_LL/RNG/RNG_GenerateRandomNumbers_IT/Src/stm32l4xx_it.c
81f6f978b3936e626fd0d8c9d44b85,,STM32Cube_FW_L4_V1.14.0/Projects/NUCLEO-L412RB-P/Templates/Src/stm32l4xx_hal_msp.c
ebe0e9f0a0aa4a320e766fb34a7ae1,,STM32Cube_FW_L4_V1.14.0/Projects/NUCLEO-L412RB-P/Examples/IWDG/IWDG_Reset/Src/stm32l4xx_hal_msp.c
019e449fa00e2c0887a74a72216600,,STM32Cube_FW_L4_V1.14.0/Projects/NUCLEO-L412RB-P/Examples/CRC/CRC_Data_Reversing_16bit_CRC/Inc/stm32l4xx_it.h
e748a8e9c9a26c1f77f063f7f858a6,,Packs/STMicroelectronics/X-CUBE-AI/5.1.2/Utilities/linux/scipy/linalg/decomp_schur.py
46ec09db695912c399127d2a8177a4,,Packs/STMicroelectronics/X-CUBE-AI/5.1.2/Utilities/linux/scipy/special/__init__.py
b7699e419f6f0d177bf90e35fd127c,,Packs/STMicroelectronics/X-CUBE-AI/5.1.2/Utilities/linux/scipy/stats/tests/test_rank.py
e15dd39fa7291fa7ccbc2171bfa885,,Packs/STMicroelectronics/X-CUBE-AI/5.1.2/Utilities/linux/tk/msgs/en.msg
93e3dbb674f512b27d8b4ccc3d588f,,Packs/STMicroelectronics/X-CUBE-AI/5.1.2/Utilities/linux/onnx/backend/test/data/pytorch-operator/test_operator_convtranspose/test_data_set_0/input_0.pb
9b0f81a542141ecfeafca45b521757,,Packs/STMicroelectronics/X-CUBE-AI/5.1.2/Utilities/linux/onnx/utils.py
f5c547f3cf25068c70402c7466526a,,Packs/STMicroelectronics/X-CUBE-AI/5.1.2/Utilities/linux/theano/tests/unittest_tools.py
8b8b246d35b712a03318f167b0d1cc,,Packs/STMicroelectronics/X-CUBE-AI/5.1.2/Utilities/linux/theano/tensor/tests/test_basic.py
711ba255b9c6855795f25608aec3ec,,Packs/STMicroelectronics/X-CUBE-AI/5.1.2/Utilities/linux/theano/gpuarray/tests/config.py
c464297442160e1b9fd7c4e85dfc56,,Packs/STMicroelectronics/X-CUBE-AI/5.1.2/Utilities/linux/tensorflow_core/_api/v2/xla/__init__.py
1cd86499b5e53dd541bcd4f2f94a71,,Packs/STMicroelectronics/X-CUBE-AI/5.1.2/Utilities/linux/tensorflow_core/_api/v2/queue/__init__.py
c464297442160e1b9fd7c4e85dfc56,,Packs/STMicroelectronics/X-CUBE-AI/5.1.2/Utilities/linux/tensorflow_core/_api/v2/compat/v2/xla/__init__.py
1cd86499b5e53dd541bcd4f2f94a71,,Packs/STMicroelectronics/X-CUBE-AI/5.1.2/Utilities/linux/tensorflow_core/_api/v2/compat/v2/queue/__init__.py
c464297442160e1b9fd7c4e85dfc56,,Packs/STMicroelectronics/X-CUBE-AI/5.1.2/Utilities/linux/tensorflow_core/_api/v2/compat/v1/xla/__init__.py
1cd86499b5e53dd541bcd4f2f94a71,,Packs/STMicroelectronics/X-CUBE-AI/5.1.2/Utilities/linux/tensorflow_core/_api/v2/compat/v1/queue/__init__.py
2b47cdf409628fbd71cd633a61c182,,Packs/STMicroelectronics/X-CUBE-AI/5.1.2/Utilities/linux/tensorflow_core/python/ops/distributions/transformed_distribution.py
a8427b9d84870ece671dc79cdcf6cc,,Packs/STMicroelectronics/X-CUBE-AI/5.1.2/Utilities/linux/tensorflow_core/python/keras/applications/resnet.py
847f164fcf583179027b0aaecb41ee,,Packs/STMicroelectronics/X-CUBE-AI/5.1.2/Utilities/linux/tensorflow_core/python/training/saving/saveable_object_util.py
6ad19fb1e57ba7da5c33cdac92b02c,,Packs/STMicroelectronics/X-CUBE-AI/5.1.2/Utilities/linux/tensorflow_core/python/tpu/tensor_tracer_pb2.py
59f4d7b847bf7d9b963b61551f79c0,,Packs/STMicroelectronics/X-CUBE-AI/5.1.2/Utilities/linux/tensorflow_core/python/distribute/input_ops.py
4583e0e86d43e93a47d3f193b2f9d9,,Packs/STMicroelectronics/X-CUBE-AI/5.1.2/Utilities/linux/tensorflow_core/include/external/boringssl/src/include/openssl/cast.h
73eb602c36fa668f6a3a32debdad44,,Packs/STMicroelectronics/X-CUBE-AI/5.1.2/Utilities/linux/tensorflow_core/include/external/aws/aws-cpp-sdk-s3/include/aws/s3/model/Initiator.h
fc40793498eb3a2b3527df938f006281,,Middlewares/ST/STM32_USB_Host_Library/Core/Src/usbh_ctlreq.c
