69426a322a7bd1492785bacbf014fa,,STM32Cube_FW_L4_V1.14.0/Middlewares/Third_Party/FatFs/src/ff_gen_drv.c
0a31d2e4263281d853a1e702e0a06d,,STM32Cube_FW_L4_V1.14.0/Middlewares/ST/STM32_USB_Host_Library/Class/MTP/Inc/usbh_mtp_ptp.h
78535c8b2f5e365b45bc514484ec42,,STM32Cube_FW_L4_V1.14.0/Drivers/STM32L4xx_HAL_Driver/Src/stm32l4xx_ll_utils.c
1372121ba01251f248f1b306327e6a,,STM32Cube_FW_L4_V1.14.0/Drivers/STM32L4xx_HAL_Driver/Inc/stm32l4xx_ll_comp.h
9f31b6523266c3699470b82b1f2ce1,,STM32Cube_FW_L4_V1.14.0/Drivers/BSP/Components/wm8994/wm8994.c
1bb17b28cc84c18cd388ce9182cce8,,STM32Cube_FW_L4_V1.14.0/Drivers/CMSIS/docs/Driver/html/search/variables_8.js
71a61615f52266e94e61ecb637c372,,STM32Cube_FW_L4_V1.14.0/Drivers/CMSIS/docs/Core_A/html/search/enumvalues_8.js
6bef9a3f294944e4c22af95ffee80b,,STM32Cube_FW_L4_V1.14.0/Drivers/CMSIS/docs/Core/html/structMPU__Type.js
4cb3c61989ee5bc530f2c44d39d051,,STM32Cube_FW_L4_V1.14.0/Drivers/CMSIS/docs/DSP/html/search/variables_e.js
5983773a13c1bff37ce4376aeaa425,,STM32Cube_FW_L4_V1.14.0/Drivers/CMSIS/DSP/DSP_Lib_TestSuite/Common/src/matrix_tests/matrix_test_group.c
87ff79e57f9a47372e400b3652c487,,STM32Cube_FW_L4_V1.14.0/Drivers/CMSIS/DSP/DSP_Lib_TestSuite/Common/src/all_tests.c
d83b21733aa924c565e95946d0ecd1,,STM32Cube_FW_L4_V1.14.0/Projects/32L476GDISCOVERY/Examples/DFSDM/DFSDM_AudioRecord/Inc/stm32l4xx_it.h
83861780ce589ea24675b0435fc788,,STM32Cube_FW_L4_V1.14.0/Projects/32L476GDISCOVERY/Demonstrations/Core/Inc/stm32l4xx_it.h
200bf892377affb8e57b0a125e3cf1,,STM32Cube_FW_L4_V1.14.0/Projects/STM32L4R9I-EVAL/Applications/STemWin/MB1315/SampleDemo/STemWin/App/GUIDEMO_ColorBar.c
42da97c85873131d14ee9a929f97ba,,STM32Cube_FW_L4_V1.14.0/Projects/STM32L4R9I-EVAL/Examples/UART/LPUART_WakeUpFromStop/Src/main.c
5dbe1c2ef1d307cbd67e4b8420e46e,,STM32Cube_FW_L4_V1.14.0/Projects/B-L475E-IOT01A/Applications/BLE/Common/ble_services/blesvc.h
6974dab9cc71e2238d11e6589e8817,,STM32Cube_FW_L4_V1.14.0/Projects/NUCLEO-L4R5ZI/Examples/RTC/RTC_TimeStamp/Src/main.c
377276262f828abc2a4cf993b3a6ae,,STM32Cube_FW_L4_V1.14.0/Projects/NUCLEO-L4R5ZI/Examples/HASH/HASH_HMAC_SHA224SHA1_DMA_Suspension/SW4STM32/STM32L4S5ZI_NUCLEO/STM32L4S5ZITx_FLASH.ld
377276262f828abc2a4cf993b3a6ae,,STM32Cube_FW_L4_V1.14.0/Projects/NUCLEO-L4R5ZI/Examples/HASH/HASH_HMAC_SHA224SHA256_MultiBuffer_DMA/SW4STM32/STM32L4S5ZI_NUCLEO/STM32L4S5ZITx_FLASH.ld
377276262f828abc2a4cf993b3a6ae,,STM32Cube_FW_L4_V1.14.0/Projects/NUCLEO-L4R5ZI/Examples/HASH/HASH_SHA1MD5_DMA/SW4STM32/STM32L4S5ZI_NUCLEO/STM32L4S5ZITx_FLASH.ld
377276262f828abc2a4cf993b3a6ae,,STM32Cube_FW_L4_V1.14.0/Projects/NUCLEO-L4R5ZI/Examples/HASH/HASH_SHA256MD5_DMA_Suspension/SW4STM32/STM32L4S5ZI_NUCLEO/STM32L4S5ZITx_FLASH.ld
377276262f828abc2a4cf993b3a6ae,,STM32Cube_FW_L4_V1.14.0/Projects/NUCLEO-L4R5ZI/Examples/HASH/HASH_SHA1MD5/SW4STM32/STM32L4S5ZI_NUCLEO/STM32L4S5ZITx_FLASH.ld
377276262f828abc2a4cf993b3a6ae,,STM32Cube_FW_L4_V1.14.0/Projects/NUCLEO-L4R5ZI/Examples/HASH/HASH_HMAC_SHA256MD5_IT_Suspension/SW4STM32/STM32L4S5ZI_NUCLEO/STM32L4S5ZITx_FLASH.ld
377276262f828abc2a4cf993b3a6ae,,STM32Cube_FW_L4_V1.14.0/Projects/NUCLEO-L4R5ZI/Examples/HASH/HASH_SHA224SHA256_DMA/SW4STM32/STM32L4S5ZI_NUCLEO/STM32L4S5ZITx_FLASH.ld
377276262f828abc2a4cf993b3a6ae,,STM32Cube_FW_L4_V1.14.0/Projects/NUCLEO-L4R5ZI/Examples/HASH/HASH_SHA1SHA224_IT_Suspension/SW4STM32/STM32L4S5ZI_NUCLEO/STM32L4S5ZITx_FLASH.ld
377276262f828abc2a4cf993b3a6ae,,STM32Cube_FW_L4_V1.14.0/Projects/NUCLEO-L4R5ZI/Examples/HASH/HASH_HMAC_SHA1MD5/SW4STM32/STM32L4S5ZI_NUCLEO/STM32L4S5ZITx_FLASH.ld
de26d70e25aa8448fc981a909e0dcc,,STM32Cube_FW_L4_V1.14.0/Projects/NUCLEO-L476RG/Examples/UART/UART_TwoBoards_ComPolling/Src/stm32l4xx_hal_msp.c
66ad3bf6031c1cb2d26209cb632937,,STM32Cube_FW_L4_V1.14.0/Projects/NUCLEO-L476RG/Examples_LL/DAC/DAC_GenerateWaveform_TriggerHW/Inc/main.h
1bae029143f059b29560c8a01911da,,STM32Cube_FW_L4_V1.14.0/Projects/NUCLEO-L476RG/Examples_LL/DAC/DAC_GenerateConstantSignal_TriggerSW/Inc/main.h
b527a6243af2daf0b7a8012f68a0b5,,STM32Cube_FW_L4_V1.14.0/Projects/NUCLEO-L432KC/Applications/USB_Device/HID_Standalone_BCD/Inc/usbd_conf.h
b527a6243af2daf0b7a8012f68a0b5,,STM32Cube_FW_L4_V1.14.0/Projects/NUCLEO-L432KC/Applications/USB_Device/HID_Standalone/Inc/usbd_conf.h
f5c7fbb7b7d2966cd5024b62b748b3,,STM32Cube_FW_L4_V1.14.0/Projects/STM32L476G-EVAL/Applications/USB_Device/HID_Standalone_BCD/Src/main.c
2ff4b00db5e511a11f03cd8e4abb55,,STM32Cube_FW_L4_V1.14.0/Projects/STM32L476G-EVAL/Examples/TIM/TIM_InputCapture/Src/main.c
645b4a0e328729d5ecb84c861e7a0e,,STM32Cube_FW_L4_V1.14.0/Projects/NUCLEO-L496ZG/Examples/HASH/HASH_HMAC_SHA224SHA256_MultiBuffer_DMA/Inc/stm32l4xx_hal_conf.h
645b4a0e328729d5ecb84c861e7a0e,,STM32Cube_FW_L4_V1.14.0/Projects/NUCLEO-L496ZG/Examples/HASH/HASH_SHA1MD5_DMA/Inc/stm32l4xx_hal_conf.h
645b4a0e328729d5ecb84c861e7a0e,,STM32Cube_FW_L4_V1.14.0/Projects/NUCLEO-L496ZG/Examples/HASH/HASH_SHA1MD5/Inc/stm32l4xx_hal_conf.h
645b4a0e328729d5ecb84c861e7a0e,,STM32Cube_FW_L4_V1.14.0/Projects/NUCLEO-L496ZG/Examples/HASH/HASH_SHA224SHA256_DMA/Inc/stm32l4xx_hal_conf.h
645b4a0e328729d5ecb84c861e7a0e,,STM32Cube_FW_L4_V1.14.0/Projects/NUCLEO-L496ZG/Examples/HASH/HASH_SHA1SHA224_IT_Suspension/Inc/stm32l4xx_hal_conf.h
645b4a0e328729d5ecb84c861e7a0e,,STM32Cube_FW_L4_V1.14.0/Projects/NUCLEO-L496ZG/Examples/HASH/HASH_HMAC_SHA1MD5/Inc/stm32l4xx_hal_conf.h
b2da17520335ab264e52c1a3963e54,,STM32Cube_FW_L4_V1.14.0/Projects/NUCLEO-L496ZG/Examples_LL/I2C/I2C_OneBoard_Communication_IT_Init/Inc/main.h
bb3e07b3c10f0bb5ada1ad3e580b46,,STM32Cube_FW_L4_V1.14.0/Projects/NUCLEO-L412RB-P/Examples/LPTIM/LPTIM_Timeout/Src/stm32l4xx_it.c
67417d699f4bd381cacd057590cf0b,,Packs/STMicroelectronics/X-CUBE-AI/5.1.2/Utilities/linux/scipy/sparse/csgraph/tests/test_graph_laplacian.py
78bc98bfccd0471dc8f9493dbe4225,,Packs/STMicroelectronics/X-CUBE-AI/5.1.2/Utilities/linux/scipy/linalg/tests/test_sketches.py
56514d27f37f237b81b1a21e134925,,Packs/STMicroelectronics/X-CUBE-AI/5.1.2/Utilities/linux/scipy/special/tests/test_owens_t.py
0b85a8b4f27254a91f02513781d141,,Packs/STMicroelectronics/X-CUBE-AI/5.1.2/Utilities/linux/scipy/special/tests/test_zeta.py
782bc1b680511be876967cd8dd189f,,Packs/STMicroelectronics/X-CUBE-AI/5.1.2/Utilities/linux/scipy/io/arff/tests/data/quoted_nominal_spaces.arff
cc09ec737670ad50a3a0b49afb959b,,Packs/STMicroelectronics/X-CUBE-AI/5.1.2/Utilities/linux/tensorboard/plugins/debugger/debug_graphs_helper.py
74c90d28e52dd99a01377a96f462e3,,Packs/STMicroelectronics/X-CUBE-AI/5.1.2/Utilities/linux/tcl/encoding/gb2312-raw.enc
3993877a45ac7091cfc81cfd4a4d43,,Packs/STMicroelectronics/X-CUBE-AI/5.1.2/Utilities/linux/tcl/encoding/iso8859-13.enc
de52a662336a590c71948294e904d4,,Packs/STMicroelectronics/X-CUBE-AI/5.1.2/Utilities/linux/tk/spinbox.tcl
ae0c659cabd227cb13dc90ddba09d5,,Packs/STMicroelectronics/X-CUBE-AI/5.1.2/Utilities/linux/onnx/backend/test/data/node/test_gather_1/test_data_set_0/output_0.pb
a1b6f4b515fc5ea9720ebfb2a4cc81,,Packs/STMicroelectronics/X-CUBE-AI/5.1.2/Utilities/linux/onnx/backend/test/data/node/test_resize_downsample_scales_cubic_align_corners/model.onnx
e61f88cbb3c6ee90acc127614474c0,,Packs/STMicroelectronics/X-CUBE-AI/5.1.2/Utilities/linux/onnx/backend/test/data/pytorch-converted/test_Conv2d_groups/test_data_set_0/output_0.pb
2c62b7af642ae5b2f13897e3de0379,,Packs/STMicroelectronics/X-CUBE-AI/5.1.2/Utilities/linux/onnx/backend/test/case/node/floor.py
f2a654c5160aaa3f0eab5a6c51281d,,Packs/STMicroelectronics/X-CUBE-AI/5.1.2/Utilities/linux/onnx/version_converter/adapters/upsample_9_8.h
d8e9feaba78e342ab5dbc0497fa2ab,,Packs/STMicroelectronics/X-CUBE-AI/5.1.2/Utilities/linux/libx264.so.148
c7dfbb361fb3d3e87d2a73888bb52f,,Packs/STMicroelectronics/X-CUBE-AI/5.1.2/Utilities/linux/libboost_system.so.1.58.0
2877fdf2fc4cda7d59070af855c77d,,Packs/STMicroelectronics/X-CUBE-AI/5.1.2/Utilities/linux/theano/tensor/c_code/alt_blas_template.c
94409f10071bba30fb9df382d4940e,,Packs/STMicroelectronics/X-CUBE-AI/5.1.2/Utilities/linux/theano/compile/ops.py
b10cf053807b361f384bc429243649,,Packs/STMicroelectronics/X-CUBE-AI/5.1.2/Utilities/linux/theano/gof/tests/test_link.py
5de02de34028da5c744d2ac35efcc9,,Packs/STMicroelectronics/X-CUBE-AI/5.1.2/Utilities/linux/theano/gof/compiledir.py
8ca9c6973671a2c3972877816b713d,,Packs/STMicroelectronics/X-CUBE-AI/5.1.2/Utilities/linux/include/patchlevel.h
627dca1f94ca9722f7640b77429d1a,,Packs/STMicroelectronics/X-CUBE-AI/5.1.2/Utilities/linux/include/pytime.h
8ca9c6973671a2c3972877816b713d,,Packs/STMicroelectronics/X-CUBE-AI/5.1.2/Utilities/linux/include/x86_64-linux-gnu/python3.5m/patchlevel.h
627dca1f94ca9722f7640b77429d1a,,Packs/STMicroelectronics/X-CUBE-AI/5.1.2/Utilities/linux/include/x86_64-linux-gnu/python3.5m/pytime.h
a317022524e276aebcb414a77912c1,,Packs/STMicroelectronics/X-CUBE-AI/5.1.2/Utilities/linux/generate/tflite/PowOptions.py
68029f29ed1b1f3fd1f80097ce400c,,Packs/STMicroelectronics/X-CUBE-AI/5.1.2/Utilities/linux/generate/tflite/LSHProjectionOptions.py
138d1646e9c4f916eb9a5a95a3729b,,Packs/STMicroelectronics/X-CUBE-AI/5.1.2/Utilities/linux/tensorflow_core/_api/v2/sparse/__init__.py
138d1646e9c4f916eb9a5a95a3729b,,Packs/STMicroelectronics/X-CUBE-AI/5.1.2/Utilities/linux/tensorflow_core/_api/v2/compat/v2/sparse/__init__.py
67a9ac880450594a0e76edff9f143a,,Packs/STMicroelectronics/X-CUBE-AI/5.1.2/Utilities/linux/tensorflow_core/core/framework/remote_fused_graph_execute_info_pb2.py
32182ce8471de0c12c566f16e4e5ad,,Packs/STMicroelectronics/X-CUBE-AI/5.1.2/Utilities/linux/tensorflow_core/python/feature_column/feature_column_lib.py
f4b3a074b5452b19215c0f118503aa,,Packs/STMicroelectronics/X-CUBE-AI/5.1.2/Utilities/linux/tensorflow_core/python/ops/gen_audio_ops.py
ae59283f41d1a513b3fbaebf863342,,Packs/STMicroelectronics/X-CUBE-AI/5.1.2/Utilities/linux/tensorflow_core/include/Eigen/src/Core/TriangularMatrix.h
75188fca64c2177db1de3ea0ff24fa,,Packs/STMicroelectronics/X-CUBE-AI/5.1.2/Utilities/linux/tensorflow_core/include/Eigen/src/Core/arch/CUDA/Complex.h
97ed6d3677254bf5c0cc305a284052,,Packs/STMicroelectronics/X-CUBE-AI/5.1.2/Utilities/linux/tensorflow_core/include/external/aws/aws-cpp-sdk-core/include/aws/core/http/curl/CurlHandleContainer.h
8e26debf182ea0f838ea8dad3221b3,,Packs/STMicroelectronics/X-CUBE-AI/5.1.2/Utilities/linux/tensorflow_core/include/google/protobuf/compiler/csharp/csharp_doc_comment.h
5be72452a6850ef9dc2b26c104961f,,Packs/STMicroelectronics/X-CUBE-AI/5.1.2/Utilities/linux/tensorflow_core/include/google/protobuf/compiler/cpp/cpp_message_field.h
baa35ba3ad998b1eba7f1fcf7fb6f3,,Packs/STMicroelectronics/X-CUBE-AI/5.1.2/Utilities/linux/tensorflow_core/include/google/protobuf/util/internal/default_value_objectwriter.h
47801fdc74081ac98b77a1a491b3c9,,Packs/STMicroelectronics/X-CUBE-AI/5.1.2/Utilities/linux/tensorflow_core/include/google/protobuf/util/internal/object_source.h
041b8478aba70e5d0449e20af1103a,,Packs/STMicroelectronics/X-CUBE-AI/5.1.2/Utilities/linux/tensorflow_core/include/unsupported/Eigen/CXX11/src/Tensor/TensorConvolutionSycl.h
835335e70a471f237fe67bb0039d8e,,Packs/STMicroelectronics/X-CUBE-AI/5.1.2/Utilities/linux/tensorflow_core/include/tensorflow/core/platform/default/stacktrace.h
3678a5458b4826a7b546f1c2a6d52e,,Packs/STMicroelectronics/X-CUBE-AI/5.1.2/Utilities/linux/tensorflow_core/include/tensorflow/core/platform/mem.h
d359ba48ed7f0740f5e14215e75db5,,Packs/STMicroelectronics/X-CUBE-AI/5.1.2/Utilities/linux/modules/EmbedNets/tools/inspector/workspace/lib/static/libst_cmsis_nn.a
3f08c528ccffbc86ff55a77377089b,,Packs/STMicroelectronics/X-CUBE-AI/5.1.2/Utilities/linux/numpy/lib/stride_tricks.py
bb2d35441a48d8e8f8ff7ccd962f87,,Packs/STMicroelectronics/X-CUBE-AI/5.1.2/Middlewares/ST/AI/Validation/Inc/aiTestUtility.h
67417d699f4bd381cacd057590cf0b,,Packs/STMicroelectronics/X-CUBE-AI/5.0.0/Utilities/windows/scipy/sparse/csgraph/tests/test_graph_laplacian.py
78bc98bfccd0471dc8f9493dbe4225,,Packs/STMicroelectronics/X-CUBE-AI/5.0.0/Utilities/windows/scipy/linalg/tests/test_sketches.py
56514d27f37f237b81b1a21e134925,,Packs/STMicroelectronics/X-CUBE-AI/5.0.0/Utilities/windows/scipy/special/tests/test_owens_t.py
0b85a8b4f27254a91f02513781d141,,Packs/STMicroelectronics/X-CUBE-AI/5.0.0/Utilities/windows/scipy/special/tests/test_zeta.py
2e66d939501e680ad022d61fff099b,,Packs/STMicroelectronics/X-CUBE-AI/5.0.0/Utilities/windows/scip