6132846bfbf186045d83f4419124cd,,STM32Cube_FW_L4_V1.14.0/Drivers/STM32L4xx_HAL_Driver/Inc/stm32l4xx_hal_smbus.h
8de3ce29d221fd9c5b6acaf553c4e2,,STM32Cube_FW_L4_V1.14.0/Drivers/BSP/STM32L4R9I_EVAL/stm32l4r9i_eval_gfxmmu_lut.h
48adafb4210d4855a7731d4f4c0082,,STM32Cube_FW_L4_V1.14.0/Drivers/BSP/STM32L476G-Discovery/stm32l476g_discovery_compass.c
29cbe866e88a1d7053c3d026f1b196,,STM32Cube_FW_L4_V1.14.0/Drivers/CMSIS/NN/Source/ActivationFunctions/arm_relu_q7.c
2da43e7280a7632404ecbff12f3799,,STM32Cube_FW_L4_V1.14.0/Drivers/CMSIS/NN/NN_Lib_Tests/nn_test/Ref_Implementations/arm_fully_connected_q7_opt_ref.c
930011cd0575aa5978f19e5137697e,,STM32Cube_FW_L4_V1.14.0/Projects/NUCLEO-L412KB/Examples_LL/CRC/CRC_UserDefinedPolynomial/Src/stm32l4xx_it.c
e68cbc34390509bb8d5a8bbebc090f,,STM32Cube_FW_L4_V1.14.0/Projects/32L496GDISCOVERY/Examples/QSPI/QSPI_ReadWrite_DMA/Src/main.c
602724283c06d52184ef3cf34cb2d4,,STM32Cube_FW_L4_V1.14.0/Projects/32L476GDISCOVERY/Examples/SAI/SAI_AudioPlay/Src/stm32l4xx_it.c
57d4339d98c6950745c47656132634,,STM32Cube_FW_L4_V1.14.0/Projects/STM32L4R9I-EVAL/Examples/RTC/RTC_TimeStamp/Src/stm32l4xx_it.c
32a62a3f91526b1ab2488104bd977c,,STM32Cube_FW_L4_V1.14.0/Projects/STM32L4R9I-EVAL/Examples/BSP/Src/joystick.c
2d0adc5b1268ee34d73f37914405be,,STM32Cube_FW_L4_V1.14.0/Projects/STM32L4R9I-EVAL/Demonstrations/STemWin/MB1314/Gui/Core/audio_recorder/generated/record_info.c
159d67e2a558ccd8c6e613bd52b339,,STM32Cube_FW_L4_V1.14.0/Projects/STM32L4R9I-EVAL/Demonstrations/STemWin/MB1314/Gui/Core/audio_player/generated/player_icon_play_unpressed.c
b55f1c5c5dca264151b648e3095440,,STM32Cube_FW_L4_V1.14.0/Projects/STM32L4R9I-EVAL/Demonstrations/STemWin/MB1314/Gui/Core/audio_player/generated/player_icon_previous_pressed.c
60ac6676d0defcc7c02bf353864c26,,STM32Cube_FW_L4_V1.14.0/Projects/STM32L4R9I-EVAL/Demonstrations/STemWin/MB1314/Gui/Core/audio_player/generated/player_icon_pause_unpressed.c
39f2d1b7a50bd0d831928d462561b2,,STM32Cube_FW_L4_V1.14.0/Projects/B-L475E-IOT01A/Applications/BLE/Common/utilities/list.c
3684d6b33b35426d061ae99f9601bc,,STM32Cube_FW_L4_V1.14.0/Projects/B-L475E-IOT01A/Examples/BSP/Src/sensors.c
7c873cec82d927c65bb27d7948d41a,,STM32Cube_FW_L4_V1.14.0/Projects/32L4R9IDISCOVERY/Examples/OSPI/OSPI_NOR_ReadWrite_DMA_DTR/Src/main.c
75a2faab26845848ff2c1de7e7dee3,,STM32Cube_FW_L4_V1.14.0/Projects/32L4R9IDISCOVERY/Examples/FLASH/FLASH_EraseProgram/Inc/main.h
82c3a934dd65c550570e8cd9475104,,STM32Cube_FW_L4_V1.14.0/Projects/32L4R9IDISCOVERY/Examples/RCC/RCC_ClockConfig/Inc/stm32l4xx_it.h
2d0adc5b1268ee34d73f37914405be,,STM32Cube_FW_L4_V1.14.0/Projects/32L4R9IDISCOVERY/Demonstrations/STemWin/Gui/Core/audio_recorder/generated/record_info.c
159d67e2a558ccd8c6e613bd52b339,,STM32Cube_FW_L4_V1.14.0/Projects/32L4R9IDISCOVERY/Demonstrations/STemWin/Gui/Core/audio_player/generated/player_icon_play_unpressed.c
b55f1c5c5dca264151b648e3095440,,STM32Cube_FW_L4_V1.14.0/Projects/32L4R9IDISCOVERY/Demonstrations/STemWin/Gui/Core/audio_player/generated/player_icon_previous_pressed.c
60ac6676d0defcc7c02bf353864c26,,STM32Cube_FW_L4_V1.14.0/Projects/32L4R9IDISCOVERY/Demonstrations/STemWin/Gui/Core/audio_player/generated/player_icon_pause_unpressed.c
57d4339d98c6950745c47656132634,,STM32Cube_FW_L4_V1.14.0/Projects/NUCLEO-L452RE/Examples/RTC/RTC_TimeStamp/Src/stm32l4xx_it.c
335c1466bf6af5267841148945f7dc,,STM32Cube_FW_L4_V1.14.0/Projects/NUCLEO-L4R5ZI/Applications/USB_Host/HID_Standalone/Inc/stm32l4xx_hal_conf.h
57d4339d98c6950745c47656132634,,STM32Cube_FW_L4_V1.14.0/Projects/NUCLEO-L4R5ZI/Examples/RTC/RTC_TimeStamp/Src/stm32l4xx_it.c
724037e9f6ac373f523888a0983a9c,,STM32Cube_FW_L4_V1.14.0/Projects/NUCLEO-L476RG/Examples/RTC/RTC_Tamper/Src/main.c
57d4339d98c6950745c47656132634,,STM32Cube_FW_L4_V1.14.0/Projects/NUCLEO-L476RG/Examples/RTC/RTC_TimeStamp/Src/stm32l4xx_it.c
0e2de908ba0b01f3378bef1dd41932,,STM32Cube_FW_L4_V1.14.0/Projects/NUCLEO-L476RG/Examples/CRC/CRC_Bytes_Stream_7bit_CRC/Inc/stm32l4xx_hal_conf.h
b193a8d94cfa6d8036de2fa4a96520,,STM32Cube_FW_L4_V1.14.0/Projects/NUCLEO-L476RG/Examples_LL/ADC/ADC_ContinuousConversion_TriggerSW_Init/Src/main.c
57d4339d98c6950745c47656132634,,STM32Cube_FW_L4_V1.14.0/Projects/STM32L476G-EVAL/Examples/RTC/RTC_TimeStamp/Src/stm32l4xx_it.c
57d4339d98c6950745c47656132634,,STM32Cube_FW_L4_V1.14.0/Projects/NUCLEO-L496ZG/Examples/RTC/RTC_TimeStamp/Src/stm32l4xx_it.c
485f23f55eb1678966691cbf6ffa6b,,STM32Cube_FW_L4_V1.14.0/Projects/NUCLEO-L412RB-P/Examples_LL/RTC/RTC_Alarm/Src/stm32l4xx_it.c
930011cd0575aa5978f19e5137697e,,STM32Cube_FW_L4_V1.14.0/Projects/NUCLEO-L412RB-P/Examples_LL/CRC/CRC_UserDefinedPolynomial/Src/stm32l4xx_it.c
7e16fe05be3e86f46ea7a9e73a523d,,Packs/STMicroelectronics/X-CUBE-AI/5.1.2/Utilities/linux/scipy/sparse/tests/test_csr.py
d6f8c836303ab1f477eab6418db5c2,,Packs/STMicroelectronics/X-CUBE-AI/5.1.2/Utilities/linux/scipy/optimize/_trustregion_constr/canonical_constraint.py
ad5e42da1d2c872223a14cc76f1d2b,,Packs/STMicroelectronics/X-CUBE-AI/5.1.2/Utilities/linux/tcl/encoding/macRomania.enc
2be385928290d180f88561ecdb1a67,,Packs/STMicroelectronics/X-CUBE-AI/5.1.2/Utilities/linux/onnx/backend/test/data/pytorch-converted/test_Conv1d_pad2/test_data_set_0/input_0.pb
69e02c90d0bf55480f7a5fbdd46de2,,Packs/STMicroelectronics/X-CUBE-AI/5.1.2/Utilities/linux/onnx/onnx_ONNX_REL_1_6_ml_pb2.py
2aebcce3a69c7ca3636f7a45a6342d,,Packs/STMicroelectronics/X-CUBE-AI/5.1.2/Utilities/linux/include/codecs.h
2aebcce3a69c7ca3636f7a45a6342d,,Packs/STMicroelectronics/X-CUBE-AI/5.1.2/Utilities/linux/include/x86_64-linux-gnu/python3.5m/codecs.h
b91de715f14b04f6fefcf8a37c2a8f,,Packs/STMicroelectronics/X-CUBE-AI/5.1.2/Utilities/linux/tensorflow_core/python/platform/app.py
a89d365bc08fe292726f7e9f344595,,Packs/STMicroelectronics/X-CUBE-AI/5.1.2/Utilities/linux/tensorflow_core/python/ops/distributions/student_t.py
4e8c5cad408f57d394acac1df758e8,,Packs/STMicroelectronics/X-CUBE-AI/5.1.2/Utilities/linux/tensorflow_core/python/ops/nn_impl.py
1d7386ba4e67ce6a71efcdef6c1cfc,,Packs/STMicroelectronics/X-CUBE-AI/5.1.2/Utilities/linux/tensorflow_core/python/keras/engine/data_adapter.py
483e70ef1d48660caee9d1b76273b4,,Packs/STMicroelectronics/X-CUBE-AI/5.1.2/Utilities/linux/tensorflow_core/python/keras/layers/wrappers.py
07652857c895c8f4b490502cd91c98,,Packs/STMicroelectronics/X-CUBE-AI/5.1.2/Utilities/linux/tensorflow_core/python/saved_model/loader.py
7f6e2a1e4958ad9e0be90050bcdcfc,,Packs/STMicroelectronics/X-CUBE-AI/5.1.2/Utilities/linux/tensorflow_core/include/Eigen/src/SparseCore/SparseSolverBase.h
7932af3160f16b0952d0a0b064e73a,,Packs/STMicroelectronics/X-CUBE-AI/5.1.2/Utilities/linux/tensorflow_core/include/Eigen/src/SparseCore/SparseAssign.h
0e5017218d387169e1de632bafe989,,Packs/STMicroelectronics/X-CUBE-AI/5.1.2/Utilities/linux/tensorflow_core/include/Eigen/src/Core/VectorBlock.h
8bc66c82e201fdf0d224b4b485454d,,Packs/STMicroelectronics/X-CUBE-AI/5.1.2/Utilities/linux/tensorflow_core/include/Eigen/src/Core/DiagonalProduct.h
ae7e85fcb856c7a8d9f66cb2cce4fc,,Packs/STMicroelectronics/X-CUBE-AI/5.1.2/Utilities/linux/tensorflow_core/include/Eigen/src/Core/arch/SYCL/SyclMemoryModel.h
638887e148ad0d999ca0eda3c94b85,,Packs/STMicroelectronics/X-CUBE-AI/5.1.2/Utilities/linux/tensorflow_core/include/external/boringssl/src/crypto/fipsmodule/bn/ctx.c
9c8177e2adac7f19a3226a57211064,,Packs/STMicroelectronics/X-CUBE-AI/5.1.2/Utilities/linux/tensorflow_core/include/external/aws/aws-cpp-sdk-s3/include/aws/s3/model/OutputLocation.h
89b09ce641984ddcd62040162b4dd5,,Packs/STMicroelectronics/X-CUBE-AI/5.1.2/Utilities/linux/tensorflow_core/include/external/aws/aws-cpp-sdk-s3/include/aws/s3/model/ListPartsRequest.h
ff518e7a3a64cb39e59e55b36e4431,,Packs/STMicroelectronics/X-CUBE-AI/5.1.2/Utilities/linux/tensorflow_core/include/external/curl/lib/dict.h
70b25875b8fd4017a3386369ff2af5,,Packs/STMicroelectronics/X-CUBE-AI/5.1.2/Utilities/linux/tensorflow_core/include/tensorflow/core/lib/core/errors.h
48a4a34792f82c0ebed2822354eac5,,Packs/STMicroelectronics/X-CUBE-AI/5.1.2/Utilities/linux/tensorflow_core/include/tensorflow/core/platform/cloud/zone_provider.h
ba5b8a032eaf42afa353bb54ccebcd,,Packs/STMicroelectronics/X-CUBE-AI/5.1.2/Utilities/linux/tensorflow_core/include/tensorflo