719845531402884ac1a43d8d4a2bc7,,STM32Cube_FW_L4_V1.14.0/Middlewares/ST/STemWin/inc/GUIDRV_Lin.h
8c1caefff959390b91cd86bb4ff0af,,STM32Cube_FW_L4_V1.14.0/Drivers/CMSIS/docs/RTOS2/html/search/enumvalues_0.js
6341e09b53018af077afd930b0e2a5,,STM32Cube_FW_L4_V1.14.0/Drivers/CMSIS/DSP/DSP_Lib_TestSuite/Common/platform/ARMCC/startup_armv7-m.s
2a56a69da97f375f04c6cc4f80352c,,STM32Cube_FW_L4_V1.14.0/Drivers/CMSIS/DSP/Source/BasicMathFunctions/arm_offset_q15.c
8154fa9ceff0ca873146d1ce17b392,,STM32Cube_FW_L4_V1.14.0/Drivers/CMSIS/DSP/Source/FilteringFunctions/arm_fir_q15.c
839b96cff5b57fc1da11e4ed15892e,,STM32Cube_FW_L4_V1.14.0/Drivers/CMSIS/DSP/Source/FilteringFunctions/arm_fir_fast_q31.c
28077cc839ccca8f5cb8ad42c8df66,,STM32Cube_FW_L4_V1.14.0/Drivers/CMSIS/DSP/Source/MatrixFunctions/arm_mat_scale_q15.c
b9afaaae171d64cfc511c79ed524f4,,STM32Cube_FW_L4_V1.14.0/Projects/32L496GDISCOVERY/Applications/USB_Device/HID_Standalone_BCD/Inc/stm32l4xx_it.h
84f37800d773b0c4abfa78db6eda4b,,STM32Cube_FW_L4_V1.14.0/Projects/32L496GDISCOVERY/Examples/DMA/DMA_FLASHToRAM/Inc/stm32l4xx_hal_conf.h
c46d6150b58233d3174bdc08826cab,,STM32Cube_FW_L4_V1.14.0/Projects/32L476GDISCOVERY/Examples/CRC/CRC_Example/Src/stm32l4xx_hal_msp.c
c46d6150b58233d3174bdc08826cab,,STM32Cube_FW_L4_V1.14.0/Projects/STM32L4R9I-EVAL/Examples/CRC/CRC_Example/Src/stm32l4xx_hal_msp.c
ae40a182b8770c9fc81628037f8177,,STM32Cube_FW_L4_V1.14.0/Projects/NUCLEO-L452RE/Applications/FreeRTOS/FreeRTOS_LowPower/Inc/main.h
2ca295b6e287e4c58ac822ba833b37,,STM32Cube_FW_L4_V1.14.0/Projects/NUCLEO-L452RE/Examples/RTC/RTC_Tamper/Src/main.c
88f6a5c613b4af8598580448820135,,STM32Cube_FW_L4_V1.14.0/Projects/NUCLEO-L452RE/Examples/PWR/PWR_ModesSelection/Src/stop1_mroff_rtc_test.c
c46d6150b58233d3174bdc08826cab,,STM32Cube_FW_L4_V1.14.0/Projects/NUCLEO-L452RE/Examples/CRC/CRC_Example/Src/stm32l4xx_hal_msp.c
6f517f3a5051066c437818d6c3a2cd,,STM32Cube_FW_L4_V1.14.0/Projects/NUCLEO-L4R5ZI/Examples/HASH/HASH_HMAC_SHA256MD5_IT_Suspension/Inc/stm32l4xx_it.h
88f6a5c613b4af8598580448820135,,STM32Cube_FW_L4_V1.14.0/Projects/NUCLEO-L4R5ZI/Examples/PWR/PWR_ModesSelection/Src/stop1_mroff_rtc_test.c
4912511a94706c8456329438b0dee2,,STM32Cube_FW_L4_V1.14.0/Projects/NUCLEO-L4R5ZI/Examples/I2C/I2C_TwoBoards_RestartComIT/Inc/main.h
c46d6150b58233d3174bdc08826cab,,STM32Cube_FW_L4_V1.14.0/Projects/NUCLEO-L4R5ZI/Examples/CRC/CRC_Example/Src/stm32l4xx_hal_msp.c
88f6a5c613b4af8598580448820135,,STM32Cube_FW_L4_V1.14.0/Projects/NUCLEO-L476RG/Examples/PWR/PWR_ModesSelection/Src/stop1_mroff_rtc_test.c
c46d6150b58233d3174bdc08826cab,,STM32Cube_FW_L4_V1.14.0/Projects/NUCLEO-L476RG/Examples/CRC/CRC_Example/Src/stm32l4xx_hal_msp.c
4a5dd65fdc0c9a6bfc8b0545e88183,,STM32Cube_FW_L4_V1.14.0/Projects/NUCLEO-L476RG/Examples_LL/WWDG/WWDG_RefreshUntilUserEvent/Src/stm32l4xx_it.c
0a2ece96e61eb2f60da174ec5f5dfd,,STM32Cube_FW_L4_V1.14.0/Projects/NUCLEO-L432KC/Examples/PWR/PWR_SLEEP/Inc/main.h
88f6a5c613b4af8598580448820135,,STM32Cube_FW_L4_V1.14.0/Projects/NUCLEO-L432KC/Examples/PWR/PWR_ModesSelection/Src/stop1_mroff_rtc_test.c
c46d6150b58233d3174bdc08826cab,,STM32Cube_FW_L4_V1.14.0/Projects/NUCLEO-L432KC/Examples/CRC/CRC_Example/Src/stm32l4xx_hal_msp.c
c46d6150b58233d3174bdc08826cab,,STM32Cube_FW_L4_V1.14.0/Projects/STM32L476G-EVAL/Examples/CRC/CRC_Example/Src/stm32l4xx_hal_msp.c
853d7dbc4e2e9256104e2fe6414933,,STM32Cube_FW_L4_V1.14.0/Projects/STM32L476G-EVAL/Demonstrations/MB1144/Modules/iddmeasure/iddmeasure_res.c
6f517f3a5051066c437818d6c3a2cd,,STM32Cube_FW_L4_V1.14.0/Projects/NUCLEO-L496ZG/Examples/HASH/HASH_HMAC_SHA256MD5_IT_Suspension/Inc/stm32l4xx_it.h
88f6a5c613b4af8598580448820135,,STM32Cube_FW_L4_V1.14.0/Projects/NUCLEO-L496ZG/Examples/PWR/PWR_ModesSelection/Src/stop1_mroff_rtc_test.c
4912511a94706c8456329438b0dee2,,STM32Cube_FW_L4_V1.14.0/Projects/NUCLEO-L496ZG/Examples/I2C/I2C_TwoBoards_RestartComIT/Inc/main.h
c46d6150b58233d3174bdc08826cab,,STM32Cube_FW_L4_V1.14.0/Projects/NUCLEO-L496ZG/Examples/CRC/CRC_Example/Src/stm32l4xx_hal_msp.c
4a5dd65fdc0c9a6bfc8b0545e88183,,STM32Cube_FW_L4_V1.14.0/Projects/NUCLEO-L496ZG/Examples_LL/WWDG/WWDG_R0b5f3dbe80b14ab7b796cc65447868,,Drivers/STM32F4xx_HAL_Driver/Src/stm32f4xx_hal_rcc.c
6587dc7d44f4960a50600df735aa03,,Drivers/STM32F4xx_HAL_Driver/Inc/stm32f4xx_hal_flash.h
