24d745131a960c5ab0e9fb4124ba87,,STM32Cube_FW_L4_V1.14.0/Middlewares/Third_Party/FreeRTOS/Source/include/task.h
5501ebaf4c6acc562263ad8f48745f,,STM32Cube_FW_L4_V1.14.0/Middlewares/ST/STM32_USB_Device_Library/Class/MSC/Src/usbd_msc_data.c
430dbb59e4bd7f168e704fc48c875b,,STM32Cube_FW_L4_V1.14.0/Middlewares/ST/STemWin/inc/GUIDRV_FlexColor_Private.h
418a7b53d90ced90241e3dbcac50c3,,STM32Cube_FW_L4_V1.14.0/Drivers/CMSIS/docs/Driver/html/group__sai__execution__status.js
150aad787456b9740a5a9f298d568f,,STM32Cube_FW_L4_V1.14.0/Drivers/CMSIS/docs/DSP/html/structarm__lms__norm__instance__q31.js
ccc20229e30ca1f67cda9253bf89a7,,STM32Cube_FW_L4_V1.14.0/Drivers/CMSIS/docs/DSP/html/structarm__lms__norm__instance__f32.js
0420706edfed7a728bf9adc7004622,,STM32Cube_FW_L4_V1.14.0/Drivers/CMSIS/docs/RTOS2/html/rtx__os_8h_structosRtxConfig__t.js
37e97a2d07b7f3bcb1759c4cf27246,,STM32Cube_FW_L4_V1.14.0/Drivers/CMSIS/docs/RTOS2/html/group__rtx5__specific__structs_structosRtxThread__t.js
848f4fc80d57ddc2f2a5f6275ffde3,,STM32Cube_FW_L4_V1.14.0/Projects/NUCLEO-L433RC-P/Templates_LL/Inc/main.h
c1d08fd6b0afea6707cea7c7a5a891,,STM32Cube_FW_L4_V1.14.0/Projects/NUCLEO-L412KB/Examples/PWR/PWR_STOP2_RTC/Src/stm32l4xx_it.c
7c161090a909befdbdd4214928a058,,STM32Cube_FW_L4_V1.14.0/Projects/NUCLEO-L412KB/Examples/RCC/RCC_CRS_Synchronization_Polling/Inc/stm32l4xx_it.h
7db284aee1d45773d7ad741a831696,,STM32Cube_FW_L4_V1.14.0/Projects/32L476GDISCOVERY/Applications/USB_Device/DFU_Standalone/Binary/STM32L476G_Discovery_SysTick_0x0800C000.dfu
3bcff1b55c8044974614a9700ec992,,STM32Cube_FW_L4_V1.14.0/Projects/32L476GDISCOVERY/Templates/SW4STM32/STM32L476G-Discovery/STM32L476VGTx_FLASH.ld
3bcff1b55c8044974614a9700ec992,,STM32Cube_FW_L4_V1.14.0/Projects/32L476GDISCOVERY/Examples/SAI/SAI_AudioPlay/SW4STM32/STM32L476G-Discovery/STM32L476VGTx_FLASH.ld
3bcff1b55c8044974614a9700ec992,,STM32Cube_FW_L4_V1.14.0/Projects/32L476GDISCOVERY/Examples/FLASH/FLASH_EraseProgram/SW4STM32/STM32L476G-Discovery/STM32L476VGTx_FLASH.ld
3bcff1b55c8044974614a9700ec992,,STM32Cube_FW_L4_V1.14.0/Projects/32L476GDISCOVERY/Examples/FLASH/FLASH_FastProgram/SW4STM32/STM32L476G-Discovery/STM32L476VGTx_FLASH.ld
3bcff1b55c8044974614a9700ec992,,STM32Cube_FW_L4_V1.14.0/Projects/32L476GDISCOVERY/Examples/FLASH/FLASH_DualBoot/SW4STM32/FLASH_DualBoot_Bank1/STM32L476VGTx_FLASH.ld
3bcff1b55c8044974614a9700ec992,,STM32Cube_FW_L4_V1.14.0/Projects/32L476GDISCOVERY/Examples/FLASH/FLASH_DualBoot/SW4STM32/FLASH_DualBoot_Bank2/STM32L476VGTx_FLASH.ld
3bcff1b55c8044974614a9700ec992,,STM32Cube_FW_L4_V1.14.0/Projects/32L476GDISCOVERY/Examples/FLASH/FLASH_WriteProtection/SW4STM32/STM32L476G-Discovery/STM32L476VGTx_FLASH.ld
3bcff1b55c8044974614a9700ec992,,STM32Cube_FW_L4_V1.14.0/Projects/32L476GDISCOVERY/Examples/GPIO/GPIO_EXTI/SW4STM32/STM32L476G-Discovery/STM32L476VGTx_FLASH.ld
3bcff1b55c8044974614a9700ec992,,STM32Cube_FW_L4_V1.14.0/Projects/32L476GDISCOVERY/Examples/GPIO/GPIO_IOToggle/SW4STM32/STM32L476G-Discovery/STM32L476VGTx_FLASH.ld
3bcff1b55c8044974614a9700ec992,,STM32Cube_FW_L4_V1.14.0/Projects/32L476GDISCOVERY/Examples/QSPI/QSPI_ReadWrite_IT/SW4STM32/STM32L476G-Discovery/STM32L476VGTx_FLASH.ld
3bcff1b55c8044974614a9700ec992,,STM32Cube_FW_L4_V1.14.0/Projects/32L476GDISCOVERY/Examples/QSPI/QSPI_MemoryMapped/SW4STM32/STM32L476G-Discovery/STM32L476VGTx_FLASH.ld
74fd651227fb0d64cfe98e5364ac92,,STM32Cube_FW_L4_V1.14.0/Projects/32L476GDISCOVERY/Examples/QSPI/QSPI_PreInitConfig/Src/system_stm32l4xx.c
3bcff1b55c8044974614a9700ec992,,STM32Cube_FW_L4_V1.14.0/Projects/32L476GDISCOVERY/Examples/QSPI/QSPI_ReadWrite_DMA/SW4STM32/STM32L476G-Discovery/STM32L476VGTx_FLASH.ld
3bcff1b55c8044974614a9700ec992,,STM32Cube_FW_L4_V1.14.0/Projects/32L476GDISCOVERY/Examples/RCC/RCC_ClockConfig/SW4STM32/STM32L476G-Discovery/STM32L476VGTx_FLASH.ld
3bcff1b55c8044974614a9700ec992,,STM32Cube_FW_L4_V1.14.0/Projects/32L476GDISCOVERY/Examples/CRC/CRC_UserDefinedPolynomial/SW4STM32/STM32L476G-Discovery/STM32L476VGTx_FLASH.ld
3bcff1b55c8044974614a9700ec992,,STM32Cube_FW_L4_V1.14.0/Projects/32L476GDISCOVERY/Examples/CRC/CRC_Example/SW4STM32/STM32L476G-Discovery/STM32L476VGTx_FLASH.ld
3bcff1b55c8044974614a9700ec992,,STM32Cube_FW_L4_V1.14.0/Projects/32L476GDISCOVERY/Examples/DFSDM/DFSDM_AudioRecord/SW4STM32/STM32L476G-Discovery/STM32L476VGTx_FLASH.ld
83bf666adb3150325172cf8cfcf380,,STM32Cube_FW_L4_V1.14.0/Projects/32L476GDISCOVERY/Examples/DFSDM/DFSDM_AudioRecord/Inc/stm32l4xx_hal_conf.h
2dcf9671990e421cfb566cca3a23d6,,STM32Cube_FW_L4_V1.14.0/Projects/STM32L4R9I-EVAL/Applications/USB_Device/DFU_Standalone/Src/main.c
cdf2a25dcb72cc66b0e8db9b2f1bd8,,STM32Cube_FW_L4_V1.14.0/Projects/STM32L4R9I-EVAL/Demonstrations/STemWin/MB1314/Gui/Core/clock_faces/generated/repeat/repeat_unselected.c
5cf83ba8e1b8fa702907f2ecbdf30a,,STM32Cube_FW_L4_V1.14.0/Projects/STM32L4R9I-EVAL/Demonstrations/STemWin/MB1314/Gui/Core/audio_player/generated/player_icon_repeat_one_unpressed.c
6f9a4010c1504b2e67cf64fda9e354,,STM32Cube_FW_L4_V1.14.0/Projects/STM32L4R9I-EVAL/Demonstrations/STemWin/MB1315/Gui/Core/settings/settings_win.c
a50ec1c52789cc6d13767c4925d2c0,,STM32Cube_FW_L4_V1.14.0/Projects/B-L475E-IOT01A/Applications/SubGhz/P2P/MDK-ARM/startup_stm32l475xx.s
848f4fc80d57ddc2f2a5f6275ffde3,,STM32Cube_FW_L4_V1.14.0/Projects/NUCLEO-L452RE-P/Templates_LL/Inc/main.h
0f452c092ff1b88778e53817829893,,STM32Cube_FW_L4_V1.14.0/Projects/32L4R9IDISCOVERY/Examples/DSI/DSI_ULPM_DataClock/Src/main.c
cdf2a25dcb72cc66b0e8db9b2f1bd8,,STM32Cube_FW_L4_V1.14.0/Projects/32L4R9IDISCOVERY/Demonstrations/STemWin/Gui/Core/clock_faces/generated/repeat/repeat_unselected.c
5cf83ba8e1b8fa702907f2ecbdf30a,,STM32Cube_FW_L4_V1.14.0/Projects/32L4R9IDISCOVERY/Demonstrations/STemWin/Gui/Core/audio_player/generated/player_icon_repeat_one_unpressed.c
99aeb365fb3cc8e0f91cc42af70845,,STM32Cube_FW_L4_V1.14.0/Projects/NUCLEO-L4R5ZI/Examples/ADC/ADC_Sequencer/Src/stm32l4xx_hal_msp.c
4cc2f995c492db9f470d3a4b4d57b9,,STM32Cube_FW_L4_V1.14.0/Projects/NUCLEO-L4R5ZI/Examples/HASH/HASH_SHA1MD5_DMA/Inc/stm32l4xx_it.h
0905465db0600e685b768f56bfa8db,,STM32Cube_FW_L4_V1.14.0/Projects/NUCLEO-L4R5ZI/Examples/PWR/PWR_STOP1/Inc/main.h
de27d3e88ba7aa27a0f2260e037eb3,,STM32Cube_FW_L4_V1.14.0/Projects/NUCLEO-L4R5ZI/Examples/PWR/PWR_LPRUN_SRAM1/SW4STM32/STM32L4R5ZI_NUCLEO/STM32L4R5ZITx_FLASH.ld
b4c848e8edc87af2806a44f40d5ddb,,STM32Cube_FW_L4_V1.14.0/Projects/NUCLEO-L476RG/Examples_MIX/OPAMP/OPAMP_CALIBRATION/Inc/main.h
5df6b8bcc1d5741976a41d6ec559bc,,STM32Cube_FW_L4_V1.14.0/Projects/NUCLEO-L476RG/Examples_LL/ADC/ADC_Oversampling/Src/stm32l4xx_it.c
8b8990c8153c9ee37911829c7645be,,STM32Cube_FW_L4_V1.14.0/Projects/STM32L476G-EVAL/Applications/IAP/IAP_Main/MDK-ARM/startup_stm32l476xx.s
8b8990c8153c9ee37911829c7645be,,STM32Cube_FW_L4_V1.14.0/Projects/STM32L476G-EVAL/Applications/IAP/IAP_Binary_Template/MDK-ARM/startup_stm32l476xx.s
d6cfef038b4e104163f17b3df06a13,,STM32Cube_FW_L4_V1.14.0/Projects/STM32L476G-EVAL/Examples/CRYP/CRYP_AESModes_Suspension/Src/main.c
fd271c8896e52e1cc38d785623a5d3,,STM32Cube_FW_L4_V1.14.0/Projects/STM32L476G-EVAL/Examples/GPIO/GPIO_IOToggle/Inc/main.h
3bcff1b55c8044974614a9700ec992,,STM32Cube_FW_L4_V1.14.0/Projects/STM32L476G-EVAL/Examples/I2C/I2C_TwoBoards_AdvComIT/SW4STM32/STM32L476G_EVAL/STM32L476VGTx_FLASH.ld
0bf5af13094a1b7098c0979486e525,,STM32Cube_FW_L4_V1.14.0/Projects/STM32L476G-EVAL/Examples/I2C/I2C_TwoBoards_ComPolling/Src/main.c
23107b70f065c4f2dcf077f06ca32a,,STM32Cube_FW_L4_V1.14.0/Projects/STM32L476G-EVAL/Examples/DAC/DAC_SimpleConversion/Inc/main.h
c8ba10423360bf80625dc461dc1dd9,,STM32Cube_FW_L4_V1.14.0/Projects/STM32L476G-EVAL/Examples/COMP/COMP_AnalogWatchdog/Inc/stm32l4xx_hal_conf.h
83bf666adb3150325172cf8cfcf380,,STM32Cube_FW_L4_V1.14.0/Projects/STM32L476G-EVAL/Examples/DFSDM/DFSDM_AudioRecord/Inc/stm32l4xx_hal_conf.h
4f3a3fc9837acce7efd303564c58c7,,STM32Cube_FW_L4_V1.14.0/Projects/NUCLEO-L496ZG/Examples/UART/UART_TwoBoards_ComPolling/Inc/main.h
f63a4b8cd7294ce5e70429330a42f6,,STM32Cube_FW_L4_V1.14.0/Projects/NUCLEO-L496ZG/Examples/OPAMP/OPAMP_PGA/Inc/stm32l4xx_hal_conf.h
f63a4b8cd7294ce5e70429330a42f6,,STM32Cube_FW_L4_V1.14.0/Projects/NUCLEO-L496ZG/Examples/OPAMP/OPAMP_STANDALONE/Inc/stm32l4xx_hal_conf.h
4cc2f995c492db9f470d3a4b4d57b9,,STM32Cube_FW_L4_V1.14.0/Projects/NUCLEO-L496ZG/Examples/HASH/HASH_SHA1MD5_DMA/Inc/stm32l4xx_it.h
0905465db0600e685b768f56bfa8db,,STM32Cube_FW_L4_V1.14.0/Projects/NUCLEO-L496ZG/Examples/PWR/PWR_STOP1/Inc/main.h
cd923125405d230302e016c26b9706,,STM32Cube_FW_L4_V1.14.0/Projects/NUCLEO-L496ZG/Examples/PWR/PWR_STOP1_RTC/Src/main.c
ccdc204eb5f37f9bcac2a2338eb7c6,,STM32Cube_FW_L4_V1.14.0/Projects/NUCLEO-L496ZG/Examples/TIM/TIM_OCActive/Inc/main.h
5df6b8bcc1d5741976a41d6ec559bc,,STM32Cube_FW_L4_V1.14.0/Projects/NUCLEO-L496ZG/Examples_LL/ADC/ADC_Oversampling/Src/stm32l4xx_it.c
24c0be77eaf553b179d8e5286fc6f8,,STM32Cube_FW_L4_V1.14.0/Projects/NUCLEO-L412RB-P/Demonstrations/Adafruit_LCD_1_8_SD_Joystick/MDK-ARM/startup_stm32l412xx.s
a167a8eec9e71dbfccc535d34127e2,,Packs/STMicroelectronics/X-CUBE-AI/5.1.2/Utilities/linux/libhdf5_serial.so.10
b290b4afad75eeae87a966057bb400,,Packs/STMicroelectronics/X-CUBE-AI/5.1.2/Utilities/linux/scipy/linalg/_flapack.cpython-35m-x86_64-linux-gnu.so
b331ed68e600b620ba658ce1d92a1a,,Packs/STMicroelectronics/X-CUBE-AI/5.1.2/Utilities/linux/scipy/linalg/cython_blas.pxd
6e890cd7d4248297fcb87b2a0ff708,,Packs/STMicroelectronics/X-CUBE-AI/5.1.2/Utilities/linux/scipy/optimize/_lsq/trf_linear.py
4497e31a6e65992d870d0bf1e4d773,,Packs/STMicroelectronics/X-CUBE-AI/5.1.2/Utilities/linux/tensorboard/_vendor/tensorflow_serving/apis/model_pb2.py
64e860b1e60c370f788cf19b261f9f,,Packs/STMicroelectronics/X-CUBE-AI/5.1.2/Utilities/linux/PIL/_imagingtk.cpython-35m-x86_64-linux-gnu.so
d01ed105b265c6515128419ad24c16,,Packs/STMicroelectronics/X-CUBE-AI/5.1.2/Utilities/linux/onnx/backend/test/data/pytorch-converted/test_AvgPool2d/test_data_set_0/input_0.pb
acfd24915fadcadc3d922ebb2cbe53,,Packs/STMicroelectronics/X-CUBE-AI/5.1.2/Utilities/linux/onnx/backend/test/data/pytorch-converted/test_Conv1d_pad1/model.onnx
854ca7d32e0e0f2f184dbca84efcda,,Packs/STMicroelectronics/X-CUBE-AI/5.1.2/Utilities/linux/onnx/backend/test/case/node/logsoftmax.py
9646a70d38e1a7450655a12025e804,,Packs/STMicroelectronics/X-CUBE-AI/5.1.2/Utilities/linux/onnx/backend/test/case/model/__init__.py
c810f2cfaf29b01fccff088928bc05,,Packs/STMicroelectronics/X-CUBE-AI/5.1.2/Utilities/linux/onnx/common/graph_node_list.h
4f435e01cdd866b88b7291fe143922,,Packs/STMicroelectronics/X-CUBE-AI/5.1.2/Utilities/linux/generate/tflite/TileOptions.py
e8038e72c3f6cde1ba5fab6403dbb4,,Packs/STMicroelectronics/X-CUBE-AI/5.1.2/Utilities/linux/tensorflow_core/tools/compatibility/module_deprecations_v2.py
e205e7e442e5862b22d2f0258b95d7,,Packs/STMicroelectronics/X-CUBE-AI/5.1.2/Utilities/linux/tensorflow_core/python/keras/utils/np_utils.py
2c6541cdf9f1f310e19ca4e341fbff,,Packs/STMicroelectronics/X-CUBE-AI/5.1.2/Utilities/linux/tensorflow_core/python/tools/strip_unused_lib.py
5135b9a8de50f78ba2ddaef088fac4,,Packs/STMicroelectronics/X-CUBE-AI/5.1.2/Utilities/linux/tensorflow_core/python/estimator/export/export.py
1dd16f4388e3dd375eecfd8c9e64e2,,Packs/STMicroelectronics/X-CUBE-AI/5.1.2/Utilities/linux/tensorflow_core/include/external/boringssl/src/crypto/fipsmodule/bn/prime.c
355f2d198ef12bc774167b5248c5f3,,Packs/STMicroelectronics/X-CUBE-AI/5.1.2/Utilities/linux/tensorflow_core/include/external/aws/aws-cpp-sdk-s3/include/aws/s3/model/CSVOutput.h
bb078f433cc63ad47a844899b2a3e7,,Packs/STMicroelectronics/X-CUBE-AI/5.1.2/Utilities/linux/tensorflow_core/include/external/aws/aws-cpp-sdk-kinesis/include/aws/kinesis/model/DescribeStreamConsumerResult.h
da24cf1f06c36fc1ba2b3b1b0e89cf,,Packs/STMicroelectronics/X-CUBE-AI/5.1.2/Utilities/linux/tensorflow_core/include/external/aws/aws-cpp-sdk-core/include/aws/core/utils/crypto/bcrypt/CryptoImpl.h
ecb963e3486808eafca092b308cd04,,Packs/STMicroelectronics/X-CUBE-AI/5.1.2/Utilities/linux/tensorflow_core/include/google/protobuf/util/internal/json_escaping.h
731f6733298683ba4303908de31e7b,,Packs/STMicroelectronics/X-CUBE-AI/5.1.2/Utilities/linux/tensorflow_core/include/unsupported/Eigen/src/MatrixFunctions/MatrixExponential.h
9579e4fb98cfc605d17b18fff599f0,,Packs/STMicroelectronics/X-CUBE-AI/5.1.2/Utilities/linux/tensorflow_core/include/tens