58a8db7719376333d435898629060a,,STM32Cube_FW_L4_V1.14.0/Middlewares/ST/STemWin/inc/BUTTON.h
5119dbd2aebad0de643341537797c5,,STM32Cube_FW_L4_V1.14.0/Drivers/STM32L4xx_HAL_Driver/Src/stm32l4xx_ll_swpmi.c
eea7ec13f97f637e14c66c8bcfeaeb,,STM32Cube_FW_L4_V1.14.0/Drivers/STM32L4xx_HAL_Driver/Inc/stm32l4xx_hal_opamp.h
1b163cebf92b95757a0b1e986d846e,,STM32Cube_FW_L4_V1.14.0/Drivers/CMSIS/NN/NN_Lib_Tests/nn_test/Ref_Implementations/arm_convolve_HWC_q15_ref_nonsquare.c
e0f65059aab40f3cff4f01ebd2d4cc,,STM32Cube_FW_L4_V1.14.0/Drivers/CMSIS/docs/Core/html/group__nvic__trustzone__functions.js
ed0e2e81a85e36ea2f26d190c44b04,,STM32Cube_FW_L4_V1.14.0/Drivers/CMSIS/docs/Core/html/unionIPSR__Type.js
5d95350498d90d2b8442f254d91f30,,STM32Cube_FW_L4_V1.14.0/Drivers/CMSIS/docs/DSP/html/group__FIR__decimate.js
da57d29e5cdfde1f1ee2aa32781739,,STM32Cube_FW_L4_V1.14.0/Drivers/CMSIS/docs/RTOS2/html/group__rtx__evr__thread.js
6ff56b4ee25552be2f53282c99f8e9,,STM32Cube_FW_L4_V1.14.0/Drivers/CMSIS/DSP/DSP_Lib_TestSuite/Common/src/matrix_tests/mat_trans_tests.c
6bd94be09522932eb5b008ecf28d1d,,STM32Cube_FW_L4_V1.14.0/Drivers/CMSIS/DSP/DSP_Lib_TestSuite/RefLibs/src/StatisticsFunctions/power.c
196bdf4618d2fc97f7cae408da7689,,STM32Cube_FW_L4_V1.14.0/Drivers/CMSIS/DSP/DSP_Lib_TestSuite/RefLibs/src/ControllerFunctions/pid.c
c05048f21e4ce7c67401fa58eeaf1c,,STM32Cube_FW_L4_V1.14.0/Drivers/CMSIS/DSP/DSP_Lib_TestSuite/RefLibs/src/ComplexMathFunctions/cmplx_dot_prod.c
c1404048e4c700c486b7787348fa5a,,STM32Cube_FW_L4_V1.14.0/Drivers/CMSIS/DSP/DSP_Lib_TestSuite/runTest.bat
0f056a15d742e56bf2d455a63bdfc6,,STM32Cube_FW_L4_V1.14.0/Drivers/CMSIS/Device/ST/STM32L4xx/Source/Templates/gcc/startup_stm32l443xx.s
882bbf5f33175c8f6f1b9dca849511,,STM32Cube_FW_L4_V1.14.0/Projects/32L496GDISCOVERY/Demonstrations/Core/Src/stm32l4xx_hal_timebase_tim.c
6f740ee876cc53ec5ee3f4b762ac5a,,STM32Cube_FW_L4_V1.14.0/Projects/32L476GDISCOVERY/Examples/QSPI/QSPI_ReadWrite_IT/Src/stm32l4xx_hal_msp.c
d8b18163ff7e98854f3517b5213ec3,,STM32Cube_FW_L4_V1.14.0/Projects/32L476GDISCOVERY/Demonstrations/Core/Inc/k_sd_diskio.h
37e01f77ae397f464f2b7b416aaafb,,STM32Cube_FW_L4_V1.14.0/Projects/32L476GDISCOVERY/Demonstrations/Modules/iddmeasure/iddmeasure.h
266f92fe72dc3a856cd133a33873d8,,STM32Cube_FW_L4_V1.14.0/Projects/STM32L4R9I-EVAL/Applications/STemWin/MB1315/HelloWorld/EWARM/stm32l4r9xx_flash.icf
266f92fe72dc3a856cd133a33873d8,,STM32Cube_FW_L4_V1.14.0/Projects/STM32L4R9I-EVAL/Applications/STemWin/MB1315/SampleDemo/EWARM/stm32l4r9xx_flash.icf
d81082016446492854f421bbe452af,,STM32Cube_FW_L4_V1.14.0/Projects/STM32L4R9I-EVAL/Applications/FatFs/FatFs_uSD_DMA_Standalone/Inc/sd_diskio_dma.h
21294982cb70807e28f2ce3256c626,,STM32Cube_FW_L4_V1.14.0/Projects/STM32L4R9I-EVAL/Examples/BSP/Src/ospi_nor.c
d8b18163ff7e98854f3517b5213ec3,,STM32Cube_FW_L4_V1.14.0/Projects/STM32L4R9I-EVAL/Demonstrations/STemWin/MB1314/Core/Inc/k_sd_diskio.h
d81082016446492854f421bbe452af,,STM32Cube_FW_L4_V1.14.0/Projects/STM32L4R9I-EVAL/Demonstrations/STemWin/MB1314/Core/Inc/sd_diskio_dma.h
d81082016446492854f421bbe452af,,STM32Cube_FW_L4_V1.14.0/Projects/STM32L4R9I-EVAL/Demonstrations/STemWin/MB1314/Config/sd_diskio.h
fe37bd7ed392ab4b47965e1b728f21,,STM32Cube_FW_L4_V1.14.0/Projects/STM32L4R9I-EVAL/Demonstrations/STemWin/MB1314/Gui/Core/clock_faces/generated/analog_clock_1/backgrounds/analog_clock1_background.c
e279deeecc5210c37d333d4dce525b,,STM32Cube_FW_L4_V1.14.0/Projects/STM32L4R9I-EVAL/Demonstrations/STemWin/MB1314/Gui/Core/clock_faces/generated/set_alarm/fr_text.c
7ae3de27bec1d4affd5032e510ed20,,STM32Cube_FW_L4_V1.14.0/Projects/STM32L4R9I-EVAL/Demonstrations/STemWin/MB1314/Gui/Core/power_measurement/generated/buttons/button_run/animation/cercle2/animation_circle2_opacity30.c
882bbf5f33175c8f6f1b9dca849511,,STM32Cube_FW_L4_V1.14.0/Projects/STM32L4R9I-EVAL/Demonstrations/STemWin/MB1315/Core/Src/stm32l4xx_hal_timebase_tim.c
d81082016446492854f421bbe452af,,STM32Cube_FW_L4_V1.14.0/Projects/STM32L4R9I-EVAL/Demonstrations/MenuLauncher/MB1314/Core/Inc/sd_diskio_dma.h
882bbf5f33175c8f6f1b9dca849511,,STM32Cube_FW_L4_V1.14.0/Projects/STM32L4R9I-EVAL/Demonstrations/MenuLauncher/MB1315/Core/Src/stm32l4xx_hal_timebase_tim.c
d81082016446492854f421bbe452af,,STM32Cube_FW_L4_V1.14.0/Projects/STM32L4R9I-EVAL/Demonstrations/MenuLauncher/MB1315/Core/Inc/sd_diskio_dma.h
b2c928860d7999b34fa73e0df377b2,,STM32Cube_FW_L4_V1.14.0/Projects/32L4R9IDISCOVERY/Applications/FatFs/FatFs_uSD_Standalone/Src/stm32l4xx_it.c
d8b18163ff7e98854f3517b5213ec3,,STM32Cube_FW_L4_V1.14.0/Projects/32L4R9IDISCOVERY/Demonstrations/STemWin/Core/Inc/k_sd_diskio.h
fe37bd7ed392ab4b47965e1b728f21,,STM32Cube_FW_L4_V1.14.0/Projects/32L4R9IDISCOVERY/Demonstrations/STemWin/Gui/Core/clock_faces/generated/analog_clock_1/backgrounds/analog_clock1_background.c
e279deeecc5210c37d333d4dce525b,,STM32Cube_FW_L4_V1.14.0/Projects/32L4R9IDISCOVERY/Demonstrations/STemWin/Gui/Core/clock_faces/generated/set_alarm/fr_text.c
7ae3de27bec1d4affd5032e510ed20,,STM32Cube_FW_L4_V1.14.0/Projects/32L4R9IDISCOVERY/Demonstrations/STemWin/Gui/Core/power_measurement/generated/buttons/button_run/animation/cercle2/animation_circle2_opacity30.c
313d81e99c686768cdcdbbe8c4c2e7,,STM32Cube_FW_L4_V1.14.0/Projects/NUCLEO-L452RE/Applications/FreeRTOS/FreeRTOS_Timers/Inc/stm32l4xx_hal_conf.h
313d81e99c686768cdcdbbe8c4c2e7,,STM32Cube_FW_L4_V1.14.0/Projects/NUCLEO-L452RE/Applications/FreeRTOS/FreeRTOS_Mutexes/Inc/stm32l4xx_hal_conf.h
313d81e99c686768cdcdbbe8c4c2e7,,STM32Cube_FW_L4_V1.14.0/Projects/NUCLEO-L452RE/Applications/FreeRTOS/FreeRTOS_Semaphore/Inc/stm32l4xx_hal_conf.h
313d81e99c686768cdcdbbe8c4c2e7,,STM32Cube_FW_L4_V1.14.0/Projects/NUCLEO-L452RE/Applications/FreeRTOS/FreeRTOS_Queues/Inc/stm32l4xx_hal_conf.h
313d81e99c686768cdcdbbe8c4c2e7,,STM32Cube_FW_L4_V1.14.0/Projects/NUCLEO-L452RE/Applications/FreeRTOS/FreeRTOS_ThreadCreation/Inc/stm32l4xx_hal_conf.h
313d81e99c686768cdcdbbe8c4c2e7,,STM32Cube_FW_L4_V1.14.0/Projects/NUCLEO-L452RE/Applications/FreeRTOS/FreeRTOS_SemaphoreFromISR/Inc/stm32l4xx_hal_conf.h
313d81e99c686768cdcdbbe8c4c2e7,,STM32Cube_FW_L4_V1.14.0/Projects/NUCLEO-L452RE/Applications/FreeRTOS/FreeRTOS_SignalFromISR/Inc/stm32l4xx_hal_conf.h
313d81e99c686768cdcdbbe8c4c2e7,,STM32Cube_FW_L4_V1.14.0/Projects/NUCLEO-L452RE/Applications/FreeRTOS/FreeRTOS_LowPower/Inc/stm32l4xx_hal_conf.h
313d81e99c686768cdcdbbe8c4c2e7,,STM32Cube_FW_L4_V1.14.0/Projects/NUCLEO-L452RE/Applications/FreeRTOS/FreeRTOS_Mail/Inc/stm32l4xx_hal_conf.h
313d81e99c686768cdcdbbe8c4c2e7,,STM32Cube_FW_L4_V1.14.0/Projects/NUCLEO-L452RE/Applications/FreeRTOS/FreeRTOS_Signal/Inc/stm32l4xx_hal_conf.h
313d81e99c686768cdcdbbe8c4c2e7,,STM32Cube_FW_L4_V1.14.0/Projects/NUCLEO-L452RE/Examples/HAL/HAL_TimeBase_TIM/Inc/stm32l4xx_hal_conf.h
313d81e99c686768cdcdbbe8c4c2e7,,STM32Cube_FW_L4_V1.14.0/Projects/NUCLEO-L452RE/Examples/TIM/TIM_DMA/Inc/stm32l4xx_hal_conf.h
313d81e99c686768cdcdbbe8c4c2e7,,STM32Cube_FW_L4_V1.14.0/Projects/NUCLEO-L452RE/Examples/TIM/TIM_InputCapture/Inc/stm32l4xx_hal_conf.h
313d81e99c686768cdcdbbe8c4c2e7,,STM32Cube_FW_L4_V1.14.0/Projects/NUCLEO-L452RE/Examples/TIM/TIM_OCActive/Inc/stm32l4xx_hal_conf.h
313d81e99c686768cdcdbbe8c4c2e7,,STM32Cube_FW_L4_V1.14.0/Projects/NUCLEO-L452RE/Examples/TIM/TIM_PWMOutput/Inc/stm32l4xx_hal_conf.h
313d81e99c686768cdcdbbe8c4c2e7,,STM32Cube_FW_L4_V1.14.0/Projects/NUCLEO-L452RE/Examples/TIM/TIM_ExtTriggerSynchro/Inc/stm32l4xx_hal_conf.h
313d81e99c686768cdcdbbe8c4c2e7,,STM32Cube_FW_L4_V1.14.0/Projects/NUCLEO-L452RE/Examples/TIM/TIM_OCInactive/Inc/stm32l4xx_hal_conf.h
313d81e99c686768cdcdbbe8c4c2e7,,STM32Cube_FW_L4_V1.14.0/Projects/NUCLEO-L452RE/Examples/TIM/TIM_DMABurst/Inc/stm32l4xx_hal_conf.h
313d81e99c686768cdcdbbe8c4c2e7,,STM32Cube_FW_L4_V1.14.0/Projects/NUCLEO-L452RE/Examples/TIM/TIM_PWMInput/Inc/stm32l4xx_hal_conf.h
313d81e99c686768cdcdbbe8c4c2e7,,STM32Cube_FW_L4_V1.14.0/Projects/NUCLEO-L452RE/Examples/TIM/TIM_TimeBase/Inc/stm32l4xx_hal_conf.h
313d81e99c686768cdcdbbe8c4c2e7,,STM32Cube_FW_L4_V1.14.0/Projects/NUCLEO-L452RE/Examples/TIM/TIM_OnePulse/Inc/stm32l4xx_hal_conf.h
313d81e99c686768cdcdbbe8c4c2e7,,STM32Cube_FW_L4_V1.14.0/Projects/NUCLEO-L452RE/Examples/TIM/TIM_OCToggle/Inc/stm32l4xx_hal_conf.h
882bbf5f33175c8f6f1b9dca849511,,STM32Cube_FW_L4_V1.14.0/Projects/NUCLEO-L476RG/Examples/HAL/HAL_TimeBase_TIM/Src/stm32l4xx_hal_timebase_tim.c
f6a40da8092377eefac2e5bf2e7f2b,,STM32Cube_FW_L4_V1.14.0/Projects/NUCLEO-L476RG/Examples_MIX/TIM/TIM_6Steps/Src/stm32l4xx_hal_msp.c
090a10a260532bd3cd857436844dd8,,STM32Cube_FW_L4_V1.14.0/Projects/NUCLEO-L476RG/Examples_LL/RTC/RTC_TimeStamp/Inc/stm32l4xx_it.h
c6186c3aa8e3f84121a3bffa030922,,STM32Cube_FW_L4_V1.14.0/Projects/NUCLEO-L476RG/Examples_LL/RCC/RCC_UseHSI_PLLasSystemClock/Inc/stm32l4xx_it.h
882bbf5f33175c8f6f1b9dca849511,,STM32Cube_FW_L4_V1.14.0/Projects/NUCLEO-L432KC/Applications/FreeRTOS/FreeRTOS_ThreadCreation/Src/stm32l4xx_hal_timebase_tim.c
5673ac4d1e0f5718c4d78aa7522245,,STM32Cube_FW_L4_V1.14.0/Projects/STM32L476G-EVAL/Applications/FatFs/FatFs_uSD_DMA_RTOS/Inc/stm32l4xx_it.h
7b5e803b0fc9e59e8a4465196df50e,,STM32Cube_FW_L4_V1.14.0/Projects/STM32L476G-EVAL/Applications/USB_Device/CustomHID_Standalone/Inc/usbd_conf.h
882bbf5f33175c8f6f1b9dca849511,,STM32Cube_FW_L4_V1.14.0/Projects/STM32L476G-EVAL/Applications/FreeRTOS/FreeRTOS_Timers/Src/stm32l4xx_hal_timebase_tim.c
882bbf5f33175c8f6f1b9dca849511,,STM32Cube_FW_L4_V1.14.0/Projects/STM32L476G-EVAL/Applications/FreeRTOS/FreeRTOS_Mutexes/Src/stm32l4xx_hal_timebase_tim.c
882bbf5f33175c8f6f1b9dca849511,,STM32Cube_FW_L4_V1.14.0/Projects/STM32L476G-EVAL/Applications/FreeRTOS/FreeRTOS_Semaphore/Src/stm32l4xx_hal_timebase_tim.c
882bbf5f33175c8f6f1b9dca849511,,STM32Cube_FW_L4_V1.14.0/Projects/STM32L476G-EVAL/Applications/FreeRTOS/FreeRTOS_Queues/Src/stm32l4xx_hal_timebase_tim.c
882bbf5f33175c8f6f1b9dca849511,,STM32Cube_FW_L4_V1.14.0/Projects/STM32L476G-EVAL/Applications/FreeRTOS/FreeRTOS_ThreadCreation/Src/stm32l4xx_hal_timebase_tim.c
882bbf5f33175c8f6f1b9dca849511,,STM32Cube_FW_L4_V1.14.0/Projects/STM32L476G-EVAL/Applications/FreeRTOS/FreeRTOS_SemaphoreFromISR/Src/stm32l4xx_hal_timebase_tim.c
882bbf5f33175c8f6f1b9dca849511,,STM32Cube_FW_L4_V1.14.0/Projects/STM32L476G-EVAL/Applications/FreeRTOS/FreeRTOS_SignalFromISR/Src/stm32l4xx_hal_timebase_tim.c
882bbf5f33175c8f6f1b9dca849511,,STM32Cube_FW_L4_V1.14.0/Projects/STM32L476G-EVAL/Applications/FreeRTOS/FreeRTOS_LowPower/Src/stm32l4xx_hal_timebase_tim.c
882bbf5f33175c8f6f1b9dca849511,,STM32Cube_FW_L4_V1.14.0/Projects/STM32L476G-EVAL/Applications/FreeRTOS/FreeRTOS_Mail/Src/stm32l4xx_hal_timebase_tim.c
882bbf5f33175c8f6f1b9dca849511,,STM32Cube_FW_L4_V1.14.0/Projects/STM32L476G-EVAL/Applications/FreeRTOS/FreeRTOS_Signal/Src/stm32l4xx_hal_timebase_tim.c
882bbf5f33175c8f6f1b9dca849511,,STM32Cube_FW_L4_V1.14.0/Projects/STM32L476G-EVAL/Examples/HAL/HAL_TimeBase_TIM/Src/stm32l4xx_hal_timebase_tim.c
6f740ee876cc53ec5ee3f4b762ac5a,,STM32Cube_FW_L4_V1.14.0/Projects/STM32L476G-EVAL/Examples/QSPI/QSPI_ReadWrite_IT/Src/stm32l4xx_hal_msp.c
deef9bbb7e96b2757ac4b6497f6c9a,,STM32Cube_FW_L4_V1.14.0/Projects/STM32L476G-EVAL/Examples/DFSDM/DFSDM_Thermometer/Src/stm32l4xx_it.c
8969f0919f6b15baf986925096d624,,STM32Cube_FW_L4_V1.14.0/Projects/NUCLEO-L496ZG/Examples/UART/UART_WakeUpFromStop/Src/main.c
d44e2f3960c9e8d35cbd4906bdac8d,,STM32Cube_FW_L4_V1.14.0/Projects/NUCLEO-L496ZG/Examples_LL/LPTIM/LPTIM_PulseCounter_Init/Src/main.c
090a10a260532bd3cd857436844dd8,,STM32Cube_FW_L4_V1.14.0/Projects/NUCLEO-L496ZG/Examples_LL/RTC/RTC_TimeStamp/Inc/stm32l4xx_it.h
c6186c3aa8e3f84121a3bffa030922,,STM32Cube_FW_L4_V1.14.0/Projects/NUCLEO-L496ZG/Examples_LL/RCC/RCC_UseHSI_PLLasSystemClock/Inc/stm32l4xx_it.h
4300c43954babc2bdfa5f2613c93a0,,STM32Cube_FW_L4_V1.14.0/Projects/NUCLEO-L412RB-P/Applications/USB_Device/DFU_Standalone/Inc/main.h
d01a4085e84f05780987d2b1043df0,,STM32Cube_FW_L4_V1.14.0/Projects/NUCLEO-L412RB-P/Examples/IWDG/IWDG_WindowMode/Inc/main.h
47600d579f03be1a2af42d908e783d,,Packs/STMicroelectronics/X-CUBE-AI/5.1.2/Utilities/linux/scipy/special/specfun.cpython-35m-x86_64-linux-gnu.so
99108e93cee664ad1d9600f2950c25,,Packs/STMicroelectronics/X-CUBE-AI/5.1.2/Utilities/linux/scipy/stats/contingency.py
46b4872bcc0a254f5c17420e614343,,Packs/STMicroelectronics/X-CUBE-AI/5.1.2/Utilities/linux/scipy/io/tests/data/struct_arrays_replicated_3d.sav
734349f7a1a83e1cb18814db6572e8,,Packs/STMicroelectronics/X-CUBE-AI/5.1.2/Utilities/linux/tcl/msgs/en_nz.msg
56acf96a6f33170c52637e20b7797b,,Packs/STMicroelectronics/X-CUBE-AI/5.1.2/Utilities/linux/onnx/backend/test/case/node/lstm.py
c09634a67b1acff8bde64856adce92,,Packs/STMicroelectronics/X-CUBE-AI/5.1.2/Utilities/linux/onnx/backend/test/case/node/tanh.py
a8bb0c9e154d872525b6f61af9c706,,Packs/STMicroelectronics/X-CUBE-AI/5.1.2/Utilities/linux/onnx/backend/test/case/node/max.py
e8db40157e4d71fe743027488fdce5,,Packs/STMicroelectronics/X-CUBE-AI/5.1.2/Utilities/linux/theano/d3viz/d3viz.py
64a48e536da2bd13d95b2396dbfe12,,Packs/STMicroelectronics/X-CUBE-AI/5.1.2/Utilities/linux/theano/d3viz/js/d3viz.js
4520bc88b0d6ede3b4938995629083,,Packs/STMicroelectronics/X-CUBE-AI/5.1.2/Utilities/linux/theano/gpuarray/tests/test_basic_ops.py
5e37c402dec8d5721994baea23e7c2,,Packs/STMicroelectronics/X-CUBE-AI/5.1.2/Utilities/linux/theano/gpuarray/tests/test_blocksparse.py
5d8d79ae84b262cdb04adef5453ec6,,Packs/STMicroelectronics/X-CUBE-AI/5.1.2/Utilities/linux/absl/app.py
931e946205bacd877ee5e04e46db05,,Packs/STMicroelectronics/X-CUBE-AI/5.1.2/Utilities/linux/tensorflow_core/_api/v2/compat/v1/resource_loader/__init__.py
e667047f776f14f2af15df68d084be,,Packs/STMicroelectronics/X-CUBE-AI/5.1.2/Utilities/linux/tensorflow_core/compiler/xla/service/hlo_pb2.py
8b8a87b5e2899e7d9c371afc530160,,Packs/STMicroelectronics/X-CUBE-AI/5.1.2/Utilities/linux/tensorflow_core/python/ops/control_flow_util_v2.py
0faa74767f7c9c530866572b8f4218,,Packs/STMicroelectronics/X-CUBE-AI/5.1.2/Utilities/linux/tensorflow_core/python/ops/gen_ragged_math_ops.py
03fc8c40405e04d4646c5c03c89335,,Packs/STMicroelectronics/X-CUBE-AI/5.1.2/Utilities/linux/tensorflow_core/python/tpu/device_assignment.py
07a94390a2f22519d95142fe7e3891,,Packs/STMicroelectronics/X-CUBE-AI/5.1.2/Utilities/linux/tensorflow_core/python/framework/error_interpolation.py
947c595bf61fe7219ebe8d38bd8ec9,,Packs/STMicroelectronics/X-CUBE-AI/5.1.2/Utilities/linux/tensorflow_core/include/Eigen/src/Core/util/Meta.h
55331ca93771646e8ee40a80561190,,Packs/STMicroelectronics/X-CUBE-AI/5.1.2/Utilities/linux/tensorflow_core/include/Eigen/src/Core/util/IntegralConstant.h
3adfe5c4afcba8798d74a8375b52fc,,Packs/STMicroelectronics/X-CUBE-AI/5.1.2/Utilities/linux/tensorflow_core/include/external/double_conversion/double-conversion/diy-fp.h
02acae1da6d2d06c666d6c22b4740f,,Packs/STMicroelectronics/X-CUBE-AI/5.1.2/Utilities/linux/tensorflow_core/include/unsupported/Eigen/CXX11/src/Tensor/TensorUInt128.h
f4fb08cd627653c391fc0913d9a72b,,Packs/STMicroelectronics/X-CUBE-AI/5.1.2/Utilities/linux/tensorflow_core/include/tensorflow/stream_executor/allocator_stats.h
46a25f6bf47ea1a9c299b350b1e5f6,,Packs/STMicroelectronics/X-CUBE-AI/5.1.2/Utilities/linux/tensorflow_core/include/tensorflow/core/grappler/optimizers/shape_optimizer.h
d43c00e4aecd94d1c6ee2c20e2d43c,,Packs/STMicroelectronics/X-CUBE-AI/5.1.2/Utilities/linux/tensorflow_core/include/tensorflow/core/protobuf/saver.pb_text.h
3e3bd2dac10d01a5c5871680a6969b,,Packs/STMicroelectronics/X-CUBE-AI/5.1.2/Utilities/linux/numpy/core/function_base.py
c5c3dcf32e2c9db66555533decd589,,Packs/STMicroelectronics/X-CUBE-AI/5.1.2/Utilities/linux/numpy/core/_umath_tests.cpython-35m-x86_64-linux-gnu.so
0accb76f3ba1adec3e3608fff5a858,,Packs/STMicroelectronics/X-CUBE-AI/5.0.0/Utilities/windows/scipy/extra-dll/libwrap_dum.BV3X2JMVST3RLQDDUECMJUMX3S3C3V6R.gfortran-win_amd64.dll
99108e93cee664ad1d9600f2950c25,,Packs/STMicroelectronics/X-CUBE-AI/5.0.0/Utilities/windows/scipy/stats/contingency.py
46b4872bcc0a254f5c17420e614343,,Packs/STMicroelectronics/X-CUBE-AI/5.0.0/Utilities/windows/scipy/io/tests/data/struct_arrays_replicated_3d.sav
734349f7a1a83e1cb18814db6572e8,,Packs/STMicroelectronics/X-CUBE-AI/5.0.0/Utilities/windows/tcl/msgs/en_nz.msg
5250a28a3853951af00231677aacac,,Packs/STMicroelectronics/X-CUBE-AI/5.0.0/Utilities/windows/tcl/tzdata/PST8PDT
1712b1c1ff0e3a46f8e86fbb78aa4d,,Packs/STMicroelectronics/X-CUBE-AI/5.0.0/Utilities/windows/tk/msgs/sv.msg
898eb394886fd7ae522429bde3db2f,,Packs/STMicroelectroni