45a6bee20f1bd158e638706767a9d9,,STM32Cube_FW_L4_V1.14.0/Drivers/STM32L4xx_HAL_Driver/Src/stm32l4xx_hal_rng.c
eeda8c50516c5877650fcde1a66062,,STM32Cube_FW_L4_V1.14.0/Drivers/BSP/STM32L496G-Discovery/stm32l496g_discovery_sram.c
dd6b489ecdab5a5c8fb6576ccf8b22,,STM32Cube_FW_L4_V1.14.0/Drivers/CMSIS/NN/Source/SoftmaxFunctions/arm_softmax_q15.c
e3eafef9a5faea9e94e9fb2bbed3cb,,STM32Cube_FW_L4_V1.14.0/Drivers/CMSIS/docs/Driver/html/search/variables_f.js
92745fb4a29d4ba26a512d368fdf6b,,STM32Cube_FW_L4_V1.14.0/Drivers/CMSIS/docs/Driver/html/group__sai__interface__gr_structARM__SAI__STATUS.js
fe49c96b2190c31a898c042419b283,,STM32Cube_FW_L4_V1.14.0/Drivers/CMSIS/docs/Core_A/html/group__CMSIS__CPSR.js
f369059ca478d6141e37f6cef7b2ed,,STM32Cube_FW_L4_V1.14.0/Drivers/CMSIS/docs/Core/html/structNVIC__Type.js
5efb3e4decaf9b7c7f7c8397618173,,STM32Cube_FW_L4_V1.14.0/Drivers/CMSIS/docs/Core/html/search/groups_3.js
a2f69216a3b670923234e0d77823c1,,STM32Cube_FW_L4_V1.14.0/Drivers/CMSIS/docs/Core/html/search/all_11.js
b42aad445865add4533f5487312aff,,STM32Cube_FW_L4_V1.14.0/Drivers/CMSIS/docs/NN/html/search/all_f.js
3d103e1fcb637898fcf777a0ab1988,,STM32Cube_FW_L4_V1.14.0/Drivers/CMSIS/docs/DSP/html/search/variables_c.js
3d103e1fcb637898fcf777a0ab1988,,STM32Cube_FW_L4_V1.14.0/Drivers/CMSIS/docs/DSP/html/search/all_e.js
6e6d9c2e281ba0f56df6017f0751a8,,STM32Cube_FW_L4_V1.14.0/Drivers/CMSIS/docs/RTOS/html/group__CMSIS__RTOS__Definitions_unionosEvent_8value.js
0b638aab97ac78c23c526a47677541,,STM32Cube_FW_L4_V1.14.0/Drivers/CMSIS/Device/ST/STM32L4xx/Source/Templates/arm/startup_stm32l412xx.s
d3fa7986370df5451b01e18c0dbc49,,STM32Cube_FW_L4_V1.14.0/Projects/32L496GDISCOVERY/Applications/USB_Host/HID_Standalone/Src/menu.c
a42c779118352b6ed633d63f606957,,STM32Cube_FW_L4_V1.14.0/Projects/32L476GDISCOVERY/Examples/DFSDM/DFSDM_AudioRecord/Src/stm32l4xx_it.c
c7aabdf3842d0be101ca5b61904d2a,,STM32Cube_FW_L4_V1.14.0/Projects/STM32L4R9I-EVAL/Examples/RTC/RTC_LSI/Inc/main.h
d02c8a4e3ca0591f3861dcad5a214c,,STM32Cube_FW_L4_V1.14.0/Projects/STM32L4R9I-EVAL/Examples/OSPI/OSPI_NOR_ReadWrite_DMA/Inc/stm32l4xx_it.h
5b52c0ec2ce7993d61618ff4f0d917,,STM32Cube_FW_L4_V1.14.0/Projects/STM32L4R9I-EVAL/Demonstrations/MenuLauncher/MB1314/Config/stm32l4xx_hal_conf.h
b91140c786ab813344ab078a4fb03b,,STM32Cube_FW_L4_V1.14.0/Projects/B-L475E-IOT01A/Applications/BLE/HeartRate/Src/dis_app.c
509b23a0ad6036617dbd217a0a32be,,STM32Cube_FW_L4_V1.14.0/Projects/B-L475E-IOT01A/Applications/SubGhz/P2P/Inc/clocks_and_power.h
a90b342adbcc36883c54aaa64a2e7a,,STM32Cube_FW_L4_V1.14.0/Projects/B-L475E-IOT01A/Applications/Proximity/Src/vl53l0x/vl53l0x_types.h
d02c8a4e3ca0591f3861dcad5a214c,,STM32Cube_FW_L4_V1.14.0/Projects/32L4R9IDISCOVERY/Examples/OSPI/OSPI_NOR_ReadWrite_DMA/Inc/stm32l4xx_it.h
6775de051e067edb99af1ff344edfc,,STM32Cube_FW_L4_V1.14.0/Projects/32L4R9IDISCOVERY/Demonstrations/STemWin/Config/usbd_conf.c
8df6b882c0f2903db3b7053bfa04ac,,STM32Cube_FW_L4_V1.14.0/Projects/NUCLEO-L4R5ZI/Examples/HASH/HASH_HMAC_SHA224SHA256_MultiBuffer_DMA/Src/main.c
5d6da36e6451ef438e76d8f5f45ed6,,STM32Cube_FW_L4_V1.14.0/Projects/NUCLEO-L4R5ZI/Examples/PWR/PWR_ModesSelection/Src/run_range1_test.c
ca3c36b1d3001fe6d156d2935e6a8d,,STM32Cube_FW_L4_V1.14.0/Projects/NUCLEO-L476RG/Examples/IWDG/IWDG_WindowMode/Src/main.c
23d9f11260417d9d449e73b1f7938b,,STM32Cube_FW_L4_V1.14.0/Projects/NUCLEO-L476RG/Examples/I2C/I2C_TwoBoards_ComDMA/Inc/stm32l4xx_hal_conf.h
23d9f11260417d9d449e73b1f7938b,,STM32Cube_FW_L4_V1.14.0/Projects/NUCLEO-L476RG/Examples/I2C/I2C_TwoBoards_AdvComIT/Inc/stm32l4xx_hal_conf.h
23d9f11260417d9d449e73b1f7938b,,STM32Cube_FW_L4_V1.14.0/Projects/NUCLEO-L476RG/Examples/I2C/I2C_TwoBoards_ComPolling/Inc/stm32l4xx_hal_conf.h
23d9f11260417d9d449e73b1f7938b,,STM32Cube_FW_L4_V1.14.0/Projects/NUCLEO-L476RG/Examples/I2C/I2C_TwoBoards_ComIT/Inc/stm32l4xx_hal_conf.h
e150fd6de689386883d6cf633894a6,,STM32Cube_FW_L4_V1.14.0/Projects/NUCLEO-L476RG/Examples/TIM/TIM_InputCapture/Src/main.c
23d9f11260417d9d449e73b1f7938b,,STM32Cube_FW_L4_V1.14.0/Projects/NUCLEO-L476RG/Examples_MIX/I2C/I2C_OneBoard_ComSlave7_10bits_IT/Inc/stm32l4xx_hal_conf.h
29c2778e5e737db8db0a3397ed4648,,STM32Cube_FW_L4_V1.14.0/Projects/NUCLEO-L432KC/Examples/TIM/TIM_TimeBase/Inc/main.h
bb23256557281c2d178ffc99de6b0b,,STM32Cube_FW_L4_V1.14.0/Projects/NUCLEO-L432KC/Examples/Cortex/CORTEXM_MPU/Src/stm32l4xx_it.c
59643d928d08fe36c194dbaea2450a,,STM32Cube_FW_L4_V1.14.0/Projects/STM32L476G-EVAL/Applications/USB_Device/CDC_Standalone/Inc/main.h
23d9f11260417d9d449e73b1f7938b,,STM32Cube_FW_L4_V1.14.0/Projects/STM32L476G-EVAL/Examples/I2C/I2C_EEPROM/Inc/stm32l4xx_hal_conf.h
23d9f11260417d9d449e73b1f7938b,,STM32Cube_FW_L4_V1.14.0/Projects/STM32L476G-EVAL/Examples/I2C/I2C_WakeUpFromStop/Inc/stm32l4xx_hal_conf.h
23d9f11260417d9d449e73b1f7938b,,STM32Cube_FW_L4_V1.14.0/Projects/STM32L476G-EVAL/Examples/I2C/I2C_TwoBoards_ComDMA/Inc/stm32l4xx_hal_conf.h
23d9f11260417d9d449e73b1f7938b,,STM32Cube_FW_L4_V1.14.0/Projects/STM32L476G-EVAL/Examples/I2C/I2C_TwoBoards_AdvComIT/Inc/stm32l4xx_hal_conf.h
23d9f11260417d9d449e73b1f7938b,,STM32Cube_FW_L4_V1.14.0/Projects/STM32L476G-EVAL/Examples/I2C/I2C_WakeUpFromStop2/Inc/stm32l4xx_hal_conf.h
23d9f11260417d9d449e73b1f7938b,,STM32Cube_FW_L4_V1.14.0/Projects/STM32L476G-EVAL/Examples/I2C/I2C_TwoBoards_ComPolling/Inc/stm32l4xx_hal_conf.h
23d9f11260417d9d449e73b1f7938b,,STM32Cube_FW_L4_V1.14.0/Projects/STM32L476G-EVAL/Examples/I2C/I2C_TwoBoards_ComIT/Inc/stm32l4xx_hal_conf.h
bb23256557281c2d178ffc99de6b0b,,STM32Cube_FW_L4_V1.14.0/Projects/STM32L476G-EVAL/Examples/Cortex/CORTEXM_MPU/Src/stm32l4xx_it.c
ac90a27673e2c6be5eba3e5fb73d0f,,STM32Cube_FW_L4_V1.14.0/Projects/NUCLEO-L496ZG/Examples/CRYP/CRYP_DMA/MDK-ARM/startup_stm32l4a6xx.s
ac90a27673e2c6be5eba3e5fb73d0f,,STM32Cube_FW_L4_V1.14.0/Projects/NUCLEO-L496ZG/Examples/CRYP/CRYP_AESModes/MDK-ARM/startup_stm32l4a6xx.s
ac90a27673e2c6be5eba3e5fb73d0f,,STM32Cube_FW_L4_V1.14.0/Projects/NUCLEO-L496ZG/Examples/CRYP/CRYP_GCM_GMAC_CMAC_Suspension/MDK-ARM/startup_stm32l4a6xx.s
ac90a27673e2c6be5eba3e5fb73d0f,,STM32Cube_FW_L4_V1.14.0/Projects/NUCLEO-L496ZG/Examples/CRYP/CRYP_AESModes_Suspension/MDK-ARM/startup_stm32l4a6xx.s
ac90a27673e2c6be5eba3e5fb73d0f,,STM32Cube_FW_L4_V1.14.0/Projects/NUCLEO-L496ZG/Examples/CRYP/CRYP_GCM_GMAC_CMAC_Modes/MDK-ARM/startup_stm32l4a6xx.s
ac90a27673e2c6be5eba3e5fb73d0f,,STM32Cube_FW_L4_V1.14.0/Projects/NUCLEO-L496ZG/Examples/HASH/HASH_HMAC_SHA224SHA256_MultiBuffer_DMA/MDK-ARM/startup_stm32l4a6xx.s
ac90a27673e2c6be5eba3e5fb73d0f,,STM32Cube_FW_L4_V1.14.0/Projects/NUCLEO-L496ZG/Examples/HASH/HASH_SHA1MD5_DMA/MDK-ARM/startup_stm32l4a6xx.s
ac90a27673e2c6be5eba3e5fb73d0f,,STM32Cube_FW_L4_V1.14.0/Projects/NUCLEO-L496ZG/Examples/HASH/HASH_SHA1MD5/MDK-ARM/startup_stm32l4a6xx.s
ac90a27673e2c6be5eba3e5fb73d0f,,STM32Cube_FW_L4_V1.14.0/Projects/NUCLEO-L496ZG/Examples/HASH/HASH_HMAC_SHA256MD5_IT_Suspension/MDK-ARM/startup_stm32l4a6xx.s
ac90a27673e2c6be5eba3e5fb73d0f,,STM32Cube_FW_L4_V1.14.0/Projects/NUCLEO-L496ZG/Examples/HASH/HASH_SHA224SHA256_DMA/MDK-ARM/startup_stm32l4a6xx.s
ac90a27673e2c6be5eba3e5fb73d0f,,STM32Cube_FW_L4_V1.14.0/Projects/NUCLEO-L496ZG/Examples/HASH/HASH_SHA1SHA224_IT_Suspension/MDK-ARM/startup_stm32l4a6xx.s
ac90a27673e2c6be5eba3e5fb73d0f,,STM32Cube_FW_L4_V1.14.0/Projects/NUCLEO-L496ZG/Examples/HASH/HASH_HMAC_SHA1MD5/MDK-ARM/startup_stm32l4a6xx.s
bb23256557281c2d178ffc99de6b0b,,STM32Cube_FW_L4_V1.14.0/Projects/NUCLEO-L496ZG/Examples/Cortex/CORTEXM_MPU/Src/stm32l4xx_it.c
77943514e066fa2ec15cd4a1d3c467,,STM32Cube_FW_L4_V1.14.0/Projects/NUCLEO-L412RB-P/Applications/FreeRTOS/FreeRTOS_LowPower/Inc/main.h
d8f3d76faa4512be47d7549c49f038,,Packs/STMicroelectronics/X-CUBE-AI/5.1.2/Utilities/linux/scipy/sparse/linalg/eigen/arpack/arpack.py
e8e5bbb9d817424f43ae31752a5d9d,,Packs/STMicroelectronics/X-CUBE-AI/5.1.2/Utilities/linux/scipy/interpolate/tests/test_bsplines.py
084cbb64f162cab910ed72b0efea90,,Packs/STMicroelectronics/X-CUBE-AI/5.1.2/Utilities/linux/scipy/special/tests/test_ellip_harm.py
458fe0c8a8a5fd2e05a597717eaced,,Packs/STMicroelectronics/X-CUBE-AI/5.1.2/Utilities/linux/scipy/_lib/setup.py
1f95a202969a83fc7d0b5607153ffb,,Packs/STMicroelectronics/X-CUBE-AI/5.1.2/Utilities/linux/scipy/io/matlab/tests/data/teststruct_7.1_GLNX86.mat
114518ec134be19e76ea9350bee38e,,Packs/STMicroelectronics/X-CUBE-AI/5.1.2/Utilities/linux/scipy/io/tests/test_fortran.py
b631425dabd61c49bd222337fd78e1,,Packs/STMicroelectronics/X-CUBE-AI/5.1.2/Utilities/linux/tensorboard/plugins/text/summary.py
f5c2e9a2d9732f4472df11c5bd1832,,Packs/STMicroelectronics/X-CUBE-AI/5.1.2/Utilities/linux/tensorboard/plugins/custom_scalar/metadata.py
25f54cb53b690c40845f0bb69b74fc,,Packs/STMicroelectronics/X-CUBE-AI/5.1.2/Utilities/linux/_socket.cpython-35m-x86_64-linux-gnu.so
7cf40852afd55ffda9db29a0e11322,,Packs/STMicroelectronics/X-CUBE-AI/5.1.2/Utilities/linux/tk/ttk/button.tcl
790996490c24e10d1b7df6ed65a4a8,,Packs/STMicroelectronics/X-CUBE-AI/5.1.2/Utilities/linux/google/protobuf/struct_pb2.py
649aae139d8551af513769dd913dbf,,Packs/STMicroelectronics/X-CUBE-AI/5.1.2/Utilities/linux/termcolor.py
6eeefd669b72d22f50a8569d91c577,,Packs/STMicroelectronics/X-CUBE-AI/5.1.2/Utilities/linux/theano/tensor/signal/tests/test_pool.py
5886af1ca3af55b032670be381aec8,,Packs/STMicroelectronics/X-CUBE-AI/5.1.2/Utilities/linux/theano/gpuarray/c_code/magma_qr.c
ca4454be7f1024a3d81943adaba4ce,,Packs/STMicroelectronics/X-CUBE-AI/5.1.2/Utilities/linux/tensorflow_core/python/data/ops/iterator_ops.py
ca77e68a4289a23230708222d4d39c,,Packs/STMicroelectronics/X-CUBE-AI/5.1.2/Utilities/linux/tensorflow_core/include/Eigen/src/Eigenvalues/SelfAdjointEigenSolver_LAPACKE.h
a992b4031f5297a9017cb8949886bb,,Packs/STMicroelectronics/X-CUBE-AI/5.1.2/Utilities/linux/tensorflow_core/include/Eigen/src/SparseCore/SparseMatrix.h
fe0af2a8a3f6d31c7a9e9289db091c,,Packs/STMicroelectronics/X-CUBE-AI/5.1.2/Utilities/linux/tensorflow_core/include/Eigen/src/Householder/Householder.h
dcf7e6b1542f7faaf9dbf7094a3054,,Packs/STMicroelectronics/X-CUBE-AI/5.1.2/Utilities/linux/tensorflow_core/include/external/curl/lib/curl_base64.h
f4e5d2bc08e2d2c46e2828df33bfe4,,Packs/STMicroelectronics/X-CUBE-AI/5.1.2/Utilities/linux/tensorflow_core/include/external/curl/lib/escape.h
2c6e0e004300589d59464ac302d55c,,Packs/STMicroelectronics/X-CUBE-AI/5.1.2/Utilities/linux/tensorflow_core/include/google/protobuf/map_lite_test_util.h
2c6c3d84aa6bb147ae348abf038dfe,,Packs/STMicroelectronics/X-CUBE-AI/5.1.2/Utilities/linux/tensorflow_core/include/google/protobuf/extension_set_inl.h
89e99e3590f5f056a09a3a4228126b,,Packs/STMicroelectronics/X-CUBE-AI/5.1.2/Utilities/linux/tensorflow_core/include/absl/debugging/stacktrace.h
69fc7a7eed34185032b5e8481ff907,,Packs/STMicroelectronics/X-CUBE-AI/5.1.2/Utilities/linux/tensorflow_core/include/absl/debugging/symbolize.h
c44572921cd0860030acbb26afb4f8,,Packs/STMicroelectronics/X-CUBE-AI/5.1.2/Utilities/linux/numpy/distutils/command/install_headers.py
d4d116a98d7533072c0579ae3dab4b,,Packs/STMicroelectronics/X-CUBE-AI/5.1.2/Utilities/linux/numpy/core/tests/test_numeric.py
0e13feac13dc18c79eb682bef4676e,,Packs/STMicroelectronics/X-CUBE-AI/5.0.0/Utilities/windows/api-ms-win-core-processthreads-l1-1-0.dll
d8f3d76faa4512be47d7549c49f038,,Packs/STMicroelectronics/X-CUBE-AI/5.0.0/Utilities/windows/scipy/sparse/linalg/eigen/arpack/arpack.py
e8e5bbb9d817424f43ae31752a5d9d,,Packs/STMicroelectronics/X-CUBE-AI/5.0.0/Utilities/windows/scipy/interpolate/tests/test_bsplines.py
084cbb64f162cab910ed72b0efea90,,Packs/STMicroelectronics/X-CUBE-AI/5.0.0/Utilities/windows/scipy/special/tests/test_ellip_harm.py
458fe0c8a8a5fd2e05a597717eaced,,Packs/STMicroelectronics/X-CUBE-AI/5.0.0/Utilities/windows/scipy/_lib/setup.py
1f95a202969a83fc7d0b5607153ffb,,Packs/STMicroelectronics/X-CUBE-AI/5.0.0/Utilities/windows/scipy/io/matlab/tests/data/teststruct_7.1_GLNX86.mat
114518ec134be19e76ea9350bee38e,,Packs/STMicroelectronics/X-CUBE-AI/5.0.0/Utilities/windows/scipy/io/tests/test_fortran.py
93f2a5de3ced689c8a9664e31d9174,,Packs/STMicroelectronics/X-CUBE-AI/5.0.0/Utilities/windows/tcl/tzdata/America/Inuvik
5c34d05d695102c33b25e919ddb4fb,,Packs/STMicroelectronics/X-CUBE-AI/5.0.0/Utilities/windows/tcl/tzdata/America/Cambridge_Bay
c8af8bee6ece49c4a5c97c283af021,,Packs/STMicroelectronics/X-CUBE-AI/5.0.0/Utilities/windows/tc