3c86382f90183f1c2c2d5ba8c44583,,STM32Cube_FW_L4_V1.14.0/Middlewares/Third_Party/FatFs/src/drivers/ppp_diskio_template.c
62be680e3a57d2c04e3601e8a16e7f,,STM32Cube_FW_L4_V1.14.0/Middlewares/ST/STemWin/inc/SLIDER.h
fd0bc630b8df1583dbdfb07fe06627,,STM32Cube_FW_L4_V1.14.0/Drivers/CMSIS/docs/Core/html/search/variables_13.js
34ac7a158a6fe0208fbfd0846ab9ab,,STM32Cube_FW_L4_V1.14.0/Drivers/CMSIS/docs/Core/html/templates_pg.js
103023c78af120ad52953f4392d4b7,,STM32Cube_FW_L4_V1.14.0/Drivers/CMSIS/DSP/DSP_Lib_TestSuite/Common/src/filtering_tests/filtering_test_group.c
f208807d23d179942f736fa1b62c9b,,STM32Cube_FW_L4_V1.14.0/Drivers/CMSIS/DSP/Source/ControllerFunctions/arm_sin_cos_f32.c
62fbb2e40dc10976562366c8f3eccc,,STM32Cube_FW_L4_V1.14.0/Drivers/CMSIS/DSP/Source/BasicMathFunctions/arm_mult_q31.c
2ecafce56b9a09a4179bc67774944a,,STM32Cube_FW_L4_V1.14.0/Drivers/CMSIS/DSP/Source/FilteringFunctions/arm_fir_init_q7.c
4046be903ba9d0d455f93fa5f7f387,,STM32Cube_FW_L4_V1.14.0/Drivers/CMSIS/Device/ST/STM32L4xx/Include/stm32l4s9xx.h
33913ad7a40c17a4c2819c64e2e914,,STM32Cube_FW_L4_V1.14.0/Projects/32L496GDISCOVERY/Applications/USB_Device/HID_Standalone_LPM/Src/stm32l4xx_it.c
c2ce2ef2dbfb997a63b3d136d2c7a2,,STM32Cube_FW_L4_V1.14.0/Projects/STM32L4R9I-EVAL/Applications/USB_Device/MSC_Standalone/SW4STM32/STM32L4R9I_EVAL_USBD-FS/STM32L4R9AIIx_FLASH.ld
5c6a68b47f9fe48e7973dfa54f0349,,STM32Cube_FW_L4_V1.14.0/Projects/STM32L4R9I-EVAL/Examples/RNG/RNG_MultiRNG_IT/Inc/stm32l4xx_it.h
3575c56182933dd291b2ed7d15a431,,STM32Cube_FW_L4_V1.14.0/Projects/STM32L4R9I-EVAL/Demonstrations/STemWin/MB1314/Gui/Core/power_measurement/generated/modes/run_mode/run_mode_text.c
e7ca97c71247c6cbd587292b27df45,,STM32Cube_FW_L4_V1.14.0/Projects/STM32L4R9I-EVAL/Demonstrations/STemWin/MB1314/Gui/Core/power_measurement/generated/buttons/button_run/animation/cercle2/animation_circle2_opacity40.c
fe7019e0af8eda6b383d62ec08cbc6,,STM32Cube_FW_L4_V1.14.0/Projects/32L4R9IDISCOVERY/Examples/RTC/RTC_TimeStamp/Inc/stm32l4xx_hal_conf.h
3575c56182933dd291b2ed7d15a431,,STM32Cube_FW_L4_V1.14.0/Projects/32L4R9IDISCOVERY/Demonstrations/STemWin/Gui/Core/power_measurement/generated/modes/run_mode/run_mode_text.c
e7ca97c71247c6cbd587292b27df45,,STM32Cube_FW_L4_V1.14.0/Projects/32L4R9IDISCOVERY/Demonstrations/STemWin/Gui/Core/power_measurement/generated/buttons/button_run/animation/cercle2/animation_circle2_opacity40.c
5c6a68b47f9fe48e7973dfa54f0349,,STM32Cube_FW_L4_V1.14.0/Projects/NUCLEO-L452RE/Examples/RNG/RNG_MultiRNG_IT/Inc/stm32l4xx_it.h
5c6a68b47f9fe48e7973dfa54f0349,,STM32Cube_FW_L4_V1.14.0/Projects/NUCLEO-L4R5ZI/Examples/RNG/RNG_MultiRNG_IT/Inc/stm32l4xx_it.h
5c6a68b47f9fe48e7973dfa54f0349,,STM32Cube_FW_L4_V1.14.0/Projects/NUCLEO-L432KC/Examples/RNG/RNG_MultiRNG_IT/Inc/stm32l4xx_it.h
a4a271eabfc2fbf9b02d9002607493,,STM32Cube_FW_L4_V1.14.0/Projects/STM32L476G-EVAL/Applications/USB_Device/MSC_Standalone/TrueSTUDIO/STM32L476G_EVAL_USBD-FS/STM32L476ZG_FLASH.ld
95ee5b4c6ad21bb2ce71ba5af1c220,,STM32Cube_FW_L4_V1.14.0/Projects/STM32L476G-EVAL/Examples/ADC/ADC_Regular_injected_groups/Inc/main.h
5c6a68b47f9fe48e7973dfa54f0349,,STM32Cube_FW_L4_V1.14.0/Projects/STM32L476G-EVAL/Examples/RNG/RNG_MultiRNG_IT/Inc/stm32l4xx_it.h
1183a53b0b7f5f4c5da6cef3bd45d0,,STM32Cube_FW_L4_V1.14.0/Projects/STM32L476G-EVAL/Examples/QSPI/QSPI_ReadWrite_DMA/Src/main.c
5c6a68b47f9fe48e7973dfa54f0349,,STM32Cube_FW_L4_V1.14.0/Projects/NUCLEO-L496ZG/Examples/RNG/RNG_MultiRNG_IT/Inc/stm32l4xx_it.h
bcf0bfc5f975ea7e95895a67ed9fc1,,STM32Cube_FW_L4_V1.14.0/Projects/NUCLEO-L496ZG/Examples/DAC/DAC_SimpleConversion/Inc/main.h
808017ca336b0a7c0727ec49572af7,,STM32Cube_FW_L4_V1.14.0/Projects/NUCLEO-L496ZG/Examples_LL/USART/USART_Communication_Tx_IT/Src/main.c
12c95418e1a3e366fb8b512f767d7d,,STM32Cube_FW_L4_V1.14.0/Projects/NUCLEO-L412RB-P/Templates_LL/SW4STM32/STM32L412RB_NUCLEO/STM32L412RBTx_FLASH.ld
12c95418e1a3e366fb8b512f767d7d,,STM32Cube_FW_L4_V1.14.0/Projects/NUCLEO-L412RB-P/Applications/FreeRTOS/FreeRTOS_Timers/SW4STM32/STM32L412RB_NUCLEO_FreeRTOS_Timers/STM32L412RBTx_FLASH.ld
12c95418e1a3e366fb8b512f767d7d,,STM32Cube_FW_L4_V1.14.0/Projects/NUCLEO-L412RB-P/Applications/FreeRTOS/FreeRTOS_Mutexes/SW4STM32/STM32L412RB_NUCLEO_FreeRTOS_Mutexes/STM32L412RBTx_FLASH.ld
12c95418e1a3e366fb8b512f767d7d,,STM32Cube_FW_L4_V1.14.0/Projects/NUCLEO-L412RB-P/Applications/FreeRTOS/FreeRTOS_Semaphore/SW4STM32/STM32L412RB_NUCLEO_FreeRTOS_Semaphore/STM32L412RBTx_FLASH.ld
12c95418e1a3e366fb8b512f767d7d,,STM32Cube_FW_L4_V1.14.0/Projects/NUCLEO-L412RB-P/Applications/FreeRTOS/FreeRTOS_Queues/SW4STM32/STM32L412RB_NUCLEO_FreeRTOS_Queues/STM32L412RBTx_FLASH.ld
12c95418e1a3e366fb8b512f767d7d,,STM32Cube_FW_L4_V1.14.0/Projects/NUCLEO-L412RB-P/Applications/FreeRTOS/FreeRTOS_ThreadCreation/SW4STM32/STM32L412RB_NUCLEO_FreeRTOS_ThreadCreation/STM32L412RBTx_FLASH.ld
12c95418e1a3e366fb8b512f767d7d,,STM32Cube_FW_L4_V1.14.0/Projects/NUCLEO-L412RB-P/Applications/FreeRTOS/FreeRTOS_SemaphoreFromISR/SW4STM32/STM32L412RB_NUCLEO_FreeRTOS_SemaphoreFromISR/STM32L412RBTx_FLASH.ld
12c95418e1a3e366fb8b512f767d7d,,STM32Cube_FW_L4_V1.14.0/Projects/NUCLEO-L412RB-P/Applications/FreeRTOS/FreeRTOS_SignalFromISR/SW4STM32/STM32L412RB_NUCLEO_FreeRTOS_SignalFromISR/STM32L412RBTx_FLASH.ld
12c95418e1a3e366fb8b512f767d7d,,STM32Cube_FW_L4_V1.14.0/Projects/NUCLEO-L412RB-P/Applications/FreeRTOS/FreeRTOS_LowPower/SW4STM32/STM32L412RB_NUCLEO_FreeRTOS_LowPower/STM32L412RBTx_FLASH.ld
12c95418e1a3e366fb8b512f767d7d,,STM32Cube_FW_L4_V1.14.0/Projects/NUCLEO-L412RB-P/Applications/FreeRTOS/FreeRTOS_Mail/SW4STM32/STM32L412RB_NUCLEO_FreeRTOS_Mail/STM32L412RBTx_FLASH.ld
12c95418e1a3e366fb8b512f767d7d,,STM32Cube_FW_L4_V1.14.0/Projects/NUCLEO-L412RB-P/Applications/FreeRTOS/FreeRTOS_Signal/SW4STM32/STM32L412RB_NUCLEO_FreeRTOS_Signal/STM32L412RBTx_FLASH.ld
12c95418e1a3e366fb8b512f767d7d,,STM32Cube_FW_L4_V1.14.0/Projects/NUCLEO-L412RB-P/Templates/SW4STM32/STM32L412RB_NUCLEO/STM32L412RBTx_FLASH.ld
916d346df99658b1f43274f9adcb4a,,STM32Cube_FW_L4_V1.14.0/Projects/NUCLEO-L412RB-P/Examples/RTC/RTC_Tamper/Src/main.c
12c95418e1a3e366fb8b512f767d7d,,STM32Cube_FW_L4_V1.14.0/Projects/NUCLEO-L412RB-P/Examples/RTC/RTC_LowPower_STANDBY/SW4STM32/STM32L412RB_NUCLEO_RTC_LowPower_STANDBY/STM32L412RBTx_FLASH.ld
12c95418e1a3e366fb8b512f767d7d,,STM32Cube_FW_L4_V1.14.0/Projects/NUCLEO-L412RB-P/Examples/I2C/I2C_TwoBoards_RestartAdvComIT/SW4STM32/STM32L412RB_NUCLEO_I2C_TwoBoards_RestartAdvComIT/STM32L412RBTx_FLASH.ld
12c95418e1a3e366fb8b512f767d7d,,STM32Cube_FW_L4_V1.14.0/Projects/NUCLEO-L412RB-P/Examples/I2C/I2C_TwoBoards_ComDMA/SW4STM32/STM32L412RB_NUCLEO_I2C_TwoBoards_ComDMA/STM32L412RBTx_FLASH.ld
12c95418e1a3e366fb8b512f767d7d,,STM32Cube_FW_L4_V1.14.0/Projects/NUCLEO-L412RB-P/Examples/I2C/I2C_WakeUpFromStop2/SW4STM32/STM32L412RB_NUCLEO_I2C_WakeUpFromStop2/STM32L412RBTx_FLASH.ld
12c95418e1a3e366fb8b512f767d7d,,STM32Cube_FW_L4_V1.14.0/Projects/NUCLEO-L412RB-P/Examples/I2C/I2C_TwoBoards_ComPolling/SW4STM32/STM32L412RB_NUCLEO_I2C_TwoBoards_ComPolling/STM32L412RBTx_FLASH.ld
12c95418e1a3e366fb8b512f767d7d,,STM32Cube_FW_L4_V1.14.0/Projects/NUCLEO-L412RB-P/Examples/I2C/I2C_TwoBoards_ComIT/SW4STM32/STM32L412RB_NUCLEO_I2C_TwoBoards_ComIT/STM32L412RBTx_FLASH.ld
12c95418e1a3e366fb8b512f767d7d,,STM32Cube_FW_L4_V1.14.0/Projects/NUCLEO-L412RB-P/Examples_LL/RTC/RTC_ExitStandbyWithWakeUpTimer/SW4STM32/STM32L412RB_NUCLEO_RTC_ExitStandbyWithWakeUpTimer/STM32L412RBTx_FLASH.ld
12c95418e1a3e366fb8b512f767d7d,,STM32Cube_FW_L4_V1.14.0/Projects/NUCLEO-L412RB-P/Examples_LL/RTC/RTC_Alarm_Init/SW4STM32/STM32L412RB_NUCLEO_RTC_Alarm_Init/STM32L412RBTx_FLASH.ld
12c95418e1a3e366fb8b512f767d7d,,STM32Cube_FW_L4_V1.14.0/Projects/NUCLEO-L412RB-P/Examples_LL/RTC/RTC_Tamper/SW4STM32/STM32L412RB_NUCLEO_RTC_Tamper/STM32L412RBTx_FLASH.ld
12c95418e1a3e366fb8b512f767d7d,,STM32Cube_FW_L4_V1.14.0/Projects/NUCLEO-L412RB-P/Examples_LL/RTC/RTC_Calendar/SW4STM32/STM32L412RB_NUCLEO_RTC_Calendar/STM32L412RBTx_FLASH.ld
12c95418e1a3e366fb8b512f767d7d,,STM32Cube_FW_L4_V1.14.0/Projects/NUCLEO-L412RB-P/Examples_LL/RTC/RTC_Alarm/SW4STM32/STM32L412RB_NUCLEO_RTC_Alarm/STM32L412RBTx_FLASH.ld
133934734fbc4b9da4574baacf4ad4,,Packs/STMicroelectronics/X-CUBE-AI/5.1.2/Utilities/linux/scipy/spatial/transformbb043c322a2c02158e6de0d6baae6b,,Debug/Drivers/STM32F4xx_HAL_Driver/Src/stm32f4xx_hal_cortex.su
