49025f593a68f935024139edea3ba6,,STM32Cube_FW_L4_V1.14.0/Middlewares/ST/STemWin/inc/SCROLLBAR_Private.h
5ae7867f2f55a023dd769fda10da0a,,STM32Cube_FW_L4_V1.14.0/Middlewares/ST/STM32_TouchSensing_Library/src/tsl_acq.c
f33ae7bd33d46c86e8745cc6197c35,,STM32Cube_FW_L4_V1.14.0/Drivers/STM32L4xx_HAL_Driver/Inc/stm32l4xx_hal_pwr_ex.h
62fb6b322c4132e12fce690fe76506,,STM32Cube_FW_L4_V1.14.0/Drivers/CMSIS/docs/Core_A/html/search/functions_4.js
6c296d6ddc11818cdacbc323fc156a,,STM32Cube_FW_L4_V1.14.0/Drivers/CMSIS/docs/NN/html/search/all_9.js
94b0cb3c8ba89bf558a1ebf05bfd6a,,STM32Cube_FW_L4_V1.14.0/Drivers/CMSIS/docs/DSP/html/structarm__fir__instance__q15.js
212f7bee40b3bcdae8448cd899fa87,,STM32Cube_FW_L4_V1.14.0/Drivers/CMSIS/DSP/Source/FilteringFunctions/arm_biquad_cascade_df1_init_f32.c
1344ecc64f73a6a036a1786dc70d44,,STM32Cube_FW_L4_V1.14.0/Projects/NUCLEO-L412KB/Templates/Inc/stm32l4xx_hal_conf.h
eca0203fd0e6c9861cbef76505a557,,STM32Cube_FW_L4_V1.14.0/Projects/32L496GDISCOVERY/Examples/DMA2D/DMA2D_MemToMemWithBlending/Inc/RGB565_240x130_2.h
cad709509afb9ed772c16d7eb3f31b,,STM32Cube_FW_L4_V1.14.0/Projects/32L476GDISCOVERY/Demonstrations/Core/Src/main.c
cc31294b810751e93cf7011539922c,,STM32Cube_FW_L4_V1.14.0/Projects/32L476GDISCOVERY/Demonstrations/Modules/guitartuner/GuitarTuner_glo.h
f17fca98dca963b1abed2ff9c4da6d,,STM32Cube_FW_L4_V1.14.0/Projects/NUCLEO-L496ZG-P/Examples/PWR/PWR_STOP0_SMPS/Src/stm32l4xx_it.c
f6faf91ccb264c8716b673a15a674e,,STM32Cube_FW_L4_V1.14.0/Projects/STM32L4R9I-EVAL/Applications/STemWin/MB1314/HelloWorld/STemWin/Target/LCDConf.c
785b6da6468647813094bd4897401a,,STM32Cube_FW_L4_V1.14.0/Projects/STM32L4R9I-EVAL/Applications/FreeRTOS/FreeRTOS_ThreadCreation/Src/main.c
1c487d922d2a400d9980dc1634a01b,,STM32Cube_FW_L4_V1.14.0/Projects/B-L475E-IOT01A/Applications/BLE/Common/utilities/scheduler.h
ca0b2727ae982e78c17b4b076e0e44,,STM32Cube_FW_L4_V1.14.0/Projects/NUCLEO-L452RE/Examples/RTC/RTC_Calendar/Src/main.c
f5662cd051ba2faabb5c269f2d38ca,,STM32Cube_FW_L4_V1.14.0/Projects/NUCLEO-L4R5ZI/Examples/RCC/RCC_ClockConfig/Src/stm32l4xx_it.c
dd5e597bccbc7f5eb7882746c30e31,,STM32Cube_FW_L4_V1.14.0/Projects/NUCLEO-L476RG/Examples/UART/UART_WakeUpFromStop/Src/stm32l4xx_hal_msp.c
f5662cd051ba2faabb5c269f2d38ca,,STM32Cube_FW_L4_V1.14.0/Projects/NUCLEO-L476RG/Examples/RCC/RCC_ClockConfig/Src/stm32l4xx_it.c
fa0b134d6b06a9abe419afb9ef0a33,,STM32Cube_FW_L4_V1.14.0/Projects/NUCLEO-L476RG/Examples_LL/ADC/ADC_SingleConversion_TriggerTimer_DMA/Inc/main.h
0d49cb74c1d34fd5b4f67ff4c6d577,,STM32Cube_FW_L4_V1.14.0/Projects/NUCLEO-L476RG/Examples_LL/RNG/RNG_GenerateRandomNumbers/Inc/stm32l4xx_it.h
dce0860be0b95d2699eba924f07c4a,,STM32Cube_FW_L4_V1.14.0/Projects/NUCLEO-L476RG/Examples_LL/SPI/SPI_TwoBoards_FullDuplex_DMA/Inc/stm32l4xx_it.h
5e19682f2b728faeffe6e8453dc18a,,STM32Cube_FW_L4_V1.14.0/Projects/STM32L476G-EVAL/Applications/FatFs/FatFs_uSD_Standalone/EWARM/stm32l476xx_flash.icf
5e19682f2b728faeffe6e8453dc18a,,STM32Cube_FW_L4_V1.14.0/Projects/STM32L476G-EVAL/Applications/FatFs/FatFs_uSD_DMA_RTOS/EWARM/stm32l476xx_flash.icf
5660745f3aeceb4b4997d89d9687a7,,STM32Cube_FW_L4_V1.14.0/Projects/STM32L476G-EVAL/Examples/LPTIM/LPTIM_Timeout/Src/stm32l4xx_hal_msp.c
cf9bae2cd5dafd70b929bd2adcd22f,,STM32Cube_FW_L4_V1.14.0/Projects/STM32L476G-EVAL/Examples/CRYP/CRYP_GCM_GMAC_CMAC_Modes/Src/stm32l4xx_hal_msp.c
f17fca98dca963b1abed2ff9c4da6d,,STM32Cube_FW_L4_V1.14.0/Projects/NUCLEO-L4R5ZI-P/Examples/PWR/PWR_STOP0_SMPS/Src/stm32l4xx_it.c
6454f28e21f45ca15beaf002964a51,,STM32Cube_FW_L4_V1.14.0/Projects/NUCLEO-L4R5ZI-P/Examples/PWR/PWR_RUN_SMPS/Src/main.c
0d49cb74c1d34fd5b4f67ff4c6d577,,STM32Cube_FW_L4_V1.14.0/Projects/NUCLEO-L496ZG/Examples_LL/RNG/RNG_GenerateRandomNumbers/Inc/stm32l4xx_it.h
dce0860be0b95d2699eba924f07c4a,,STM32Cube_FW_L4_V1.14.0/Projects/NUCLEO-L496ZG/Examples_LL/SPI/SPI_TwoBoards_FullDuplex_DMA/Inc/stm32l4xx_it.h
7da493046168a069e4c20083de2a6a,,STM32Cube_FW_L4_V1.14.0/Projects/NUCLEO-L412RB-P/Applications/USB_Device/DFU_Standalone/Binary/STM32L412RB-P-Nucleo_SysTick_0x0800C000.dfu
1344ecc64f73a6a036a1786dc70d44,,STM32Cube_FW_L4_V1.14.0/Projects/NUCLEO-L412RB-P/Templates/Inc/stm32l4xx_hal_conf.h
e13540462364ef6a5a072d703d147e,,STM32Cube_FW_L4_V1.14.0/Projects/NUCLEO-L412RB-P/Examples/I2C/I2C_TwoBoards_RestartAdvComIT/Inc/stm32l4xx_it.h
a2b715ca722a4f8399fd4e1ddbf32a,,Packs/STMicroelectronics/X-CUBE-AI/5.1.2/Utilities/linux/scipy/spatial/tests/test_qhull.py
ec54280b94f210e16c00771063229b,,Packs/STMicroelectronics/X-CUBE-AI/5.1.2/Utilities/linux/scipy/sparse/tests/test_base.py
b13f0effda41303aa53974828fdce2,,Packs/STMicroelectronics/X-CUBE-AI/5.1.2/Utilities/linux/scipy/sparse/csgraph/_traversal.cpython-35m-x86_64-linux-gnu.so
bf7b4d25462e5ffcdcbc587159b97c,,Packs/STMicroelectronics/X-CUBE-AI/5.1.2/Utilities/linux/scipy/integrate/_ivp/common.py
d45a4360fb46542e86564c3a3e5dba,,Packs/STMicroelectronics/X-CUBE-AI/5.1.2/Utilities/linux/scipy/optimize/setup.py
0f0ed703dc7eae2bccbb0750b43863,,Packs/STMicroelectronics/X-CUBE-AI/5.1.2/Utilities/linux/scipy/optimize/_group_columns.cpython-35m-x86_64-linux-gnu.so
a7a844764e23a597319e5cdf4a0e91,,Packs/STMicroelectronics/X-CUBE-AI/5.1.2/Utilities/linux/libzvbi.so.0
405964cee46628b24d361886367406,,Packs/STMicroelectronics/X-CUBE-AI/5.1.2/Utilities/linux/google/protobuf/unittest_no_arena_import_pb2.py
60393a521fe4cde5cebdd85e4d9e15,,Packs/STMicroelectronics/X-CUBE-AI/5.1.2/Utilities/linux/fcntl.cpython-35m-x86_64-linux-gnu.so
99f4bbb669c60bc91dd46fb75ee5d1,,Packs/STMicroelectronics/X-CUBE-AI/5.1.2/Utilities/linux/onnx/backend/test/data/node/test_lrn_default/test_data_set_0/input_0.pb
d04276dd26fde3c43baa7c00ff6ce4,,Packs/STMicroelectronics/X-CUBE-AI/5.1.2/Utilities/linux/onnx/backend/test/data/node/test_tfidfvectorizer_tf_uniandbigrams_skip5/model.onnx
99f4bbb669c60bc91dd46fb75ee5d1,,Packs/STMicroelectronics/X-CUBE-AI/5.1.2/Utilities/linux/onnx/backend/test/data/node/test_lrn/test_data_set_0/input_0.pb
cb5a860a2a88592cea476444b17026,,Packs/STMicroelectronics/X-CUBE-AI/5.1.2/Utilities/linux/onnx/backend/test/data/pytorch-converted/test_PReLU_2d_multiparam/test_data_set_0/input_0.pb
410affedba6d2663f4fd2963157856,,Packs/STMicroelectronics/X-CUBE-AI/5.1.2/Utilities/linux/onnx/backend/test/data/pytorch-converted/test_AvgPool3d/test_data_set_0/input_0.pb
f2c8f96b7c7f7d93f235143f8cca02,,Packs/STMicroelectronics/X-CUBE-AI/5.1.2/Utilities/linux/onnx/backend/test/case/node/elu.py
7e20983323fb625ed2607567425f68,,Packs/STMicroelectronics/X-CUBE-AI/5.1.2/Utilities/linux/onnx/backend/test/cmd_tools.py
03847bafd8e68654c69961f9ac31ca,,Packs/STMicroelectronics/X-CUBE-AI/5.1.2/Utilities/linux/onnx/defs/reduction/defs.cc
7cdff8d4b0d4b192315507fd3f1700,,Packs/STMicroelectronics/X-CUBE-AI/5.1.2/Utilities/linux/theano/tests/test_determinism.py
d0b6299a065f8df1e5519c82a8115a,,Packs/STMicroelectronics/X-CUBE-AI/5.1.2/Utilities/linux/tensorflow_core/compiler/tf2xla/ops/_xla_ops.so
154d5558785ff35610ac0016690a97,,Packs/STMicroelectronics/X-CUBE-AI/5.1.2/Utilities/linux/tensorflow_core/python/platform/sysconfig.py
04e05271061fd4e4289639d5f1364d,,Packs/STMicroelectronics/X-CUBE-AI/5.1.2/Utilities/linux/tensorflow_core/python/ops/while_v2_indexed_slices_rewriter.py
5b0609421f7a01229fee532bfcadd2,,Packs/STMicroelectronics/X-CUBE-AI/5.1.2/Utilities/linux/tensorflow_core/python/data/experimental/ops/take_while_ops.py
84fc9d2576467fa904871f7b299102,,Packs/STMicroelectronics/X-CUBE-AI/5.1.2/Utilities/linux/tensorflow_core/python/saved_model/save_options.py
efd743ab155a86361371d7cf3141ef,,Packs/STMicroelectronics/X-CUBE-AI/5.1.2/Utilities/linux/tensorflow_core/include/Eigen/src/Geometry/Rotation2D.h
41d214c9ec3dfbfd5625f49155588d,,Packs/STMicroelectronics/X-CUBE-AI/5.1.2/Utilities/linux/tensorflow_core/include/external/com_googlesource_code_re2/re2/filtered_re2.h
e833624b4e53932e2b8829dbb0a68e,,Packs/STMicroelectronics/X-CUBE-AI/5.1.2/Utilities/linux/tensorflow_core/include/external/aws/aws-cpp-sdk-s3/include/aws/s3/model/AnalyticsExportDestination.h
c31efdf546a37eb5181e3c927acaba,,Packs/STMicroelectronics/X-CUBE-AI/5.1.2/Utilities/linux/tensorflow_core/include/external/aws/aws-cpp-sdk-s3/include/aws/s3/model/GetBucketEncryptionResult.h
e67aefd4d1c87bc