130d4bcdfb064420788b117f37edc8,,STM32Cube_FW_L4_V1.14.0/Drivers/STM32L4xx_HAL_Driver/Src/stm32l4xx_ll_lptim.c
288864d50625fbdbca9dcb1d60afd8,,STM32Cube_FW_L4_V1.14.0/Drivers/CMSIS/docs/Driver/html/group__sai__frame__control.js
f3aea016024b14e733f3d420ef8b0b,,STM32Cube_FW_L4_V1.14.0/Drivers/CMSIS/docs/Driver/html/group__mci__interface__gr_structARM__MCI__STATUS.js
b0f364249f9ebb0c718b5ac2a232c2,,STM32Cube_FW_L4_V1.14.0/Drivers/CMSIS/docs/Core_A/html/search/enumvalues_3.js
052f384096204b34809070d6c04743,,STM32Cube_FW_L4_V1.14.0/Drivers/CMSIS/docs/NN/html/navtreeindex0.js
45deb2e6b9b41756bf043650dcb5e6,,STM32Cube_FW_L4_V1.14.0/Drivers/CMSIS/DSP/DSP_Lib_TestSuite/Common/src/controller_tests/controller_test_group.c
476aa4c06a3e7663a6d7d3689152bf,,STM32Cube_FW_L4_V1.14.0/Projects/NUCLEO-L412KB/Examples_LL/CRC/CRC_CalculateAndCheck/Src/main.c
7ed8ec75d2f2141adc2acc42628084,,STM32Cube_FW_L4_V1.14.0/Projects/32L476GDISCOVERY/Applications/USB_Device/HID_Standalone_LPM/Inc/stm32l4xx_hal_conf.h
efb3a82d4f57c9a12a24d065ed6029,,STM32Cube_FW_L4_V1.14.0/Projects/32L476GDISCOVERY/Examples/CRC/CRC_UserDefinedPolynomial/Src/main.c
583e7e1c82b40f3f21382a73077c9f,,STM32Cube_FW_L4_V1.14.0/Projects/32L476GDISCOVERY/Examples/CRC/CRC_UserDefinedPolynomial/Inc/main.h
4596c3fd3acfbb7e7034bbfb4d806e,,STM32Cube_FW_L4_V1.14.0/Projects/STM32L4R9I-EVAL/Examples/UART/UART_Printf/Src/stm32l4xx_it.c
324e484cd2542d3a480486798cde23,,STM32Cube_FW_L4_V1.14.0/Projects/STM32L4R9I-EVAL/Demonstrations/MenuLauncher/MB1315/Gui/App/generated/stemwin_icon.c
e61482b7bce6a9ef73825e6bab4e90,,STM32Cube_FW_L4_V1.14.0/Projects/B-L475E-IOT01A/Applications/BLE/Common/tl/tl_ble_hci.h
f15ceb89b0cdcc62ff21caf74f5d0a,,STM32Cube_FW_L4_V1.14.0/Projects/B-L475E-IOT01A/Applications/NFC/Common/M24SR/m24sr_wrapper.c
d5e309b181abdf58d78c484a797055,,STM32Cube_FW_L4_V1.14.0/Projects/32L4R9IDISCOVERY/Applications/USB_Device/DFU_Standalone/SW4STM32/STM32L4R9I_Discovery_USBD-FS/STM32L4R9AIIx_FLASH.ld
fca8f9dd8a9307497c4f7e46d75c0b,,STM32Cube_FW_L4_V1.14.0/Projects/NUCLEO-L452RE/Examples/I2C/I2C_TwoBoards_RestartAdvComIT/Src/stm32l4xx_it.c
fca8f9dd8a9307497c4f7e46d75c0b,,STM32Cube_FW_L4_V1.14.0/Projects/NUCLEO-L4R5ZI/Examples/I2C/I2C_TwoBoards_RestartAdvComIT/Src/stm32l4xx_it.c
fca8f9dd8a9307497c4f7e46d75c0b,,STM32Cube_FW_L4_V1.14.0/Projects/NUCLEO-L476RG/Examples/I2C/I2C_TwoBoards_RestartAdvComIT/Src/stm32l4xx_it.c
33ab01e31d3fc6d79c6b5c61d334a2,,STM32Cube_FW_L4_V1.14.0/Projects/NUCLEO-L476RG/Examples_LL/TIM/TIM_TimeBase/Src/stm32l4xx_it.c
fca8f9dd8a9307497c4f7e46d75c0b,,STM32Cube_FW_L4_V1.14.0/Projects/NUCLEO-L432KC/Examples/I2C/I2C_TwoBoards_RestartAdvComIT/Src/stm32l4xx_it.c
95356cbb7eba84643911d9e07d40a4,,STM32Cube_FW_L4_V1.14.0/Projects/STM32L476G-EVAL/Applications/USB_Host/HID_Standalone/Src/keyboard.c
4596c3fd3acfbb7e7034bbfb4d806e,,STM32Cube_FW_L4_V1.14.0/Projects/STM32L476G-EVAL/Examples/UART/UART_Printf/Src/stm32l4xx_it.c
61ce1f3fab106543a52b97165f9ac3,,STM32Cube_FW_L4_V1.14.0/Projects/STM32L476G-EVAL/Examples/TSC/TSC_BasicAcquisition_Interrupt/Src/main.c
fca8f9dd8a9307497c4f7e46d75c0b,,STM32Cube_FW_L4_V1.14.0/Projects/STM32L476G-EVAL/Examples/I2C/I2C_TwoBoards_RestartAdvComIT/Src/stm32l4xx_it.c
3b80a4ef2751bdb81a013ef0ba2652,,STM32Cube_FW_L4_V1.14.0/Projects/STM32L476G-EVAL/Examples/FMC/FMC_NOR/Src/stm32l4xx_hal_msp.c
a17138e906bcb81e5339fab63583ae,,STM32Cube_FW_L4_V1.14.0/Projects/STM32L476G-EVAL/Demonstrations/MB1144/Core/Inc/main.h
fca8f9dd8a9307497c4f7e46d75c0b,,STM32Cube_FW_L4_V1.14.0/Projects/NUCLEO-L496ZG/Examples/I2C/I2C_TwoBoards_RestartAdvComIT/Src/stm32l4xx_it.c
33ab01e31d3fc6d79c6b5c61d334a2,,STM32Cube_FW_L4_V1.14.0/Projects/NUCLEO-L496ZG/Examples_LL/TIM/TIM_TimeBase/Src/stm32l4xx_it.c
4067a45661bc5d59749f9a03beb3d7,,Packs/STMicroelectronics/X-CUBE-AI/5.1.2/Utilities/linux/scipy/sparse/__init__.py
5906afe7d20f00521a19b719e0f94d,,Packs/STMicroelectronics/X-CUBE-AI/5.1.2/Utilities/linux/scipy/io/matlab/tests/data/testcell_7.4_GLNX86.mat
2d3a253b4a9c829394210e58e24b15,,Packs/STMicroelectronics/X-CUBE-AI/5.1.2/Utilities/linux/tensorboard/compat/tensorflow_stub/pywrap_tensorflow.py
b42ba91cc7ef4f89a8c1831abe7b03,,Packs/STMicroelectronics/X-CUBE-AI/5.1.2/Utilities/linux/tcl/msgs/ar_in.msg
a095707a15aacb2d7af146f1e6a1fd,,Packs/STMicroelectronics/X-CUBE-AI/5.1.2/Utilities/linux/onnxruntime/capi/session.py
2de0979f7d189bed8367ea104dc97f,,Packs/STMicroelectronics/X-CUBE-AI/5.1.2/Utilities/linux/onnx/backend/test/data/node/test_nonmaxsuppression_limit_output_size/model.onnx
57227137a2cac86504ffe8407334d8,,Packs/STMicroelectronics/X-CUBE-AI/5.1.2/Utilities/linux/onnx/backend/test/data/node/test_resize_upsample_scales_cubic_align_corners/test_data_set_0/output_0.pb
32243eb4c8eb303e2c986bf4b5dfce,,Packs/STMicroelectronics/X-CUBE-AI/5.1.2/Utilities/linux/_lzma.cpython-35m-x86_64-linux-gnu.so
f76bf630bf256d60bae23de1128a62,,Packs/STMicroelectronics/X-CUBE-AI/5.1.2/Utilities/linux/theano/gof/destroyhandler.py
70803784204bbe804af42a67628de6,,Packs/STMicroelectronics/X-CUBE-AI/5.1.2/Utilities/linux/absl/testing/xml_reporter.py
2b57660b2e29eadfcce8464acfe793,,Packs/STMicroelectronics/X-CUBE-AI/5.1.2/Utilities/linux/tensorflow_core/core/profiler/tfprof_options_pb2.py
58c0ffc6dae02e32cbd825e6f13798,,Packs/STMicroelectronics/X-CUBE-AI/5.1.2/Utilities/linux/tensorflow_core/core/framework/api_def_pb2.py
7f82123c47066fe944deb347ccd58b,,Packs/STMicroelectronics/X-CUBE-AI/5.1.2/Utilities/linux/tensorflow_core/python/autograph/pyct/pretty_printer.py
3cd7e17fc0957cc62efdd27188430f,,Packs/STMicroelectronics/X-CUBE-AI/5.1.2/Utilities/linux/tensorflow_core/python/eager/remote.py
5d93a7ca3f0629766aa8ebe384dd68,,Packs/STMicroelectronics/X-CUBE-AI/5.1.2/Utilities/linux/tensorflow_core/python/training/tensorboard_logging.py
f3a7feec0bc37821c8f9818aa077e8,,Packs/STMicroelectronics/X-CUBE-AI/5.1.2/Utilities/linux/tensorflow_core/python/tools/import_pb_to_tensorboard.py
87e13d58d537915bd0cbc466e59425,,Packs/STMicroelectronics/X-CUBE-AI/5.1.2/Utilities/linux/tensorflow_core/include/Eigen/src/Core/Assign.h
d1b4032c69f57c1e60ec0a5b6a30ea,,Packs/STMicroelectronics/X-CUBE-AI/5.1.2/Utilities/linux/tensorflow_core/include/Eigen/src/Geometry/Umeyama.h
30cf150d1202042efc704dfc0b22b6,,Packs/STMicroelectronics/X-CUBE-AI/5.1.2/Utilities/linux/tensorflow_core/include/external/boringssl/src/include/openssl/hmac.h
62f93df37fe05332f4d19530fadb90,,Packs/STMicroelectronics/X-CUBE-AI/5.1.2/Utilities/linux/tensorflow_core/include/external/com_googlesource_code_re2/util/logging.h
3a57e176e32491503965f15e4173bb,,Packs/STMicroelectronics/X-CUBE-AI/5.1.2/Utilities/linux/tensorflow_core/include/external/aws/aws-cpp-sdk-core/include/aws/core/utils/ratelimiter/RateLimiterInterface.h
89de7f481a86e4780380eb2ae87719,,Packs/STMicroelectronics/X-CUBE-AI/5.1.2/Utilities/linux/tensorflow_core/include/external/curl/lib/inet_pton.h
f0ea3094fb00f464c33abd2a36d698,,Packs/STMicroelectronics/X-CUBE-AI/5.1.2/Utilities/linux/tensorflow_core/include/google/protobuf/compiler/java/java_message_builder_lite.h
2ca12ad0ade7d657460ba5f8814888,,Packs/STMicroelectronics/X-CUBE-AI/5.1.2/Utilities/linux/tensorflow_core/include/google/protobuf/compiler/csharp/csharp_message_field.h
30421517083edd2944daf473e889e5,,Packs/STMicroelectronics/X-CUBE-AI/5.1.2/Utilities/linux/tensorflow_core/include/tensorflow/core/common_runtime/process_state.h
0966f047f8ad3a3f72ed151770b898,,Packs/STMicroelectronics/X-CUBE-AI/5.1.2/Utilities/linux/tensorflow_core/include/tensorflow/core/grappler/utils/topological_sort.h
1ce5ea1d5bbd0212d18fca9b5a069e,,Packs/STMicroelectronics/X-CUBE-AI/5.1.2/Utilities/linux/tensorflow_core/include/tensorflow/core/platform/rocm.h
88286106b5f75abdda80edd3fb2f54,,Packs/STMicroelectronics/X-CUBE-AI/5.1.2/Utilities/linux/tensorflow_core/include/tensorflow/core/framework/run_handler.h
2f196fd176da469552bdcf3dbeb05c,,Packs/STMicroelectronics/X-CUBE-AI/5.1.2/Utilities/linux/numpy/core/tests/test_multiarray.py
1db8efb8c2e5dc15d72f0428872791,,Packs/STMicroelectronics/X-CUBE-AI/5.1.2/Utilities/linux/numpy/core/_dtype.py
674c4d9df358977df24c86a5cf426c,,Packs/STMicroelectronics/X-CUBE-AI/5.1.2/Utilities/linux/numpy/doc/byteswapping.py
4067a45661bc5d59749f9a03beb3d7,,Packs/STMiaa7553f1b90db2eb497d317c1d5661,,Debug/Drivers/STM32F4xx_HAL_Driver/Src/stm32f4xx_hal.su
