df2c83f8888d1008047c492062e37b,,STM32Cube_FW_L4_V1.14.0/Middlewares/Third_Party/FreeRTOS/Source/portable/RVDS/ARM_CM0/portmacro.h
aab4c89cf73707b277a41e25de992d,,STM32Cube_FW_L4_V1.14.0/Drivers/STM32L4xx_HAL_Driver/Inc/stm32l4xx_hal_qspi.h
7259c46a804d651f7c802bfec39d79,,STM32Cube_FW_L4_V1.14.0/Drivers/CMSIS/Core_A/Include/irq_ctrl.h
59e3941ed33353d2e4c00109471f90,,STM32Cube_FW_L4_V1.14.0/Drivers/CMSIS/docs/Driver/html/group__usbd__interface__gr_structARM__USBD__CAPABILITIES.js
66bd2ef12093c7ed7d58edf84de737,,STM32Cube_FW_L4_V1.14.0/Drivers/CMSIS/docs/Core_A/html/search/functions_0.js
8000e33bf09d59b2f4e4b6ca099b18,,STM32Cube_FW_L4_V1.14.0/Drivers/CMSIS/docs/DSP/html/functions_dup.js
90f6754039f6ba9babd3fe88d659e2,,STM32Cube_FW_L4_V1.14.0/Drivers/CMSIS/DSP/Source/FilteringFunctions/arm_fir_sparse_init_q15.c
0141f30d51e18038559393ad68da1a,,STM32Cube_FW_L4_V1.14.0/Projects/32L496GDISCOVERY/Examples/DMA2D/DMA2D_RegToMemWithLCD/Inc/main.h
e39013c943da165622a2fbbccc2842,,STM32Cube_FW_L4_V1.14.0/Projects/32L496GDISCOVERY/Demonstrations/Modules/audio_recorder/audio_recorder_app.h
b71a614f7d6f4fa83a1e748612fba1,,STM32Cube_FW_L4_V1.14.0/Projects/NUCLEO-L496ZG-P/Examples/PWR/PWR_RUN_SMPS/EWARM/stm32l496xx_flash.icf
b62594fa5ad6f57f4615964c2dafab,,STM32Cube_FW_L4_V1.14.0/Projects/STM32L4R9I-EVAL/Applications/FreeRTOS/FreeRTOS_MPU/Src/main.c
fb658d10e612b8fe1d1ff4d3af5d73,,STM32Cube_FW_L4_V1.14.0/Projects/STM32L4R9I-EVAL/Examples/UART/LPUART_WakeUpFromStop/Inc/stm32l4xx_it.h
642e4d04e589fb760204abe12ba058,,STM32Cube_FW_L4_V1.14.0/Projects/STM32L4R9I-EVAL/Demonstrations/STemWin/MB1314/Gui/Core/clock_faces/generated/digital_clock_2/backgrounds/digital_clock2_background.c
3f7a63f9101a531236989c5e9a3248,,STM32Cube_FW_L4_V1.14.0/Projects/STM32L4R9I-EVAL/Demonstrations/STemWin/MB1314/Gui/Core/power_measurement/generated/buttons/button_run/animation/cercle1/animation_circle1_opacity100.c
ab331dd04555d5fa82bdf71dcbc856,,STM32Cube_FW_L4_V1.14.0/Projects/STM32L4R9I-EVAL/Demonstrations/STemWin/MB1314/Gui/Core/audio_player/audio_player_win.c
c1c74bc770409f18394441e9640979,,STM32Cube_FW_L4_V1.14.0/Projects/STM32L4R9I-EVAL/Demonstrations/STemWin/MB1315/Modules/audio_player/Addons/GREQ/Inc/greq_glo.h
fcd18480f3cd708d5a71cf677417e5,,STM32Cube_FW_L4_V1.14.0/Projects/STM32L4R9I-EVAL/Demonstrations/MenuLauncher/MB1314/Gui/App/generated/STemWin.c
471e1d4b9882d8a46ef939bc02e7f5,,STM32Cube_FW_L4_V1.14.0/Projects/B-L475E-IOT01A/Applications/BLE/Common/utilities/queue.c
94e7ebf757bf68ec82b4b0a8d37f3c,,STM32Cube_FW_L4_V1.14.0/Projects/32L4R9IDISCOVERY/Demonstrations/STemWin/Modules/iddmeasure/iddmeasure.c
642e4d04e589fb760204abe12ba058,,STM32Cube_FW_L4_V1.14.0/Projects/32L4R9IDISCOVERY/Demonstrations/STemWin/Gui/Core/clock_faces/generated/digital_clock_2/backgrounds/digital_clock2_background.c
3f7a63f9101a531236989c5e9a3248,,STM32Cube_FW_L4_V1.14.0/Projects/32L4R9IDISCOVERY/Demonstrations/STemWin/Gui/Core/power_measurement/generated/buttons/button_run/animation/cercle1/animation_circle1_opacity100.c
fcd18480f3cd708d5a71cf677417e5,,STM32Cube_FW_L4_V1.14.0/Projects/32L4R9IDISCOVERY/Demonstrations/MenuLauncher/Gui/App/generated/STemWin.c
7d60c527cb6784ed440c4ae726ad0a,,STM32Cube_FW_L4_V1.14.0/Projects/NUCLEO-L452RE/Applications/USB_Device/DFU_Standalone/Src/usbd_dfu_flash.c
976fbd45c36165774294e871b489a4,,STM32Cube_FW_L4_V1.14.0/Projects/NUCLEO-L476RG/Examples/SPI/SPI_HalfDuplex_ComPolling/SW4STM32/STM32L476RG_NUCLEO/STM32L476RGTx_FLASH.ld
c27358e5fe4f6f1a36ca0d2e430ed9,,STM32Cube_FW_L4_V1.14.0/Projects/NUCLEO-L476RG/Examples/SPI/SPI_FullDuplex_ComPolling/Src/stm32l4xx_hal_msp.c
a2f794f0938417e894f38054ce7815,,STM32Cube_FW_L4_V1.14.0/Projects/NUCLEO-L476RG/Examples_LL/TIM/TIM_OnePulse/Src/main.c
7d60c527cb6784ed440c4ae726ad0a,,STM32Cube_FW_L4_V1.14.0/Projects/NUCLEO-L432KC/Applications/USB_Device/DFU_Standalone/Src/usbd_dfu_flash.c
b93252b7261aaa5cb912cad2970656,,STM32Cube_FW_L4_V1.14.0/Projects/STM32L476G-EVAL/Applications/STemWin/STemWin_SampleDemo/Demo/GUIDEMO_Automotive.c
fb658d10e612b8fe1d1ff4d3af5d73,,STM32Cube_FW_L4_V1.14.0/Projects/NUCLEO-L496ZG/Examples/LPUART/LPUART_WakeUpFromStop/Inc/stm32l4xx_it.h
64ace07c8edd06f049faa189f0f129,,STM32Cube_FW_L4_V1.14.0/Projects/NUCLEO-L496ZG/Examples_LL/USART/USART_WakeUpFromStop1/Inc/main.h
2329aab5907a0fc0acf2e7cd07da6f,,STM32Cube_FW_L4_V1.14.0/Projects/NUCLEO-L496ZG/Examples_LL/CRC/CRC_UserDefinedPolynomial/Src/main.c
b5267e2d444f51756fcd4a22428e89,,STM32Cube_FW_L4_V1.14.0/Projects/NUCLEO-L412RB-P/Examples_LL/WWDG/WWDG_RefreshUntilUserEvent/Src/main.c
362eb1525f69aedd2808eb5d4ac82a,,Packs/STMicroelectronics/X-CUBE-AI/5.1.2/Utilities/linux/scipy/fftpack/tests/test_real_transforms.py
a1b666fbc5349d2801c6620b731ff5,,Packs/STMicroelectronics/X-CUBE-AI/5.1.2/Utilities/linux/scipy/sparse/linalg/_onenormest.py
1f6769ec69f86a57421a8d830b99a2,,Packs/STMicroelectronics/X-CUBE-AI/5.1.2/Utilities/linux/scipy/special/_spherical_bessel.py
dcb360e67540483169452a68cbce29,,Packs/STMicroelectronics/X-CUBE-AI/5.1.2/Utilities/linux/scipy/odr/__odrpack.cpython-35m-x86_64-linux-gnu.so
66e9384f6a842a9d743b63fe7a1eb1,,Packs/STMicroelectronics/X-CUBE-AI/5.1.2/Utilities/linux/scipy/io/arff/tests/data/quoted_nominal.arff
c1790559e135bd3f83165546240fb2,,Packs/STMicroelectronics/X-CUBE-AI/5.1.2/Utilities/linux/tensorboard/_vendor/html5lib/treeadapters/genshi.py
daf75995f2cce0a5d5943e9585590d,,Packs/STMicroelectronics/X-CUBE-AI/5.1.2/Utilities/linux/tcl/parray.tcl
02c84fdff317b7a3e8acdc2ac0ef64,,Packs/STMicroelectronics/X-CUBE-AI/5.1.2/Utilities/linux/google/protobuf/descriptor.py
15bf27413147ee27fc6ef7535ae638,,Packs/STMicroelectronics/X-CUBE-AI/5.1.2/Utilities/linux/onnx/backend/test/case/node/add.py
77fe76be42f6d41f130407f25b30ea,,Packs/STMicroelectronics/X-CUBE-AI/5.1.2/Utilities/linux/onnx/backend/test/case/node/xor.py
b80879b872945ea72925990d8cba52,,Packs/STMicroelectronics/X-CUBE-AI/5.1.2/Utilities/linux/onnx/backend/test/case/node/cumsum.py
af96eb85db414c693cad441c01cd08,,Packs/STMicroelectronics/X-CUBE-AI/5.1.2/Utilities/linux/theano/tensor/tests/_test_mpi_roundtrip.py
36ef551436cf9f9af9698693b28510,,Packs/STMicroelectronics/X-CUBE-AI/5.1.2/Utilities/linux/theano/gof/tests/test_lazy.py
43066536341e483d8cb24b54e1d948,,Packs/STMicroelectronics/X-CUBE-AI/5.1.2/Utilities/linux/include/pydebug.h
43066536341e483d8cb24b54e1d948,,Packs/STMicroelectronics/X-CUBE-AI/5.1.2/Utilities/linux/include/x86_64-linux-gnu/python3.5m/pydebug.h
358b883af7c2ca44edc7cd957186cd,,Packs/STMicroelectronics/X-CUBE-AI/5.1.2/Utilities/linux/generate/tflite/TransposeOptions.py
ea21d88aaddd4a61c32ddd9d24eb19,,Packs/STMicroelectronics/X-CUBE-AI/5.1.2/Utilities/linux/grp.cpython-35m-x86_64-linux-gnu.so
51398f47bccd7934454979381d88fe,,Packs/STMicroelectronics/X-CUBE-AI/5.1.2/Utilities/linux/tensorflow_core/python/ops/control_flow_grad.py
e3e41652f455d55ae19617849786cb,,Packs/STMicroelectronics/X-CUBE-AI/5.1.2/Utilities/linux/tensorflow_core/python/ops/losses/util.py
825ae4a0a45fde5a3b560fa817c21a,,Packs/STMicroelectronics/X-CUBE-AI/5.1.2/Utilities/linux/tensorflow_core/python/compiler/tensorrt/test/tf_trt_integration_test_base.py
626c8ca6692a9860570b46ec902526,,Packs/STMicroelectronics/X-CUBE-AI/5.1.2/Utilities/linux/tensorflow_core/python/util/future_api.py
abb819a6a41871f45b5bf5a2ebb7d8,,Packs/STMicroelectronics/X-CUBE-AI/5.1.2/Utilities/linux/tensorflow_core/python/tools/saved_model_utils.py
f708f205dad04a4da2dbf4ed8f4040,,Packs/STMicroelectronics/X-CUBE-AI/5.1.2/Utilities/linux/tensorflow_core/python/estimator/estimator_lib.py
a07660088d80bae414808ff49e8553,,Packs/STMicroelectronics/X-CUBE-AI/5.1.2/Utilities/linux/tensorflow_core/include/Eigen/src/SPQRSupport/SuiteSparseQRSupport.h
cf16998781ba806486c94324d0c83c,,Packs/STMicroelectronics/X-CUBE-AI/5.1.2/Utilities/linux/tensorflow_core/include/external/boringssl/src/crypto/fipsmodule/ec/simple_mul.c
6a2e59612372f3fbfaf438e5b4f715,,Packs/STMicroelectronics/X-CUBE-AI/5.1.2/Utilities/linux/tensorflow_core/include/external/boringssl/src/crypto/fipsmodule/modes/polyval.c
c17d447fe45c8a47f278a66d9a4b87,,Packs/STMicroelectronics/X-CUBE-AI/5.1.2/Utilities/linux/tensorflow_core/include/external/aws/aws-cpp-sdk-s3/include/aws/s3/model/GetOb7634b583d2c9dc36b38c697e3a0eab,,Drivers/STM32F4xx_HAL_Driver/Src/stm32f4xx_ll_usb.c
58389c7d946d9e0749ef9ba632045c,,Startup/startup_stm32f407vgtx.s
