ee4f6c227601e4de693fd66dd6d49e,,STM32Cube_FW_L4_V1.14.0/Drivers/STM32L4xx_HAL_Driver/Src/stm32l4xx_hal_pcd.c
8b58759484053223b80d5e9ae1a78d,,STM32Cube_FW_L4_V1.14.0/Drivers/STM32L4xx_HAL_Driver/Inc/stm32l4xx_hal_hcd.h
8caeac694b0e75ae267c15b9717345,,STM32Cube_FW_L4_V1.14.0/Drivers/BSP/STM32L4xx_Nucleo_32/stm32l4xx_nucleo_32.c
149588b5863530b46215f879370c24,,STM32Cube_FW_L4_V1.14.0/Drivers/CMSIS/NN/Examples/ARM/arm_nn_examples/gru/para_gen.py
47cfd28f5132d97c8456f91c4e5bc9,,STM32Cube_FW_L4_V1.14.0/Drivers/CMSIS/docs/NN/html/search/variables_9.js
79c94053dee47ab3658174acc16345,,STM32Cube_FW_L4_V1.14.0/Drivers/CMSIS/docs/DSP/html/group__CFFT__CIFFT.js
f0eff07d1fa6979458bed1011542c1,,STM32Cube_FW_L4_V1.14.0/Drivers/CMSIS/DSP/Source/BasicMathFunctions/arm_scale_q15.c
f66e83236d22f83612c42b55bc8dfa,,STM32Cube_FW_L4_V1.14.0/Projects/32L496GDISCOVERY/Applications/STemWin/STemWin_SampleDemo/Demo/GUIDEMO_Skinning.c
56ea802a6186e688727accb43cf284,,STM32Cube_FW_L4_V1.14.0/Projects/32L496GDISCOVERY/Applications/USB_Host/MSC_Standalone/Src/usbh_diskio_dma.c
17659c8a431df2d2477fd0b5bc3e3a,,STM32Cube_FW_L4_V1.14.0/Projects/32L496GDISCOVERY/Examples/DMA2D/DMA2D_MemToMemWithLCD/Src/main.c
086d9262d1e2d54e0ccbf25b244a0a,,STM32Cube_FW_L4_V1.14.0/Projects/32L496GDISCOVERY/Examples/DMA2D/DMA2D_MemoryToMemory/Inc/main.h
9fa45fe1b1be307250ea4ca9ee0722,,STM32Cube_FW_L4_V1.14.0/Projects/32L476GDISCOVERY/Examples/FLASH/FLASH_DualBoot/Inc/main.h
56ea802a6186e688727accb43cf284,,STM32Cube_FW_L4_V1.14.0/Projects/STM32L4R9I-EVAL/Applications/USB_Host/MSC_Standalone/Src/usbh_diskio_dma.c
f30cecb5209f695d2e1aba8805be83,,STM32Cube_FW_L4_V1.14.0/Projects/STM32L4R9I-EVAL/Examples/LPTIM/LPTIM_Timeout/Src/stm32l4xx_hal_msp.c
0c1a2e943462b8ed5d6bc72e45afb3,,STM32Cube_FW_L4_V1.14.0/Projects/STM32L4R9I-EVAL/Examples/OSPI/OSPI_NOR_ExecuteInPlace_DTR/Src/main.c
d54b4315cc38e41ae442b0206e75a2,,STM32Cube_FW_L4_V1.14.0/Projects/STM32L4R9I-EVAL/Demonstrations/STemWin/MB1314/Gui/Core/clock_faces/generated/alarm/animation_alarme/ligne2/alarm_animation2_60.c
0a285491249c929ec91bfb281ffd31,,STM32Cube_FW_L4_V1.14.0/Projects/B-L475E-IOT01A/Applications/USB_Host/MSC_Standalone/Src/stm32l4xx_hal_msp.c
56ea802a6186e688727accb43cf284,,STM32Cube_FW_L4_V1.14.0/Projects/B-L475E-IOT01A/Applications/USB_Host/MSC_Standalone/Src/usbh_diskio_dma.c
3ec696ee81ff383b0dd9b884251c31,,STM32Cube_FW_L4_V1.14.0/Projects/B-L475E-IOT01A/Applications/NFC/Common/NDEF_TagType4_lib/lib_NDEF.c
d97e657f48e61edf9c219b879ea5d2,,STM32Cube_FW_L4_V1.14.0/Projects/32L4R9IDISCOVERY/Applications/USB_Host/MSC_Standalone/Src/usbh_conf.c
56ea802a6186e688727accb43cf284,,STM32Cube_FW_L4_V1.14.0/Projects/32L4R9IDISCOVERY/Applications/USB_Host/MSC_Standalone/Src/usbh_diskio_dma.c
e0bfac655c3a50a3f6dd55af3e4a58,,STM32Cube_FW_L4_V1.14.0/Projects/32L4R9IDISCOVERY/Examples/SAI/SAI_AudioPlay/Inc/main.h
d54b4315cc38e41ae442b0206e75a2,,STM32Cube_FW_L4_V1.14.0/Projects/32L4R9IDISCOVERY/Demonstrations/STemWin/Gui/Core/clock_faces/generated/alarm/animation_alarme/ligne2/alarm_animation2_60.c
e3702fc3b19a7eedb37d71495ba96b,,STM32Cube_FW_L4_V1.14.0/Projects/NUCLEO-L452RE/Examples/RCC/RCC_ClockConfig/Src/stm32l4xx_it.c
0b2ce07caeb88a6fc5d030d19c1505,,STM32Cube_FW_L4_V1.14.0/Projects/NUCLEO-L452RE/Examples/TIM/TIM_OCActive/Inc/stm32l4xx_it.h
56ea802a6186e688727accb43cf284,,STM32Cube_FW_L4_V1.14.0/Projects/NUCLEO-L4R5ZI/Applications/USB_Host/MSC_Standalone/Src/usbh_diskio_dma.c
50dabc839a24b71635a49b70d5df4f,,STM32Cube_FW_L4_V1.14.0/Projects/NUCLEO-L4R5ZI/Examples/I2C/I2C_TwoBoards_ComDMA/Src/main.c
9b88997b205a5e7466883d3f43d795,,STM32Cube_FW_L4_V1.14.0/Projects/NUCLEO-L476RG/Examples/FIREWALL/FIREWALL_VolatileData_Executable/SW4STM32/STM32L476RG_NUCLEO/STM32L476RGTx_FLASH.ld
0b2ce07caeb88a6fc5d030d19c1505,,STM32Cube_FW_L4_V1.14.0/Projects/NUCLEO-L476RG/Examples/TIM/TIM_OCActive/Inc/stm32l4xx_it.h
6b95ed68bea493533564567c6c3c55,,STM32Cube_FW_L4_V1.14.0/Projects/NUCLEO-L476RG/Examples_MIX/UART/UART_HyperTerminal_IT/Inc/main.h
a2ff6ec9f7f000d5c52a602dc6f52c,,STM32Cube_FW_L4_V1.14.0/Projects/NUCLEO-L476RG/Examples_LL/DMA/DMA_CopyFromFlashToMemory/Inc/stm32l4xx_it.h
a616934766491ca847db48f5d2e1d4,,STM32Cube_FW_L4_V1.14.0/Projects/NUCLEO-L432KC/Examples/RCC/RCC_CRS_Synchronization_Polling/Src/main.c
0b2ce07caeb88a6fc5d030d19c1505,,STM32Cube_FW_L4_V1.14.0/Projects/NUCLEO-L432KC/Examples/TIM/TIM_OCActive/Inc/stm32l4xx_it.h
2281cf3342e023875dfec265599c8f,,STM32Cube_FW_L4_V1.14.0/Projects/STM32L476G-EVAL/Applications/STemWin/STemWin_HelloWorld/Inc/stm32l4xx_hal_conf.h
56ea802a6186e688727accb43cf284,,STM32Cube_FW_L4_V1.14.0/Projects/STM32L476G-EVAL/Applications/USB_Host/MSC_Standalone/Src/usbh_diskio_dma.c
4bb9597f20f5ec9f866c9077d9afa4,,STM32Cube_FW_L4_V1.14.0/Projects/STM32L476G-EVAL/Templates/Src/main.c
6924598667597e4eb95df1171b06c3,,STM32Cube_FW_L4_V1.14.0/Projects/STM32L476G-EVAL/Examples/QSPI/QSPI_ExecuteInPlace/SW4STM32/STM32L476G_EVAL/STM32L476ZGTx_FLASH.ld
0b2ce07caeb88a6fc5d030d19c1505,,STM32Cube_FW_L4_V1.14.0/Projects/STM32L476G-EVAL/Examples/TIM/TIM_OCActive/Inc/stm32l4xx_it.h
d38dc576735b1b8712c7806c027c17,,STM32Cube_FW_L4_V1.14.0/Projects/STM32L476G-EVAL/Demonstrations/MB1144/Core/Inc/k_temperature.h
7419b2d99405395becd2ea0a7e61db,,STM32Cube_FW_L4_V1.14.0/Projects/NUCLEO-L496ZG/Examples/LPUART/LPUART_TwoBoards_ComIT/Inc/stm32l4xx_it.h
e3702fc3b19a7eedb37d71495ba96b,,STM32Cube_FW_L4_V1.14.0/Projects/NUCLEO-L496ZG/Examples/RCC/RCC_ClockConfig/Src/stm32l4xx_it.c
0b2ce07caeb88a6fc5d030d19c1505,,STM32Cube_FW_L4_V1.14.0/Projects/NUCLEO-L496ZG/Examples/TIM/TIM_OCActive/Inc/stm32l4xx_it.h
a2ff6ec9f7f000d5c52a602dc6f52c,,STM32Cube_FW_L4_V1.14.0/Projects/NUCLEO-L496ZG/Examples_LL/DMA/DMA_CopyFromFlashToMemory/Inc/stm32l4xx_it.h
ebb54c3af14c232cde2228685125f6,,STM32Cube_FW_L4_V1.14.0/Projects/NUCLEO-L412RB-P/Examples/ADC/ADC_DifferentialMode/Inc/stm32l4xx_it.h
255b3646484b735b96e25b1e72b890,,Packs/STMicroelectronics/X-CUBE-AI/5.1.2/Utilities/linux/scipy/io/tests/data/struct_pointers_replicated_3d.sav
09888916e06d5c4b12757e042a91ac,,Packs/STMicroelectronics/X-CUBE-AI/5.1.2/Utilities/linux/tensorboard/notebook.py
404c51d20630f3b3255a861ba3f9f4,,Packs/STMicroelectronics/X-CUBE-AI/5.1.2/Utilities/linux/onnx/backend/test/data/pytorch-converted/test_ReflectionPad2d/test_data_set_0/output_0.pb
978e6f1774bd33e599f3f9635f8645,,Packs/STMicroelectronics/X-CUBE-AI/5.1.2/Utilities/linux/onnx/backend/test/case/node/scan.py
0cc9817a1d2110a8b81c066963946b,,Packs/STMicroelectronics/X-CUBE-AI/5.1.2/Utilities/linux/onnx/backend/test/case/node/acos.py
ed994d6b8a9749fddeee53ace99187,,Packs/STMicroelectronics/X-CUBE-AI/5.1.2/Utilities/linux/onnx/onnxifi_ext.h
0dab1c37590cae1d50508e7b260590,,Packs/STMicroelectronics/X-CUBE-AI/5.1.2/Utilities/linux/onnx/defs/tensor/utils.cc
83e3e7dcd916c5cb386bb758dffd04,,Packs/STMicroelectronics/X-CUBE-AI/5.1.2/Utilities/linux/onnx/common/model_helpers.h
3ff32fe2d9cc2815ea3497a150dcb6,,Packs/STMicroelectronics/X-CUBE-AI/5.1.2/Utilities/linux/onnx/optimizer/passes/fuse_consecutive_concats.h
e23e6de302a7917dfc9e4cdc207afc,,Packs/STMicroelectronics/X-CUBE-AI/5.1.2/Utilities/linux/caffe/proto/caffe_pb2.py
46790b3f341aa12c9bef78e7268ef2,,Packs/STMicroelectronics/X-CUBE-AI/5.1.2/Utilities/linux/generate/tflite/TopKV2Options.py
ce25e16707174458ae4a20e5d654eb,,Packs/STMicroelectronics/X-CUBE-AI/5.1.2/Utilities/linux/tensorflow_core/core/framework/device_attributes_pb2.py
cbbd2523d0420bbba305269c4ae49f,,Packs/STMicroelectronics/X-CUBE-AI/5.1.2/Utilities/linux/tensorflow_core/tools/common/test_module1.py
4b59e27ce539d0352c0096ed7cb87a,,Packs/STMicroelectronics/X-CUBE-AI/5.1.2/Utilities/linux/tensorflow_core/python/ops/image_grad.py
6e1b59b433b3c656ff8fa9bb4e6830,,Packs/STMicroelectronics/X-CUBE-AI/5.1.2/Utilities/linux/tensorflow_core/python/ops/ctc_ops.py
9574763cf718db0d69af2a2711ba4d,,Packs/STMicroelectronics/X-CUBE-AI/5.1.2/Utilities/linux/tensorflow_core/python/ops/linalg/linear_operator_inversion.py
1f9556f36a86516cd0ce8fd6ec0def,,Packs/STMicroelectronics/X-CUBE-AI/5.1.2/Utilities/linux/tensorflow_core/python/ops/linalg/inverse_registrations.py
1b5132b6d83f650b138bc293972d4b,,Packs/STMicroelectronics/X-CUBE-AI/5.1.2/Utilities/linux/tensorflow_co