f5d49ce228521fb6a8fd46f590199a,,STM32Cube_FW_L4_V1.14.0/Middlewares/Third_Party/FatFs/src/drivers/sdram_diskio_template.c
6bfce273a25dc7189ab18140986039,,STM32Cube_FW_L4_V1.14.0/Middlewares/ST/STM32_USB_Device_Library/Class/CustomHID/Inc/usbd_customhid_if_template.h
7f409e1079248da1a4fa806b038d6e,,STM32Cube_FW_L4_V1.14.0/Middlewares/ST/STemWin/inc/FRAMEWIN_Private.h
e7f101f88507a84a9591b0e08defd6,,STM32Cube_FW_L4_V1.14.0/Drivers/CMSIS/docs/DSP/html/search/functions_6.js
15c534c62b794709a9ec6850218822,,STM32Cube_FW_L4_V1.14.0/Drivers/CMSIS/DSP/DSP_Lib_TestSuite/Common/src/intrinsics_tests/intrinsics_tests.c
4941631d89935011f10cb9865311c5,,STM32Cube_FW_L4_V1.14.0/Drivers/CMSIS/DSP/Source/BasicMathFunctions/arm_sub_q15.c
a1bf9e7b566171c334dbea19e2406a,,STM32Cube_FW_L4_V1.14.0/Projects/NUCLEO-L412KB/Examples/FLASH/FLASH_WriteProtection/Src/stm32l4xx_it.c
b70c60a986b95e8f5968bc1f9f2d08,,STM32Cube_FW_L4_V1.14.0/Projects/32L476GDISCOVERY/Examples/BSP/EWARM/stm32l476xx_flash.icf
5ba5d687de4ce259de620a7891a45d,,STM32Cube_FW_L4_V1.14.0/Projects/STM32L4R9I-EVAL/Applications/FreeRTOS/FreeRTOS_LowPower/Src/main.c
677f3dfd19589a9955d11c6bfba3c1,,STM32Cube_FW_L4_V1.14.0/Projects/STM32L4R9I-EVAL/Examples/OSPI/OSPI_RAM_MemoryMapped/Inc/stm32l4xx_it.h
735a2322ec3aafc65ee54d891e8402,,STM32Cube_FW_L4_V1.14.0/Projects/STM32L4R9I-EVAL/Examples/OSPI/OSPI_NOR_ReadWrite_DMA_DTR/Inc/main.h
da1d47ec08b6792782331938cb6194,,STM32Cube_FW_L4_V1.14.0/Projects/STM32L4R9I-EVAL/Demonstrations/STemWin/MB1314/Gui/Core/audio_player/generated/player_icon_plus_unpressed.c
013f74a41fdc205d54a0a3a38bfb7a,,STM32Cube_FW_L4_V1.14.0/Projects/STM32L4R9I-EVAL/Demonstrations/STemWin/MB1315/Modules/audio_player/Addons/PDM/libPDMFilter_CM3_IAR.a
04e640db76d9d9039973170539114e,,STM32Cube_FW_L4_V1.14.0/Projects/B-L475E-IOT01A/Applications/USB_Host/MSC_Standalone/Inc/main.h
46056f1645d5139de3d001d4de25d9,,STM32Cube_FW_L4_V1.14.0/Projects/B-L475E-IOT01A/Applications/BLE/HeartRate/Inc/dis_app.h
2fd6f1ee7f339aa874d42978bc7b69,,STM32Cube_FW_L4_V1.14.0/Projects/32L4R9IDISCOVERY/Applications/STemWin/HelloWorld/STemWin/Target/LCDConf.c
da1d47ec08b6792782331938cb6194,,STM32Cube_FW_L4_V1.14.0/Projects/32L4R9IDISCOVERY/Demonstrations/STemWin/Gui/Core/audio_player/generated/player_icon_plus_unpressed.c
013a123226b4f72ee414df63a633c2,,STM32Cube_FW_L4_V1.14.0/Projects/NUCLEO-L4R5ZI/Examples/HASH/HASH_SHA1MD5_DMA/Src/stm32l4xx_it.c
af7b10f8d997e5173164a359b31761,,STM32Cube_FW_L4_V1.14.0/Projects/NUCLEO-L4R5ZI/Examples/SPI/SPI_FullDuplex_ComIT/Inc/main.h
ad5d38f0e3f26faed1715ad31f2136,,STM32Cube_FW_L4_V1.14.0/Projects/NUCLEO-L476RG/Examples_LL/LPTIM/LPTIM_PulseCounter/Inc/stm32l4xx_it.h
6c009a220c276a30515bd143547a75,,STM32Cube_FW_L4_V1.14.0/Projects/NUCLEO-L476RG/Examples_LL/OPAMP/OPAMP_PGA/Inc/main.h
88b81ff2795a29b8bc370231967cc2,,STM32Cube_FW_L4_V1.14.0/Projects/NUCLEO-L476RG/Examples_LL/COMP/COMP_CompareGpioVsVrefInt_IT/Inc/stm32l4xx_it.h
d3958db749ce25d4b8bcb7bf0ef2ef,,STM32Cube_FW_L4_V1.14.0/Projects/STM32L476G-EVAL/Examples/CRYP/CRYP_AESModes/Src/stm32l4xx_hal_msp.c
fae4e31e0becdce35af0a66a6c4ce1,,STM32Cube_FW_L4_V1.14.0/Projects/STM32L476G-EVAL/Examples/LCD/LCD_SegmentsDrive/Inc/stm32l4xx_it.h
dceea73af834deccad44469f1081ad,,STM32Cube_FW_L4_V1.14.0/Projects/STM32L476G-EVAL/Examples/CRC/CRC_Example/Inc/main.h
fc0aa8745708dbecab0b97a3406566,,STM32Cube_FW_L4_V1.14.0/Projects/NUCLEO-L496ZG/Examples/CRYP/CRYP_GCM_GMAC_CMAC_Suspension/Inc/main.h
013a123226b4f72ee414df63a633c2,,STM32Cube_FW_L4_V1.14.0/Projects/NUCLEO-L496ZG/Examples/HASH/HASH_SHA1MD5_DMA/Src/stm32l4xx_it.c
af7b10f8d997e5173164a359b31761,,STM32Cube_FW_L4_V1.14.0/Projects/NUCLEO-L496ZG/Examples/SPI/SPI_FullDuplex_ComIT/Inc/main.h
ad5d38f0e3f26faed1715ad31f2136,,STM32Cube_FW_L4_V1.14.0/Projects/NUCLEO-L496ZG/Examples_LL/LPTIM/LPTIM_PulseCounter/Inc/stm32l4xx_it.h
9e3779358e68ca5afd84e11e4cab1a,,STM32Cube_FW_L4_V1.14.0/Projects/NUCLEO-L496ZG/Examples_LL/DAC/DAC_GenerateWaveform_TriggerHW_Init/Src/main.c
88b81ff2795a29b8bc370231967cc2,,STM32Cube_FW_L4_V1.14.0/Projects/NUCLEO-L496ZG/Examples_LL/COMP/COMP_CompareGpioVsVrefInt_IT/Inc/stm32l4xx_it.h
a1bf9e7b566171c334dbea19e2406a,,STM32Cube_FW_L4_V1.14.0/Projects/NUCLEO-L412RB-P/Examples/FLASH/FLASH_WriteProtection/Src/stm32l4xx_it.c
e3e840c960e7f76c78eb5d6f3d2b45,,STM32Cube_FW_L4_V1.14.0/Projects/NUCLEO-L412RB-P/Examples/Cortex/CORTEXM_MPU/Inc/main.h
15aa21f47c086bc5941f16d42bbc4b,,STM32Cube_FW_L4_V1.14.0/Projects/NUCLEO-L412RB-P/Examples_LL/CRC/CRC_UserDefinedPolynomial/Src/main.c
ab9d9ac3ff2e586297e535cec11821,,Packs/STMicroelectronics/X-CUBE-AI/5.1.2/Utilities/linux/scipy/signal/wavelets.py
b9321d473e864fd45e45960de7172d,,Packs/STMicroelectronics/X-CUBE-AI/5.1.2/Utilities/linux/scipy/linalg/tests/data/gendare_20170120_data.npz
02822421d3c2a6240d6900e803b9c7,,Packs/STMicroelectronics/X-CUBE-AI/5.1.2/Utilities/linux/scipy/_lib/tests/test_import_cycles.py
2f92e5c0ab19cdc7119e70187479f6,,Packs/STMicroelectronics/X-CUBE-AI/5.1.2/Utilities/linux/tcl/msgs/eo.msg
4da35f5351248cdd82a8017bbb8d85,,Packs/STMicroelectronics/X-CUBE-AI/5.1.2/Utilities/linux/onnx/backend/test/data/pytorch-converted/test_GLU_dim/test_data_set_0/output_0.pb
dca47995cbc10a9cae29209aa55ce2,,Packs/STMicroelectronics/X-CUBE-AI/5.1.2/Utilities/linux/onnx/backend/test/data/pytorch-converted/test_Conv3d_dilated/model.onnx
7bd1491b3fa5edd4c2dcc1912bb997,,Packs/STMicroelectronics/X-CUBE-AI/5.1.2/Utilities/linux/onnx/backend/test/case/node/tile.py
9c162633af5846eaf90a2b5ea50661,,Packs/STMicroelectronics/X-CUBE-AI/5.1.2/Utilities/linux/theano/d3viz/tests/models.py
ae316185cab4f4ea06f4fc2c58b5f9,,Packs/STMicroelectronics/X-CUBE-AI/5.1.2/Utilities/linux/astor/__init__.py
98a735a6920e3ed6b3d1650a70c191,,Packs/STMicroelectronics/X-CUBE-AI/5.1.2/Utilities/linux/tensorflow_core/_api/v2/bitwise/__init__.py
98a735a6920e3ed6b3d1650a70c191,,Packs/STMicroelectronics/X-CUBE-AI/5.1.2/Utilities/linux/tensorflow_core/_api/v2/compat/v2/bitwise/__init__.py
98a735a6920e3ed6b3d1650a70c191,,Packs/STMicroelectronics/X-CUBE-AI/5.1.2/Utilities/linux/tensorflow_core/_api/v2/compat/v1/bitwise/__init__.py
f23518d42cf5a02c58797833a85a58,,Packs/STMicroelectronics/X-CUBE-AI/5.1.2/Utilities/linux/tensorflow_core/_api/v2/compat/v1/saved_model/signature_constants/__init__.py
cfaef1fca4bcfd36aebee342842b96,,Packs/STMicroelectronics/X-CUBE-AI/5.1.2/Utilities/linux/tensorflow_core/python/distribute/saved_model_test_base.py
f5a9bc4962b2886f91cdc83a84968e,,Packs/STMicroelectronics/X-CUBE-AI/5.1.2/Utilities/linux/tensorflow_core/include/external/aws/aws-cpp-sdk-s3/include/aws/s3/model/PutObjectTaggingRequest.h
122cec360c8fc78b39a69956083788,,Packs/STMicroelectronics/X-CUBE-AI/5.1.2/Utilities/linux/tensorflow_core/include/external/aws/aws-cpp-sdk-s3/include/aws/s3/model/CompleteMultipartUploadResult.h
5571dc345881e9414cec12bd693717,,Packs/STMicroelectronics/X-CUBE-AI/5.1.2/Utilities/linux/tensorflow_core/include/external/curl/include/curl/mprintf.h
fa4268e429baf1c4c77f7b8f0fc033,,Packs/STMicroelectronics/X-CUBE-AI/5.1.2/Utilities/linux/tensorflow_core/include/tensorflow/stream_executor/kernel.h
3bb363e6a65e392f1c43a5a046b0e5,,Packs/STMicroelectronics/X-CUBE-AI/5.1.2/Utilities/linux/tensorflow_core/include/tensorflow/core/common_runtime/metrics.h
466bbd61431ee8f303012819307500,,Packs/STMicroelectronics/X-CUBE-AI/5.1.2/Utilities/linux/tensorflow_core/include/tensorflow/core/lib/gtl/priority_queue_util.h
69a12f9a90717fc07a993dd5f37968,,Packs/STMicroelectronics/X-CUBE-AI/5.1.2/Utilities/linux/numpy/core/_rational_tests.cpython-35m-x86_64-linux-gnu.so
ce1f820e94db8e1d3199adb910dc6b,,Packs/STMicroelectronics/X-CUBE-AI/5.1.2/Utilities/linux/numpy/f2py/tests/util.py
e9922172e4e00c5678daa7f40357d2,,Packs/STMicroelectronics/X-CUBE-AI/5.1.2/Utilities/linux/numpy/f2py/tests/test_semicolon_split.py
d941b54e191a292d02577356d573f8,,Packs/STMicroelectronics/X-CUBE-AI/5.1.2/Utilities/linux/numpy/f2py/f2py2e.py
ab9d9ac3ff2e586297e535cec11821,,Packs/STMicroelectronics/X-CUBE-AI/5.0.0/Utilities/windows/scipy/signal/wavelets.py
b9321d473e864fd45e45960de7172d,,Packs/STMicroelectronics/X-CUBE-AI/5.0.0/Utilities/windows/scipy/linalg/tests/data/gendare_20170120_data.npz
3bc71ce9f173b3362986553b32be