9a7643a7719cc8d49cbe4407cdb66a90,1,Copyright (c) 2013 itemis AG (http://www.itemis.eu) and others.
d1180f10ab4c9fa2765857ddb314ef8f,1,(c) 2010; 2020 itemis AG (http://www.itemis.eu) and others.
f14c6ea922b3cb05f24ec3b41948298f,1,(c) 2010; 2020 itemis AG (http://www.itemis.eu) and others.
c14c868e85aa18203fe7de393f24cec5,1,(c) 2010; 2020 itemis AG (http://www.itemis.eu) and others.
65e34aecb5da9d90910c24d1cb0afd7b,1,Copyright (c) 2011 itemis AG (http://www.itemis.eu) and others.
50ca956f93a27f52a53dda2f16ab1a8b,1,Copyright (c) 2011 itemis AG (http://www.itemis.eu) and others.
68900de4c09574bbde0d984d1f5943ed,1,Copyright (c) 2011 itemis AG (http://www.itemis.eu) and others.
136dec6b5d71e2330c75fdb8ebc9b749,1,Copyright (c) 2011 itemis AG (http://www.itemis.eu) and others.
64c09d860a7e05a2c013592fd9134922,1,Copyright (c) 2011 itemis AG (http://www.itemis.eu) and others.
5de7f250d05eeaa60dc76af770ce62f0,1,Copyright (c) 2011 itemis AG (http://www.itemis.eu) and others.
915086c19bb6e2df7a2efed140ac0c8e,1,Copyright (c) 2011 itemis AG (http://www.itemis.eu) and others.
d2d53f2b118719b6b6c48a6579e4a01b,1,Copyright (c) 2011 itemis AG (http://www.itemis.eu) and others.
a9a7c2ab92839629b4efe9a57c346ec9,1,Copyright (c) 2011 itemis AG (http://www.itemis.eu) and others.
b12c33ac180531eb1ce5a2d08db989ec,1,Copyright (c) 2011 itemis AG (http://www.itemis.eu) and others.
2c96266646d06e46f63d83cbe13f3b75,1,Copyright (c) 2011 itemis AG (http://www.itemis.eu) and others.
b2f96578921779e9871b624ef5d0f9b3,1,Copyright (c) 2011 itemis AG (http://www.itemis.eu) and others.
2676afbf6bbc6cd431ae5b9e0a535ef8,1,Copyright (c) 2011 itemis AG (http://www.itemis.eu) and others.
53ea9014cb093b578887b795e794b234,1,Copyright (c) 2011 itemis AG (http://www.itemis.eu) and others.
2f9fcb076a576a8ef0dbf05137e037d9,1,Copyright (c) 2011 itemis AG (http://www.itemis.eu) and others.
3fba28f48f721bf65dea37ac9567c1cb,1,Copyright (c) 2011 itemis AG (http://www.itemis.eu) and others.
2b80d6dd5656de90cccf6269a5cbc2a1,1,Copyright (c) 2011 itemis AG (http://www.itemis.eu) and others.
646d79755ff12dd0b66eca00ff1cca6d,1,Copyright (c) 2011 itemis AG (http://www.itemis.eu) and others.
e079b2aa422f0b2c30964a37ae0b7fa6,1,Copyright (c) 2011 itemis AG (http://www.itemis.eu) and others.
7bc22109e147db6a666f449476fe7235,1,Copyright (c) 2011 itemis AG (http://www.itemis.eu) and others.
f742b4dcfb1e97fb9ae30b86d8f29dbe,1,Copyright (c) 2011 itemis AG (http://www.itemis.eu) and others.
43ebd3d184b231e46c3dce324f170de1,1,Copyright (c) 2011 itemis AG (http://www.itemis.eu) and others.
89a2218c270385bbeed97ee1c34f6086,1,Copyright (c) 2011 itemis AG (http://www.itemis.eu) and others.
bc33716a1353643bb19c903453a62131,1,Copyright (c) 2011 itemis AG (http://www.itemis.eu) and others.
2ec6160dc8aa6e995f9cbaa95769a027,1,Copyright (c) 2011 itemis AG (http://www.itemis.eu) and others.
c91a204971860824e4560faa6ddca729,1,Copyright (c) 2011 itemis AG (http://www.itemis.eu) and others.
c6be989f659150eb756d708d2dc2d84b,1,Copyright (c) 2011 itemis AG (http://www.itemis.eu) and others.
6b6fbcc5dc074977c2779a2dbb83a5a5,1,Copyright (c) 2011 itemis AG (http://www.itemis.eu) and others.
29a6dbd8915ce469c52e01642eec1de4,1,Copyright (c) 2011 itemis AG (http://www.itemis.eu) and others.
5b8fc89a474b32345931732cc0c7477d,1,Copyright (c) 2011 itemis AG (http://www.itemis.eu) and others.
e2dba389cc7eb5226504329ed2a79d87,1,Copyright (c) 2011 itemis AG (http://www.itemis.eu) and others.
84befe48bcc65ebcc06f2a384309fe6b,1,Copyright (c) 2011 itemis AG (http://www.itemis.eu) and others.
0b21b1d4d1cd15e93ba1e58ea7bcccbe,1,Copyright (c) 2011 itemis AG (http://www.itemis.eu) and others.
f0727d22366d5e1f1e2a1dd7e7e8b18e,1,Copyright (c) 2011 itemis AG (http://www.itemis.eu) and others.
e8a639d49c417c4a416d5a9365965051,1,Copyright (c) 2011 itemis AG (http://www.itemis.eu) and others.
faced76354b3661a496224875cef9486,1,Copyright (c) 2011 itemis AG (http://www.itemis.eu) and others.
0de330c6a076d310b000e1ac7c5868ab,1,Copyright (c) 2011 itemis AG (http://www.itemis.eu) and others.
c9d52e69c67216242a2bc36cef795f3c,1,Copyright (c) 2011 itemis AG (http://www.itemis.eu) and others.
630a7e162e12ee1866eb4a0b79b3a027,1,Copyright (c) 2011 itemis AG (http://www.itemis.eu) and others.
f9b3a09751871c182b64011be10b7df9,1,Copyright (c) 2011 itemis AG (http://www.itemis.eu) and others.
92896b821f4b93f2b45392fc6797b5a1,1,Copyright (c) 2011 itemis AG (http://www.itemis.eu) and others.
b4d3f05c29554cee1f5f75d32b9b9636,1,Copyright (c) 2011 itemis AG (http://www.itemis.eu) and others.
b8e0d58ad6b1a2695c04e962cb37ae8d,1,Copyright (c) 2011 itemis AG (http://www.itemis.eu) and others.
239e6b50e15d698aaf7ad8d5dadca1fb,1,Copyright (c) 2011 itemis AG (http://www.itemis.eu) and others.
e4fc47640ab3d628c0a685ed93f93d53,1,Copyright (c) 2011 itemis AG (http://www.itemis.eu) and others.
a06b291210c717c0f4b4d3207d47a455,1,Copyright (c) 2011 itemis AG (http://www.itemis.eu) and others.
6d30270709ab43611e0e4a8308d17ac6,1,Copyright (c) 2011 itemis AG (http://www.itemis.eu) and others.
78ea1005734cf8a2cac0720d9dd31c81,1,Copyright (c) 2011 itemis AG (http://www.itemis.eu) and others.
8b91060d9cd8e9261de9f0841d584744,1,Copyright (c) 2011 itemis AG (http://www.itemis.eu) and others.
065ef25068a515b019774162516f72f2,1,Copyright (c) 2011 itemis AG (http://www.itemis.eu) and others.
4d3218497c5f0cbb286564a7dadb5030,1,Copyright (c) 2011 itemis AG (http://www.itemis.eu) and others.
7af214ac4e79f966c649c45420a4d94e,1,Copyright (c) 2011 itemis AG (http://www.itemis.eu) and others.
db62e97a00d890249dfd3d7ad8632a00,1,Copyright (c) 2014 itemis AG (http://www.itemis.eu) and others.
3bb7c1b975eb37d29bdf2c2631e944b4,1,Copyright (c) 2011 itemis AG (http://www.itemis.eu) and others.
e3e0e6544eab2c58503a6a03e7a86e4a,1,Copyright (c) 2013 itemis AG (http://www.itemis.eu) and others.
c721bbb060a7671e07c5516aa6ab9dfb,1,Copyright (c) 2013 itemis AG (http://www.itemis.eu) and others.
a60c323d8f76b3dc65200fad0455bb79,1,Copyright (c) 2013 itemis AG (http://www.itemis.eu) and others.
bd0543773fe76c89a472baed8b822ffe,1,Copyright (c) 2013 itemis AG (http://www.itemis.eu) and others.
fcae5885269219d507fe23678921ff85,1,Copyright (c) 2013 itemis AG (http://www.itemis.eu) and others.
ff1f02a80db31ca0b94b4520e7ec2ad6,1,Copyright (c) 2013 itemis AG (http://www.itemis.eu) and others.
9e790e303ee4e5d5982774af4a077926,1,Copyright (c) 2013 itemis AG (http://www.itemis.eu) and others.
b076186f6980719bc3201ebedc5368bf,1,Copyright (c) 2014 itemis AG (http://www.itemis.eu) and others.
46a81d643a4ebef31d0b27af59f48b85,1,Copyright (c) 2014 itemis AG (http://www.itemis.eu) and others.
e49c1bb1595d03e41d195e0393fae649,1,(c) 2013; 2016 itemis AG (http://www.itemis.eu) and others.
27cc9e06bd952bbd3148e38a88a310b3,1,(c) 2010; 2020 itemis AG (http://www.itemis.eu) and others.
4bae69c29a71f65608fbe266c49e5336,1,(c) 2011; 2018 itemis AG (http://www.itemis.eu) and others.
7363e1deaa639fb9fb1bc440265f668f,1,Copyright (c) 2014 itemis AG (http://www.itemis.eu) and others.
9a6a61e34586e9591b11fe048220ce1e,1,Copyright (c) 2011 itemis AG (http://www.itemis.eu) and others.
99ed485668bc7f1b282ab1a7063fba41,1,(c) 2013; 2018 itemis AG (http://www.itemis.eu) and others.
024a2bb972048fcbfada3e0156c01a90,1,Copyright (c) 2011 itemis AG (http://www.itemis.eu) and others.
02e37f14b67c6e65c564445f072adbbd,1,(c) 2013; 2018 itemis AG (http://www.itemis.eu) and others.
6eb6abd1106993e1ee43c102e3a143af,1,(c) 2011; 2018 itemis AG (http://www.itemis.eu) and others.
6a55d7e0e06531bacc68e256153b168c,1,(c) 2013; 2016 itemis AG (http://www.itemis.eu) and others.
687ff4dbbd2439672b2d963697374d1f,1,Copyright (c) 2012 itemis AG (http://www.itemis.eu) and others.
d27d30d52fbd44b224ef639c3fbbc4a0,1,Copyright (c) 2012 itemis AG (http://www.itemis.eu) and others.
1db1e99b558499e790a13bf38e3bf710,1,(c) 2012; 2017 itemis AG (http://www.itemis.eu) and others.
7778cf015d0e9785c3dde3b3a2c0d545,1,Copyright (c) 2012 itemis AG (http://www.itemis.eu) and others.
da819ad21407eaaeccd59ef30920ecdb,1,Copyright (c) 2013 itemis AG (http://www.itemis.eu) and others.
db0097a811c032bbc0de824803ae08ce,1,Copyright (c) 2014 itemis AG (http://www.itemis.eu) and others.
1e22fe2c239a7f97cc0f418e6c3c4599,1,Copyright (c) 2013 itemis AG (http://www.itemis.eu) and others.
03334c4c0a35b9e6c12f94a9d98369b6,1,Copyright (c) 2012 itemis AG (http://www.itemis.eu) and others.
ba602979ff4236eebdeea34de85a4628,1,Copyright (c) 2014 itemis AG (http://www.itemis.eu) and others.
9547f6235e930824dae954b84e29fa82,1,Copyright (c) 2017 itemis AG (http://www.itemis.eu) and others.
e648e9e5368fa5fdd559d1b4ecf2d3d1,1,Copyright (c) 2014 itemis AG (http://www.itemis.eu) and others.
29c677d64e502bf83dae9513b73d5d06,1,Copyright (c) 2017 itemis AG (http://www.itemis.eu) and others.
7ca56a1a7a208c8edf933acd8bf264b4,1,(c) 2010; 2020 itemis AG (http://www.itemis.eu) and others.
f26f6c4054be69fa55fb01eedb411521,1,(c) 2010; 2020 itemis AG (http://www.itemis.eu) and others.
89acdd109c22a095af2fcc3177d74560,1,Copyright (c) 2014 itemis AG (http://www.itemis.eu) and others.
c1af48412d262ff1f67e30a7aba71e05,1,(c) 2010; 2020 itemis AG (http://www.itemis.eu) and others.
71d0e8f6165aa1a21daadf85431d5cb6,1,(c) 2010-2015 itemis AG (http://www.itemis.eu) and others.
dcecf6c308993b9edeca64dfbdb4ef9a,1,(c) 2011; 2017 itemis AG (http://www.itemis.eu) and others.
ff22f36393ca00da622822f258c61eee,1,Copyright (c) 2013 itemis AG (http://www.itemis.eu) and others.
1865f4111f09428eebee9ead6057c7a8,1,Copyright (c) 2013 itemis AG (http://www.itemis.eu) and others.
b9500be4fc50466539551e7971b37748,1,(c) 2013; 2017 itemis AG (http://www.itemis.eu) and others.
e91e0e7b42e4aa8d2aca3b80c1aee59c,1,Copyright (c) 2013 itemis AG (http://www.itemis.eu) and others.
21c9e91b7c5cea9b851cb0e279c1c2cd,1,Copyright (c) 2014 itemis AG (http://www.itemis.eu) and others.
5ec39e6082a895544e750863c7db56e7,1,Copyright (c) 2014 itemis AG (http://www.itemis.eu) and others.
7235ab11d88c24474fef522aaacf7c5a,1,Copyright (c) 2014 itemis AG (http://www.itemis.eu) and others.
432306363211c27d596b3b8f29e2d9e4,1,Copyright (c) 2013 itemis AG (http://www.itemis.eu) and others.
88dc8be616f90597b26ca49dbe5f2b6a,1,(c) 2013; 2017 itemis AG (http://www.itemis.eu) and others.
05fda7c1a79e477867e9b47eb09fa742,1,Copyright (c) 2013 itemis AG (http://www.itemis.eu) and others.
a5382542f5f992721a27ba80cc138689,1,Copyright (c) 2014 itemis AG (http://www.itemis.eu) and others.
dc8d91da0343934c6b0a244841fd7f1b,1,Copyright (c) 2013 itemis AG (http://www.itemis.eu) and others.
44be5c4b8e8c32ac97065a431c3c6b1f,1,Copyright (c) 2014 itemis AG (http://www.itemis.eu) and others.
4f0595dc9d337119b585dc0233da906f,1,Copyright (c) 2011 itemis AG (http://www.itemis.eu) and others.
2788705df70112cb7e0ac9c579866edd,1,Copyright (c) 2011 itemis AG (http://www.itemis.eu) and others.
f1d62239f3c82e0b3a04a487c285a82b,1,Copyright (c) 2011 itemis AG (http://www.itemis.eu) and others.
e4beda35fc091c45b1d0bb44b53f17ac,1,Copyright (c) 2011 itemis AG (http://www.itemis.eu) and others.
fad623f950193a3d9e1c5d7ee26fbe7d,1,Copyright (c) 2011 itemis AG (http://www.itemis.eu) and others.
e02965a7a7cc0d37e7cb08a1d3998e97,1,Copyright (c) 2011 itemis AG (http://www.itemis.eu) and others.
0efd1c5b3808a22ea9449def0d5d72c4,1,Copyright (c) 2011 itemis AG (http://www.itemis.eu) and others.
ece91fcd549e4e352394cbd72b0a3d2f,1,Copyright (c) 2011 itemis AG (http://www.itemis.eu) and others.
2bb1f16dff2084a9c7e5c3d98e9e3b5b,1,Copyright (c) 2011 itemis AG (http://www.itemis.eu) and others.
6fac5726cae7eb1d8305c7764a6a4b6a,1,Copyright (c) 2011 itemis AG (http://www.itemis.eu) and others.
12660975972f87065cacab5846de2efd,1,Copyright (c) 2011 itemis AG (http://www.itemis.eu) and others.
52113ba7eeb215c006f50c3b14db38c8,1,Copyright (c) 2011 itemis AG (http://www.itemis.eu) and others.
8dfda77badaaed23aab8e8f0eff95791,1,Copyright (c) 2011 itemis AG (http://www.itemis.eu) and others.
93b8abe9890bc9cb3cc777acb09fed6a,1,Copyright (c) 2011 itemis AG (http://www.itemis.eu) and others.
24fa71d4b39a0bfc557dff3601c725ea,1,Copyright (c) 2011 itemis AG (http://www.itemis.eu) and others.
e590e26346eae47a12c17d07f8548b3b,1,Copyright (c) 2011 itemis AG (http://www.itemis.eu) and others.
1252d91d789585dc67a2754501818e1a,1,Copyright (c) 2011 itemis AG (http://www.itemis.eu) and others.
725fe098b1beeaed07233055cfa0da9b,1,Copyright (c) 2011 itemis AG (http://www.itemis.eu) and others.
8d604cb93e8f93fbdcea6293f6e27591,1,Copyright (c) 2011 itemis AG (http://www.itemis.eu) and others.
d040c359856b42991e0096e15fedac67,1,Copyright (c) 2011 itemis AG (http://www.itemis.eu) and others.
005c5d62ffc77cf99df0c001ba14f6fd,1,Copyright (c) 2011 itemis AG (http://www.itemis.eu) and others.
2970c2372c750924cc68b7b0ccf2e30a,1,Copyright (c) 2011 itemis AG (http://www.itemis.eu) and others.
7531e1edd890e9226a0d97f21aee986a,1,Copyright (c) 2011 itemis AG (http://www.itemis.eu) and others.
f806894cf4f6f0dff762f2bf83773450,1,Copyright (c) 2011 itemis AG (http://www.itemis.eu) and others.
3fba7785c20e2a99d9f331a0de11d1a4,1,Copyright (c) 2011 itemis AG (http://www.itemis.eu) and others.
4ba6985f44b800b459c9036f153440fa,1,Copyright (c) 2011 itemis AG (http://www.itemis.eu) and others.
43912c34a2d76965a40eed2929d8071a,1,Copyright (c) 2011 itemis AG (http://www.itemis.eu) and others.
f207b63e804dcde20942ddf6b0a9fc6d,1,Copyright (c) 2011 itemis AG (http://www.itemis.eu) and others.
ac454eb9c8195537f34a04d526b228d3,1,Copyright (c) 2011 itemis AG (http://www.itemis.eu) and others.
94a958765b5d389831d3f2e694ff89aa,1,Copyright (c) 2011 itemis AG (http://www.itemis.eu) and others.
d4e97d7180c8a9eb92d4b778b38f871e,1,Copyright (c) 2011 itemis AG (http://www.itemis.eu) and others.
46e52fef36004833048b2d31bd0cbc33,1,Copyright (c) 2011 itemis AG (http://www.itemis.eu) and others.
453d9c541d15cc2ae643fca89ab2e3b5,1,Copyright (c) 2011 itemis AG (http://www.itemis.eu) and others.
ab111d39c709c91abe2e84bbdbbd79e9,1,Copyright (c) 2011 itemis AG (http://www.itemis.eu) and others.
52a1202a8b63c67bad5815cd02ad5c3d,1,(c) 2011; 2016 itemis AG (http://www.itemis.eu) and others.
b0eeb6a84aa55cb0b3b2ca217f540a7a,1,Copyright (c) 2011 itemis AG (http://www.itemis.eu) and others.
000543e27df3b76618ecb902eac5201d,1,Copyright (c) 2011 itemis AG (http://www.itemis.eu) and others.
babc030235d8486eee73f7dcb05e2aed,1,(c) 2011; 2016 itemis AG (http://www.itemis.eu) and others.
3057ce72db0aedee414e24324a542683,1,(c) 2011 itemis AG (http://www.itemis.eu) and others.
c431ae28b479d3ac931b955b5bc73b96,1,Copyright (c) 2012 itemis AG (http://www.itemis.eu) and others.
dfdd2dba0167ea1be08e69a495815472,1,Copyright (c) 2011 itemis AG (http://www.itemis.eu) and others.
c9399e943fc0fa6184bee2ee25bbc6f7,1,Copyright (c) 2011 itemis AG (http://www.itemis.eu) and others.
c5354d93416ac2b86c78d3ecf174e79d,1,(c) 2012; 2016 itemis AG (http://www.itemis.eu) and others.
0abc9bb261174a1f541a882a02ec0728,1,Copyright (c) 2014 itemis AG (http://www.itemis.eu) and others.
4bc79950169ed4b3e084be85f2bef819,1,Copyright (c) 2013 itemis AG (http://www.itemis.eu) and others.
decbcd89cfa611926fffb03dd0b3d60b,1,(c) 2013; 2016 itemis AG (http://www.itemis.eu) and others.
7d7120d8466f79aa3daf2f86a0156989,1,(c) 2013; 2017 itemis AG (http://www.itemis.eu) and others.
b80036ee1983f359c9eb9e582a76c726,1,(c) 2014; 2018 itemis AG (http://www.itemis.eu) and others.
9de7faad522b531f71e09975af5b111f,1,Copyright (c) 2013 itemis AG (http://www.itemis.eu) and others.
1be6b77bdc16c42a9ddbc0527f99c884,1,Copyright (c) 2017 itemis AG (http://www.itemis.eu) and others.
1b91aa27818c6a625109fecc003b8af3,1,(c) 2013; 2016 itemis AG (http://www.itemis.eu) and others.
5e265ccd3dca8c515814bef0eb93bba4,1,(c) 2013; 2016 itemis AG (http://www.itemis.eu) and others.
376d96d908fbe81d2724d6b74bf5eed4,1,(c) 2013; 2016 itemis AG (http://www.itemis.eu) and others.
45529a8612d9574ec04a7ce7b471b827,1,(c) 2013; 2016 itemis AG (http://www.itemis.eu) and others.
115efa118f5a3560c0fbf4de04db8850,1,Copyright (c) 2013 itemis AG (http://www.itemis.eu) and others.
7f3e0d4bd99ce42b2c3ad8ccb9b8abb1,1,(c) 2012; 2017 itemis AG (http://www.itemis.eu) and others.
4adf536157a5ffb8ac30cf2b91456282,1,(c) 2013; 2016 itemis AG (http://www.itemis.eu) and others.
97cb145c5a08f1fc5b34de09a69367ea,1,(c) 2013; 2016 itemis AG (http://www.itemis.eu) and others.
203372164af056969c7fe649a5619b9f,1,(c) 2013; 2016 itemis AG (http://www.itemis.eu) and others.
780f48c430a35068ff806c4e4e8c102a,1,(c) 2015; 2018 itemis AG (http://www.itemis.eu) and others.
408a21d9871e1313ed1f647704130e58,1,(c) 2013; 2016 itemis AG (http://www.itemis.eu) and others.
87c435bed29c1be677e2cf727403b3a0,1,(c) 2013; 2016 itemis AG (http://www.itemis.eu) and others.
277177dd0e7f76b059e4f61276db4e09,1,(c) 2013; 2016 itemis AG (http://www.itemis.eu) and others.
1f72b973659edd63bdc81de2898dd6b7,1,(c) 2013; 2016 itemis AG (http://www.itemis.eu) and others.
38a34fce35e1512951b8235bb239296d,1,(c) 2013; 2016 itemis AG (http://www.itemis.eu) and others.
2594ed971907f493c4cf93d000fb6163,1,(c) 2013; 2016 itemis AG (http://www.itemis.eu) and others.
d40a88c75c48eefe8d2bcca7bd9a2215,1,(c) 2013; 2016 itemis AG (http://www.itemis.eu) and others.
e9dcf01fa060e237f9296a7a3399bcdf,1,(c) 2013; 2016 itemis AG (http://www.itemis.eu) and others.
f5ea843f91c1a55906cfba17ebc4c971,1,(c) 2013; 2016 itemis AG (http://www.itemis.eu) and others.
285c3f7b431affbe547a84367c908be8,1,(c) 2013; 2016 itemis AG (http://www.itemis.eu) and others.
15c6824b038c7d31acff7901f58abc6b,1,(c) 2013; 2016 itemis AG (http://www.itemis.eu) and others.
a084def9e7833607ee47d3c444402651,1,(c) 2013; 2016 itemis AG (http://www.itemis.eu) and others.
889cf4f6af9d30ec5f3372551705221c,1,(c) 2013; 2016 itemis AG (http://www.itemis.eu) and others.
9185561f756f5cb56343746acdf77cc8,1,(c) 2013; 2016 itemis AG (http://www.itemis.eu) and others.
1801adefd80f4f944a405f4271793bce,1,(c) 2013; 2016 itemis AG (http://www.itemis.eu) and others.
f57bec60843e0eb882c3e4dcf522ac75,1,(c) 2013; 2016 itemis AG (http://www.itemis.eu) and others.
b89b09bff77964bd19418e3c93b1d953,1,Copyright (c) 2014 itemis AG (http://www.itemis.eu) and others.
0d7cf2cc6b485f6ff50c6c89ffda253d,1,(c) 2013; 2016 itemis AG (http://www.itemis.eu) and others.
cac63e1d0e7a17a3ea6e595af91869ea,1,(c) 2013; 2016 itemis AG (http://www.itemis.eu) and others.
74c78108aea7f6e040df3779ad5e171c,1,Copyright (c) 2014 itemis AG (http://www.itemis.eu) and others.
c85c3f43c14c7c7d7303ab46eb9c30c8,1,(c) 2013; 2017 itemis AG (http://www.itemis.eu) and others.
bed604fbc07c85f38d0a76f95d6fc527,1,(c) 2013; 2017 itemis AG (http://www.itemis.eu) and others.
6342f1c9b8862e781325b1ab8c6d20ae,1,(c) 2013; 2017 itemis AG (http://www.itemis.eu) and others.
44f381bcd7300fb84ab0b4ba3d077404,1,(c) 2013; 2017 itemis AG (http://www.itemis.eu) and others.
16922f04f367bb531e7a1b2b9131f492,1,(c) 2013; 2017 itemis AG (http://www.itemis.eu) and others.
79ee91420c685b18e393b8ff6a1a205f,1,(c) 2013; 2017 itemis AG (http://www.itemis.eu) and others.
4cdde4578ee5ea71a333e21ce5215e3f,1,(c) 2013; 2017 itemis AG (http://www.itemis.eu) and others.
c071f9831aeb1ff8f5715e0c1f934609,1,(c) 2013; 2017 itemis AG (http://www.itemis.eu) and others.
0a3a2a8ce9d7346a9f04c958c33378ac,1,(c) 2013; 2017 itemis AG (http://www.itemis.eu) and others.
0941803eae4d15b440a033066922a2c3,1,(c) 2013; 2017 itemis AG (http://www.itemis.eu) and others.
b276b6740ae6b5a22de316398d8312f4,1,(c) 2013; 2017 itemis AG (http://www.itemis.eu) and others.
918628248d47eed64260dce9704e36bf,1,(c) 2013; 2017 itemis AG (http://www.itemis.eu) and others.
74e8ddfb51474cf5b011930bc428e58d,1,(c) 2013; 2017 itemis AG (http://www.itemis.eu) and others.
0e43522af01798017179950a7a6df59c,1,(c) 2013; 2017 itemis AG (http://www.itemis.eu) and others.
ae28e8d0f4373f12aac109d2dde1e101,1,(c) 2013; 2017 itemis AG (http://www.itemis.eu) and others.
e77c1035c8371a0c0e1e14b0f03801c5,1,(c) 2013; 2017 itemis AG (http://www.itemis.eu) and others.
39369dfd416031bb139a95ccbe07dabb,1,(c) 2013; 2017 itemis AG (http://www.itemis.eu) and others.
f5427aab69e1923eeb79dc3cfb9509a9,1,(c) 2013; 2017 itemis AG (http://www.itemis.eu) and others.
715bd1e624c2a18bdb1238d1bf73ef5d,1,(c) 2013; 2017 itemis AG (http://www.itemis.eu) and others.
3182d2ba2ece5725316a854f23614548,1,(c) 2013; 2017 itemis AG (http://www.itemis.eu) and others.
07ab1fff1e911fd5e80d07d60df19168,1,(c) 2013; 2017 itemis AG (http://www.itemis.eu) and others.
3e463dd0d88940a3d35713a849d1a493,1,(c) 2013; 2017 itemis AG (http://www.itemis.eu) and others.
15417dfad1275992949cc79d40ef9430,1,(c) 2013; 2017 itemis AG (http://www.itemis.eu) and others.
28765714a9a1a841c57340583ec40516,1,(c) 2013; 2017 itemis AG (http://www.itemis.eu) and others.
a89dfefe50c4db86f1276dfc6ab60573,1,(c) 2013; 2017 itemis AG (http://www.itemis.eu) and others.
bdb33672cda73d72f2d29988804d9910,1,(c) 2013; 2017 itemis AG (http://www.itemis.eu) and others.
99062effd4431fc71a756156402d0c32,1,(c) 2013; 2017 itemis AG (http://www.itemis.eu) and others.
5d0b77c9dfe2fa6c89f6f0f7220f7c5c,1,(c) 2013; 2017 itemis AG (http://www.itemis.eu) and others.
27765afd3863f2c46dd6df6171f8f212,1,(c) 2013; 2017 itemis AG (http://www.itemis.eu) and others.
c79756ba13e18c844acbe749cc8b0717,1,(c) 2013; 2017 itemis AG (http://www.itemis.eu) and others.
5210ed628e031559c7ef1b897b893258,1,(c) 2013; 2017 itemis AG (http://www.itemis.eu) and others.
b0bcef8ab52b0a7b1423d324c9f019c9,1,(c) 2013; 2017 itemis AG (http://www.itemis.eu) and others.
3259122d237eb97a38fd62ffaf100d71,1,(c) 2013; 2017 itemis AG (http://www.itemis.eu) and others.
61bd902d81d7ecad43ad1709ed736a40,1,(c) 2013; 2017 itemis AG (http://www.itemis.eu) and others.
a9177d53eb17f130aa7051be4a2da70f,1,(c) 2013; 2017 itemis AG (http://www.itemis.eu) and others.
b67259242ede324b1e8f0cd9b5742422,1,(c) 2013; 2017 itemis AG (http://www.itemis.eu) and others.
dd9429243806035b979830524cb8c0fb,1,(c) 2013; 2017 itemis AG (http://www.itemis.eu) and others.
3d4ccc5bbb29b966622a2176d8a7b06c,1,(c) 2013; 2017 itemis AG (http://www.itemis.eu) and others.
76e3f494df3ef8e4d9bb714aae2b5433,1,(c) 2013; 2017 itemis AG (http://www.itemis.eu) and others.
67655c561a74dd364668ab147ddb57f8,1,(c) 2013; 2017 itemis AG (http://www.itemis.eu) and others.
5cc328b4cdfd77407370e89bf4507085,1,(c) 2013; 2017 itemis AG (http://www.itemis.eu) and others.
5a67ec064d205c5aa615f81b94aa3d5b,1,(c) 2013; 2016 itemis AG (http://www.itemis.eu) and others.
48da3443cd7f5ec7b050f1cbc2e5bffc,1,(c) 2013; 2016 itemis AG (http://www.itemis.eu) and others.
5067e7202ad4f29447a79e73f93006a5,1,Copyright (c) 2014 itemis AG (http://www.itemis.eu) and others.
d933fc5d722f58d1ace77354628b5dcf,1,Copyright (c) 2014 itemis AG (http://www.itemis.eu) and others.
08cc806de10e01daa519f74aa7c06868,1,(c) 2014; 2016 itemis AG (http://www.itemis.eu) and others.
886511604fcb6d209d0dcd7761fcd432,1,(c) 2014; 2017 itemis AG (http://www.itemis.eu) and others.
27b839b199f67a9d46992b959cde402d,1,(c) 2013; 2016 itemis AG (http://www.itemis.eu) and others.
5d78e706ec14c64933f8d16fcabef004,1,Copyright (c) 2014 itemis AG (http://www.itemis.eu) and others.
addf3a4cd31770bc005ba5f4fe7f9a0c,1,(c) 2013; 2016 itemis AG (http://www.itemis.eu) and others.
9d616fcd66fa31881b728f757bec6b47,1,Copyright (c) 2014 itemis AG (http://www.itemis.eu) and others.
27d1f6e904b96ce542003c6e3423895a,1,(c) 2013; 2017 itemis AG (http://www.itemis.eu) and others.
dcd456902439012a94035128857a48c3,1,(c) 2013; 2017 itemis AG (http://www.itemis.eu) and others.
ba718e39f5527cad94ede373a58db367,1,(c) 2013; 2016 itemis AG (http://www.itemis.eu) and others.
26b892e9262ce395d3239836771c76f8,1,Copyright (c) 2014 itemis AG (http://www.itemis.eu) and others.
121f22d994a3d9f13439394f2c33a296,1,(c) 2013; 2016 itemis AG (http://www.itemis.eu) and others.
66c1121fd6fe1ad22d88c0814d321362,1,Copyright (c) 2014 itemis AG (http://www.itemis.eu) and others.
922d307092cc931e2eca690e7edb7c51,1,Copyright (c) 2014 itemis AG (http://www.itemis.eu) and others.
af088071bdbe76afd08ee7f998327204,1,(c) 2014; 2016 itemis AG (http://www.itemis.eu) and others.
316975c12cd652262dced3651c08b8ba,1,(c) 2014; 2017 itemis AG (http://www.itemis.eu) and others.
96ed8d4007e731f1cb5bf184b6791ef6,1,(c) 2012; 2016 itemis AG (http://www.itemis.eu) and others.
5dfc88c756d53183c58a96bd716e074e,1,Copyright (c) 2014 itemis AG (http://www.itemis.eu) and others.
743f3f25d82b2d8d00757e89fce64637,1,Copyright (c) 2013 itemis AG (http://www.itemis.eu) and others.
9568a1cae7869573fccd5dd8c1fb1400,1,(c) 2013; 2016 itemis AG (http://www.itemis.eu) and others.
bad4832c6b5fda4db75e5c972c5863c4,1,(c) 2013; 2017 itemis AG (http://www.itemis.eu) and others.
2ba3d9954411bd55200c8850ade1bd34,1,(c) 2014; 2018 itemis AG (http://www.itemis.eu) and others.
03edc232ddb935a4e513d8b08e16200a,1,Copyright (c) 2013 itemis AG (http://www.itemis.eu) and others.
226a2236cac8c0a425211c7058cb3a81,1,Copyright (c) 2017 itemis AG (http://www.itemis.eu) and others.
a4e5f86a00bb21611e87aa72ea9353d7,1,(c) 2013; 2016 itemis AG (http://www.itemis.eu) and others.
5799eb714bda0d784707924fffd9ee7d,1,(c) 2013; 2016 itemis AG (http://www.itemis.eu) and others.
fcea4a4496c4e262a253e8f59aa3556b,1,(c) 2013; 2016 itemis AG (http://www.itemis.eu) and others.
bae832935bcb221d972fc20aa089ead9,1,(c) 2013; 2016 itemis AG (http://www.itemis.eu) and others.
245f8c3dcc6625538602fe6e612f8008,1,Copyright (c) 2013 itemis AG (http://www.itemis.eu) and others.
b563816f9593ff21737635680bc5a9bb,1,(c) 2012; 2017 itemis AG (http://www.itemis.eu) and others.
16a1ebc30e85d034959b93b7795e650f,1,(c) 2013; 2016 itemis AG (http://www.itemis.eu) and others.
e75c277780c4aa9c9f883bc2ff05cb26,1,(c) 2015; 2018 itemis AG (http://www.itemis.eu) and others.
3adb2a4fc2b45817f9d7770669b78ba5,1,Copyright (c) 2014 itemis AG (http://www.itemis.eu) and others.
b9b372ccefceaa0a185e52154a8987bc,1,Copyright (c) 2014 itemis AG (http://www.itemis.eu) and others.
9942ca194c29c60c4c7681758579e318,1,(c) 2013; 2016 itemis AG (http://www.itemis.eu) and others.
694b7b53467beac9de94224093a1c486,1,(c) 2011; 2017 itemis AG (http://www.itemis.eu) and others.
640a8a5ed505f9eb64767763cf4ffbea,1,Copyright (c) 2011 itemis AG (http://www.itemis.eu) and others.
9afc597e73b3d62802d91386ede75687,1,Copyright (c) 2011 itemis AG (http://www.itemis.eu) and others.
1e5711ce04562ef9abf7f5476e2d710b,1,Copyright (c) 2011 itemis AG (http://www.itemis.eu) and others.
2b316f2b68eab4ec82b4043308bbb26a,1,Copyright (c) 2011 itemis AG (http://www.itemis.eu) and others.
2e98cad99f589579b85bb5d2156f52a4,1,Copyright (c) 2011 itemis AG (http://www.itemis.eu) and others.
ffe6989e44da1c1486251a8ff2c1e5c3,1,Copyright (c) 2011 itemis AG (http://www.itemis.eu) and others.
454d776f328f3286bda49e35fe2e95ba,1,Copyright (c) 2011 itemis AG (http://www.itemis.eu) and others.
2b962bb2f07c9ed130326e18b139cc5c,1,Copyright (c) 2014 itemis AG (http://www.itemis.eu) and others.
e76f1634fdef9dab7552f64c987354ed,1,(c) 2014; 2016 itemis AG (http://www.itemis.eu) and others.
8af9e1824ebb22e4b1b42cb15234b7e1,1,Copyright (c) 2014 itemis AG (http://www.itemis.eu) and others.
a3bb6e7328bd98c012eb446e16e537b4,1,(c) 2014; 2017 itemis AG (http://www.itemis.eu) and others.
e6495b3106bc885d6da35fd7d852fd00,1,(c) 2015; 2016 itemis AG (http://www.itemis.eu) and others.
655445f0b0ec1df9efb64b1ec2b4ceff,1,(c) 2014; 2017 itemis AG (http://www.itemis.eu) and others.
1377efbde475d5ccc7898bc803426428,1,(c) 2014; 2016 itemis AG (http://www.itemis.eu) and others.
b5c46bd4874aff4453c2a2fd7a9caf9b,1,Copyright (c) 2014 itemis AG (http://www.itemis.eu) and others.
a31273977b811aab62561a8b1898cb10,1,(c) 2014; 2017 itemis AG (http://www.itemis.eu) and others.
5150e28e9dcbe10592e16a3536379005,1,(c) 2015; 2016 itemis AG (http://www.itemis.eu) and others.
b5157b2596f2a60e370b4ea074758a26,1,(c) 2014; 2017 itemis AG (http://www.itemis.eu) and others.
2e55e8dbac544b41ef78c31fc1d57d0e,1,Copyright (c) 2014 itemis AG (http://www.itemis.eu) and others.
a68b396c5fa082dd57eba04b2cb53510,1,Copyright (c) 2012 itemis AG (http://www.itemis.eu) and others.
48f920d956e12dd482aeec0bad401e88,1,Copyright (c) 2014 itemis AG (http://www.itemis.eu) and others.
66fdbee3e8721a13fe7c1fca5143f746,1,Copyright (c) 2012 itemis AG (http://www.itemis.eu) and others.
cdd217052870d1ac5e734133c02da4bb,1,(c) 2012; 2017 itemis AG (http://www.itemis.eu) and others.
4ab02d756f19c97abc8f8430f7ae8b5b,1,(c) 2014; 2018 itemis AG (http://www.itemis.eu) and others.
bfa82c7f0ffca03984756d484b3bd162,1,(c) 2014; 2018 itemis AG (http://www.itemis.eu) and others.
36bf674c18dc388a087a6d4dd1eb1c71,1,(c) 2014; 2018 itemis AG (http://www.itemis.eu) and others.
a081cfb844acb94eeaa32cf635bb367f,1,(c) 2014; 2018 itemis AG (http://www.itemis.eu) and others.
00f074fce7d3eeef95872e2624929b19,1,(c) 2014; 2018 itemis AG (http://www.itemis.eu) and others.
47ef2d2e848b8dbef559bc6f87c9aaa1,1,(c) 2014; 2018 itemis AG (http://www.itemis.eu) and others.
d99acf012b942d7767061362bcbb5561,1,(c) 2014; 2018 itemis AG (http://www.itemis.eu) and others.
3bc63fe45b1db086b28e9cdc36637df8,1,(c) 2014; 2018 itemis AG (http://www.itemis.eu) and others.
39d5eba8669acbee34acedc168baf125,1,Copyright (c) 2015 itemis AG (http://www.itemis.eu) and others.
6e276763581792259e677585f0c630ff,1,Copyright (c) 2012 itemis AG (http://www.itemis.eu) and others.
f7a253c5f2b578c01091bf984f662376,1,(c) 2012; 2017 itemis AG (http://www.itemis.eu) and others.
0d5c7d024ce38e25459c6869075ad25f,1,(c) 2014; 2018 itemis AG (http://www.itemis.eu) and others.
df80645b6c74c24d7823a8e608dec656,1,Copyright (c) 2015 itemis AG (http://www.itemis.eu) and others.
b9c250cec6656dc838a8cd03cfe114ae,1,(c) 2014; 2016 itemis AG (http://www.itemis.eu) and others.
8e6388f147a73ff05c97fece9781b57d,1,(c) 2014; 2016 itemis AG (http://www.itemis.eu) and others.
5cc85ec242a60d35889250f7eb2ae2fa,1,(c) 2014; 2016 itemis AG (http://www.itemis.eu) and others.
86e30bf57015c027df69b1bcca390d19,1,(c) 2014; 2016 itemis AG (http://www.itemis.eu) and others.
6f4eff8c517be83cbbdda2f07a0b6b5d,1,(c) 2014; 2016 itemis AG (http://www.itemis.eu) and others.
62c3ed71a11280a48bf93c989cd06a72,1,Copyright (c) 2013 itemis AG (http://www.itemis.eu) and others.
58f96584b4a679ab3030b61e9229f166,1,(c) 2014; 2016 itemis AG (http://www.itemis.eu) and others.
db326f8b6105ad196302082e998ba9e1,1,Copyright (c) 2013 itemis AG (http://www.itemis.eu) and others.
b40083c0b12b614ffa36e60412a2e2ed,1,Copyright (c) 2011 itemis AG (http://www.itemis.eu) and others.
5acdf65c9d25dd0797a70acf39e2baf7,1,Copyright (c) 2013 itemis AG (http://www.itemis.eu) and others.
85f32cacd4f8ad4689df30003c8080b0,1,Copyright (c) 2011 itemis AG (http://www.itemis.eu) and others.
d756f558b61d99f1f83e56664204a523,1,Copyright (c) 2011 itemis AG (http://www.itemis.eu) and others.
66e6a826324807c946e4021a59b2a5db,1,Copyright (c) 2011 itemis AG (http://www.itemis.eu) and others.
4cac9de1fe2d203e343b07a15f2272fa,1,Copyright (c) 2011 itemis AG (http://www.itemis.eu) and others.
cb78698af3e231bf1d2f5c11cbb039b8,1,Copyright (c) 2013 itemis AG (http://www.itemis.eu) and others.
09c36934f57509c63f8a801a108af4fa,1,Copyright (c) 2013 itemis AG (http://www.itemis.eu) and others.
9476301f8e73ec6840420711aabfb06e,1,Copyright (c) 2011 itemis AG (http://www.itemis.eu) and others.
c88bd39bc33cc7eace1486888157936f,1,Copyright (c) 2011 itemis AG (http://www.itemis.eu) and others.
26dede27cac5194b630664d1bb81aeb3,1,Copyright (c) 2011 itemis AG (http://www.itemis.eu) and others.
a9506ae2c067ab583d7b6fa60b448a14,1,Copyright (c) 2010 itemis AG (http://www.itemis.eu) and others.
58f5a479e577f47e43bb501e33424234,1,Copyright (c) 2011 itemis AG (http://www.itemis.eu) and others.
699c86e2a9da34278a9ac528e99fca57,1,(c) 2013; 2019 itemis AG (http://www.itemis.eu) and others.
7720ccabb38189783826ea0d6161e5ef,1,Copyright (c) 2014 itemis AG (http://www.itemis.eu) and others.
97150b759c42500c1f6f596c89e519e8,1,Copyright (c) 2014 itemis AG (http://www.itemis.eu) and others.
42d609829bcc061b84962c6c7d40dde7,1,Copyright (c) 2014 itemis AG (http://www.itemis.eu) and others.
b693afe0704fd0b74fc492f54458ffe6,1,(c) 2013; 2017 itemis AG (http://www.itemis.eu) and others.
8a56a877f2d936470dc48f3d56fcb407,1,Copyright (c) 2013 itemis AG (http://www.itemis.eu) and others.
59f67858d2f1ac1fba2607ec4e631d10,1,Copyright (c) 2011 itemis AG (http://www.itemis.eu) and others.
581aadd560830eeb99da013cff7ed728,1,Copyright (c) 2011 itemis AG (http://www.itemis.eu) and others.
6f1ce20eb892c87183183af4a9404109,1,(c) 2013; 2019 itemis AG (http://www.itemis.eu) and others.
18b1a6e07e131fe99504d66e96f05c76,1,(c) 2011; 2017 itemis AG (http://www.itemis.eu) and others.
d18660d236f27665e193a6d21721cd5b,1,Copyright (c) 2013 itemis AG (http://www.itemis.eu) and others.
2a8513c839c0a981ce6fc3303c8401c3,1,Copyright (c) 2014 itemis AG (http://www.itemis.eu) and others.
b4257f408c06217c8c108ac18ae6e8c9,1,Copyright (c) 2013 itemis AG (http://www.itemis.eu) and others.
d7e05f2b1fce4995bf3d35985cecc647,1,Copyright (c) 2013 itemis AG (http://www.itemis.eu) and others.
6758e82d7145cca8813d494dea4da114,1,(c) 2008-2010 itemis AG (http://www.itemis.eu) and others.
25f5c5db89fdbcdecd53c0a21dee13db,1,Copyright (c) 2014 itemis AG (http://www.itemis.eu) and others.
18c18034507c22693605dc405c0bbbb4,1,Copyright (c) 2014 itemis AG (http://www.itemis.eu) and others.
6a9823f956fa06d99e2b58a09c19d715,1,Copyright (c) 2014 itemis AG (http://www.itemis.eu) and others.
67a05b821e02f0e7a759cf664bfaa027,1,Copyright (c) 2013 itemis AG (http://www.itemis.eu) and others.
d5cf3a04f1c875fbcee50792434f3c73,1,Copyright (c) 2014 itemis AG (http://www.itemis.eu) and others.
316d0002d7d2bf18e0ee716d3d37757d,1,(c) 2010; 2020 itemis AG (http://www.itemis.eu) and others.
4d5b4c2c43227e78d80ef8aadf6af35f,1,(c) 2010; 2020 itemis AG (http://www.itemis.eu) and others.
7551cfd18fd0f730a7ab6bd93f39d553,1,Copyright (c) 2014 itemis AG (http://www.itemis.eu) and others.
44bcafbfac72d8486d75bb7f6c14cc48,1,(c) 2010; 2020 itemis AG (http://www.itemis.eu) and others.
a5e9337499ece3fc23d67a104381ecad,1,Copyright (c) 2013 itemis AG (http://www.itemis.eu) and others.
5d98a3fe59ed41d311490daee7186a1e,1,Copyright (c) 2013 itemis AG (http://www.itemis.eu) and others.
0bbd2ff1137cb5550d03b1d7d91f1682,1,Copyright (c) 2013 itemis AG (http://www.itemis.eu) and others.
6a67ca0c3b893ef571f99cc0936f5a02,1,(c) 2010; 2020 itemis AG (http://www.itemis.eu) and others.
db05f4d1c2073547068528fbcfab3b79,1,(c) 2010; 2020 itemis AG (http://www.itemis.eu) and others.
19f81d92a980b510d9fd46cc3f4410a2,1,(c) 2010; 2020 itemis AG (http://www.itemis.eu) and others.
6395d9a8cde4dde569404a7a91259c54,1,(c) 2010; 2017 itemis AG (http://www.itemis.eu) and others.
f566f7f90927598b0aec00391cd666ff,1,(c) 2010; 2017 itemis AG (http://www.itemis.eu) and others.
9a7643a7719cc8d49cbe4407cdb66a90,1,Copyright (c) 2013 itemis AG (http://www.itemis.eu) and others.
d1180f10ab4c9fa2765857ddb314ef8f,1,(c) 2010; 2020 itemis AG (http://www.itemis.eu) and others.
f14c6ea922b3cb05f24ec3b41948298f,1,(c) 2010; 2020 itemis AG (http://www.itemis.eu) and others.
c14c868e85aa18203fe7de393f24cec5,1,(c) 2010; 2020 itemis AG (http://www.itemis.eu) and others.
65e34aecb5da9d90910c24d1cb0afd7b,1,Copyright (c) 2011 itemis AG (http://www.itemis.eu) and others.
50ca956f93a27f52a53dda2f16ab1a8b,1,Copyright (c) 2011 itemis AG (http://www.itemis.eu) and others.
68900de4c09574bbde0d984d1f5943ed,1,Copyright (c) 2011 itemis AG (http://www.itemis.eu) and others.
136dec6b5d71e2330c75fdb8ebc9b749,1,Copyright (c) 2011 itemis AG (http://www.itemis.eu) and others.
64c09d860a7e05a2c013592fd9134922,1,Copyright (c) 2011 itemis AG (http://www.itemis.eu) and others.
5de7f250d05eeaa60dc76af770ce62f0,1,Copyright (c) 2011 itemis AG (http://www.itemis.eu) and others.
915086c19bb6e2df7a2efed140ac0c8e,1,Copyright (c) 2011 itemis AG (http://www.itemis.eu) and others.
d2d53f2b118719b6b6c48a6579e4a01b,1,Copyright (c) 2011 itemis AG (http://www.itemis.eu) and others.
a9a7c2ab92839629b4efe9a57c346ec9,1,Copyright (c) 2011 itemis AG (http://www.itemis.eu) and others.
b12c33ac180531eb1ce5a2d08db989ec,1,Copyright (c) 2011 itemis AG (http://www.itemis.eu) and others.
2c96266646d06e46f63d83cbe13f3b75,1,Copyright (c) 2011 itemis AG (http://www.itemis.eu) and others.
b2f96578921779e9871b624ef5d0f9b3,1,Copyright (c) 2011 itemis AG (http://www.itemis.eu) and others.
2676afbf6bbc6cd431ae5b9e0a535ef8,1,Copyright (c) 2011 itemis AG (http://www.itemis.eu) and others.
53ea9014cb093b578887b795e794b234,1,Copyright (c) 2011 itemis AG (http://www.itemis.eu) and others.
2f9fcb076a576a8ef0dbf05137e037d9,1,Copyright (c) 2011 itemis AG (http://www.itemis.eu) and others.
3fba28f48f721bf65dea37ac9567c1cb,1,Copyright (c) 2011 itemis AG (http://www.itemis.eu) and others.
2b80d6dd5656de90cccf6269a5cbc2a1,1,Copyright (c) 2011 itemis AG (http://www.itemis.eu) and others.
646d79755ff12dd0b66eca00ff1cca6d,1,Copyright (c) 2011 itemis AG (http://www.itemis.eu) and others.
e079b2aa422f0b2c30964a37ae0b7fa6,1,Copyright (c) 2011 itemis AG (http://www.itemis.eu) and others.
7bc22109e147db6a666f449476fe7235,1,Copyright (c) 2011 itemis AG (http://www.itemis.eu) and others.
f742b4dcfb1e97fb9ae30b86d8f29dbe,1,Copyright (c) 2011 itemis AG (http://www.itemis.eu) and others.
43ebd3d184b231e46c3dce324f170de1,1,Copyright (c) 2011 itemis AG (http://www.itemis.eu) and others.
89a2218c270385bbeed97ee1c34f6086,1,Copyright (c) 2011 itemis AG (http://www.itemis.eu) and others.
bc33716a1353643bb19c903453a62131,1,Copyright (c) 2011 itemis AG (http://www.itemis.eu) and others.
2ec6160dc8aa6e995f9cbaa95769a027,1,Copyright (c) 2011 itemis AG (http://www.itemis.eu) and others.
c91a204971860824e4560faa6ddca729,1,Copyright (c) 2011 itemis AG (http://www.itemis.eu) and others.
c6be989f659150eb756d708d2dc2d84b,1,Copyright (c) 2011 itemis AG (http://www.itemis.eu) and others.
6b6fbcc5dc074977c2779a2dbb83a5a5,1,Copyright (c) 2011 itemis AG (http://www.itemis.eu) and others.
29a6dbd8915ce469c52e01642eec1de4,1,Copyright (c) 2011 itemis AG (http://www.itemis.eu) and others.
5b8fc89a474b32345931732cc0c7477d,1,Copyright (c) 2011 itemis AG (http://www.itemis.eu) and others.
e2dba389cc7eb5226504329ed2a79d87,1,Copyright (c) 2011 itemis AG (http://www.itemis.eu) and others.
84befe48bcc65ebcc06f2a384309fe6b,1,Copyright (c) 2011 itemis AG (http://www.itemis.eu) and others.
0b21b1d4d1cd15e93ba1e58ea7bcccbe,1,Copyright (c) 2011 itemis AG (http://www.itemis.eu) and others.
f0727d22366d5e1f1e2a1dd7e7e8b18e,1,Copyright (c) 2011 itemis AG (http://www.itemis.eu) and others.
e8a639d49c417c4a416d5a9365965051,1,Copyright (c) 2011 itemis AG (http://www.itemis.eu) and others.
faced76354b3661a496224875cef9486,1,Copyright (c) 2011 itemis AG (http://www.itemis.eu) and others.
0de330c6a076d310b000e1ac7c5868ab,1,Copyright (c) 2011 itemis AG (http://www.itemis.eu) and others.
c9d52e69c67216242a2bc36cef795f3c,1,Copyright (c) 2011 itemis AG (http://www.itemis.eu) and others.
630a7e162e12ee1866eb4a0b79b3a027,1,Copyright (c) 2011 itemis AG (http://www.itemis.eu) and others.
f9b3a09751871c182b64011be10b7df9,1,Copyright (c) 2011 itemis AG (http://www.itemis.eu) and others.
92896b821f4b93f2b45392fc6797b5a1,1,Copyright (c) 2011 itemis AG (http://www.itemis.eu) and others.
b4d3f05c29554cee1f5f75d32b9b9636,1,Copyright (c) 2011 itemis AG (http://www.itemis.eu) and others.
b8e0d58ad6b1a2695c04e962cb37ae8d,1,Copyright (c) 2011 itemis AG (http://www.itemis.eu) and others.
239e6b50e15d698aaf7ad8d5dadca1fb,1,Copyright (c) 2011 itemis AG (http://www.itemis.eu) and others.
e4fc47640ab3d628c0a685ed93f93d53,1,Copyright (c) 2011 itemis AG (http://www.itemis.eu) and others.
a06b291210c717c0f4b4d3207d47a455,1,Copyright (c) 2011 itemis AG (http://www.itemis.eu) and others.
6d30270709ab43611e0e4a8308d17ac6,1,Copyright (c) 2011 itemis AG (http://www.itemis.eu) and others.
78ea1005734cf8a2cac0720d9dd31c81,1,Copyright (c) 2011 itemis AG (http://www.itemis.eu) and others.
8b91060d9cd8e9261de9f0841d584744,1,Copyright (c) 2011 itemis AG (http://www.itemis.eu) and others.
065ef25068a515b019774162516f72f2,1,Copyright (c) 2011 itemis AG (http://www.itemis.eu) and others.
4d3218497c5f0cbb286564a7dadb5030,1,Copyright (c) 2011 itemis AG (http://www.itemis.eu) and others.
7af214ac4e79f966c649c45420a4d94e,1,Copyright (c) 2011 itemis AG (http://www.itemis.eu) and others.
db62e97a00d890249dfd3d7ad8632a00,1,Copyright (c) 2014 itemis AG (http://www.itemis.eu) and others.
3bb7c1b975eb37d29bdf2c2631e944b4,1,Copyright (c) 2011 itemis AG (http://www.itemis.eu) and others.
e3e0e6544eab2c58503a6a03e7a86e4a,1,Copyright (c) 2013 itemis AG (http://www.itemis.eu) and others.
c721bbb060a7671e07c5516aa6ab9dfb,1,Copyright (c) 2013 itemis AG (http://www.itemis.eu) and others.
a60c323d8f76b3dc65200fad0455bb79,1,Copyright (c) 2013 itemis AG (http://www.itemis.eu) and others.
bd0543773fe76c89a472baed8b822ffe,1,Copyright (c) 2013 itemis AG (http://www.itemis.eu) and others.
fcae5885269219d507fe23678921ff85,1,Copyright (c) 2013 itemis AG (http://www.itemis.eu) and others.
ff1f02a80db31ca0b94b4520e7ec2ad6,1,Copyright (c) 2013 itemis AG (http://www.itemis.eu) and others.
9e790e303ee4e5d5982774af4a077926,1,Copyright (c) 2013 itemis AG (http://www.itemis.eu) and others.
b076186f6980719bc3201ebedc5368bf,1,Copyright (c) 2014 itemis AG (http://www.itemis.eu) and others.
46a81d643a4ebef31d0b27af59f48b85,1,Copyright (c) 2014 itemis AG (http://www.itemis.eu) and others.
e49c1bb1595d03e41d195e0393fae649,1,(c) 2013; 2016 itemis AG (http://www.itemis.eu) and others.
27cc9e06bd952bbd3148e38a88a310b3,1,(c) 2010; 2020 itemis AG (http://www.itemis.eu) and others.
4bae69c29a71f65608fbe266c49e5336,1,(c) 2011; 2018 itemis AG (http://www.itemis.eu) and others.
7363e1deaa639fb9fb1bc440265f668f,1,Copyright (c) 2014 itemis AG (http://www.itemis.eu) and others.
9a6a61e34586e9591b11fe048220ce1e,1,Copyright (c) 2011 itemis AG (http://www.itemis.eu) and others.
99ed485668bc7f1b282ab1a7063fba41,1,(c) 2013; 2018 itemis AG (http://www.itemis.eu) and others.
024a2bb972048fcbfada3e0156c01a90,1,Copyright (c) 2011 itemis AG (http://www.itemis.eu) and others.
02e37f14b67c6e65c564445f072adbbd,1,(c) 2013; 2018 itemis AG (http://www.itemis.eu) and others.
6eb6abd1106993e1ee43c102e3a143af,1,(c) 2011; 2018 itemis AG (http://www.itemis.eu) and others.
6a55d7e0e06531bacc68e256153b168c,1,(c) 2013; 2016 itemis AG (http://www.itemis.eu) and others.
687ff4dbbd2439672b2d963697374d1f,1,Copyright (c) 2012 itemis AG (http://www.itemis.eu) and others.
d27d30d52fbd44b224ef639c3fbbc4a0,1,Copyright (c) 2012 itemis AG (http://www.itemis.eu) and others.
1db1e99b558499e790a13bf38e3bf710,1,(c) 2012; 2017 itemis AG (http://www.itemis.eu) and others.
7778cf015d0e9785c3dde3b3a2c0d545,1,Copyright (c) 2012 itemis AG (http://www.itemis.eu) and others.
da819ad21407eaaeccd59ef30920ecdb,1,Copyright (c) 2013 itemis AG (http://www.itemis.eu) and others.
db0097a811c032bbc0de824803ae08ce,1,Copyright (c) 2014 itemis AG (http://www.itemis.eu) and others.
1e22fe2c239a7f97cc0f418e6c3c4599,1,Copyright (c) 2013 itemis AG (http://www.itemis.eu) and others.
03334c4c0a35b9e6c12f94a9d98369b6,1,Copyright (c) 2012 itemis AG (http://www.itemis.eu) and others.
ba602979ff4236eebdeea34de85a4628,1,Copyright (c) 2014 itemis AG (http://www.itemis.eu) and others.
9547f6235e930824dae954b84e29fa82,1,Copyright (c) 2017 itemis AG (http://www.itemis.eu) and others.
e648e9e5368fa5fdd559d1b4ecf2d3d1,1,Copyright (c) 2014 itemis AG (http://www.itemis.eu) and others.
29c677d64e502bf83dae9513b73d5d06,1,Copyright (c) 2017 itemis AG (http://www.itemis.eu) and others.
7ca56a1a7a208c8edf933acd8bf264b4,1,(c) 2010; 2020 itemis AG (http://www.itemis.eu) and others.
f26f6c4054be69fa55fb01eedb411521,1,(c) 2010; 2020 itemis AG (http://www.itemis.eu) and others.
89acdd109c22a095af2fcc3177d74560,1,Copyright (c) 2014 itemis AG (http://www.itemis.eu) and others.
c1af48412d262ff1f67e30a7aba71e05,1,(c) 2010; 2020 itemis AG (http://www.itemis.eu) and others.
71d0e8f6165aa1a21daadf85431d5cb6,1,(c) 2010-2015 itemis AG (http://www.itemis.eu) and others.
dcecf6c308993b9edeca64dfbdb4ef9a,1,(c) 2011; 2017 itemis AG (http://www.itemis.eu) and others.
ff22f36393ca00da622822f258c61eee,1,Copyright (c) 2013 itemis AG (http://www.itemis.eu) and others.
1865f4111f09428eebee9ead6057c7a8,1,Copyright (c) 2013 itemis AG (http://www.itemis.eu) and others.
b9500be4fc50466539551e7971b37748,1,(c) 2013; 2017 itemis AG (http://www.itemis.eu) and others.
e91e0e7b42e4aa8d2aca3b80c1aee59c,1,Copyright (c) 2013 itemis AG (http://www.itemis.eu) and others.
21c9e91b7c5cea9b851cb0e279c1c2cd,1,Copyright (c) 2014 itemis AG (http://www.itemis.eu) and others.
5ec39e6082a895544e750863c7db56e7,1,Copyright (c) 2014 itemis AG (http://www.itemis.eu) and others.
7235ab11d88c24474fef522aaacf7c5a,1,Copyright (c) 2014 itemis AG (http://www.itemis.eu) and others.
432306363211c27d596b3b8f29e2d9e4,1,Copyright (c) 2013 itemis AG (http://www.itemis.eu) and others.
88dc8be616f90597b26ca49dbe5f2b6a,1,(c) 2013; 2017 itemis AG (http://www.itemis.eu) and others.
05fda7c1a79e477867e9b47eb09fa742,1,Copyright (c) 2013 itemis AG (http://www.itemis.eu) and others.
a5382542f5f992721a27ba80cc138689,1,Copyright (c) 2014 itemis AG (http://www.itemis.eu) and others.
dc8d91da0343934c6b0a244841fd7f1b,1,Copyright (c) 2013 itemis AG (http://www.itemis.eu) and others.
44be5c4b8e8c32ac97065a431c3c6b1f,1,Copyright (c) 2014 itemis AG (http://www.itemis.eu) and others.
4f0595dc9d337119b585dc0233da906f,1,Copyright (c) 2011 itemis AG (http://www.itemis.eu) and others.
2788705df70112cb7e0ac9c579866edd,1,Copyright (c) 2011 itemis AG (http://www.itemis.eu) and others.
f1d62239f3c82e0b3a04a487c285a82b,1,Copyright (c) 2011 itemis AG (http://www.itemis.eu) and others.
e4beda35fc091c45b1d0bb44b53f17ac,1,Copyright (c) 2011 itemis AG (http://www.itemis.eu) and others.
fad623f950193a3d9e1c5d7ee26fbe7d,1,Copyright (c) 2011 itemis AG (http://www.itemis.eu) and others.
e02965a7a7cc0d37e7cb08a1d3998e97,1,Copyright (c) 2011 itemis AG (http://www.itemis.eu) and others.
0efd1c5b3808a22ea9449def0d5d72c4,1,Copyright (c) 2011 itemis AG (http://www.itemis.eu) and others.
ece91fcd549e4e352394cbd72b0a3d2f,1,Copyright (c) 2011 itemis AG (http://www.itemis.eu) and others.
2bb1f16dff2084a9c7e5c3d98e9e3b5b,1,Copyright (c) 2011 itemis AG (http://www.itemis.eu) and others.
6fac5726cae7eb1d8305c7764a6a4b6a,1,Copyright (c) 2011 itemis AG (http://www.itemis.eu) and others.
12660975972f87065cacab5846de2efd,1,Copyright (c) 2011 itemis AG (http://www.itemis.eu) and others.
52113ba7eeb215c006f50c3b14db38c8,1,Copyright (c) 2011 itemis AG (http://www.itemis.eu) and others.
8dfda77badaaed23aab8e8f0eff95791,1,Copyright (c) 2011 itemis AG (http://www.itemis.eu) and others.
93b8abe9890bc9cb3cc777acb09fed6a,1,Copyright (c) 2011 itemis AG (http://www.itemis.eu) and others.
24fa71d4b39a0bfc557dff3601c725ea,1,Copyright (c) 2011 itemis AG (http://www.itemis.eu) and others.
e590e26346eae47a12c17d07f8548b3b,1,Copyright (c) 2011 itemis AG (http://www.itemis.eu) and others.
1252d91d789585dc67a2754501818e1a,1,Copyright (c) 2011 itemis AG (http://www.itemis.eu) and others.
725fe098b1beeaed07233055cfa0da9b,1,Copyright (c) 2011 itemis AG (http://www.itemis.eu) and others.
8d604cb93e8f93fbdcea6293f6e27591,1,Copyright (c) 2011 itemis AG (http://www.itemis.eu) and others.
d040c359856b42991e0096e15fedac67,1,Copyright (c) 2011 itemis AG (http://www.itemis.eu) and others.
005c5d62ffc77cf99df0c001ba14f6fd,1,Copyright (c) 2011 itemis AG (http://www.itemis.eu) and others.
2970c2372c750924cc68b7b0ccf2e30a,1,Copyright (c) 2011 itemis AG (http://www.itemis.eu) and others.
7531e1edd890e9226a0d97f21aee986a,1,Copyright (c) 2011 itemis AG (http://www.itemis.eu) and others.
f806894cf4f6f0dff762f2bf83773450,1,Copyright (c) 2011 itemis AG (http://www.itemis.eu) and others.
3fba7785c20e2a99d9f331a0de11d1a4,1,Copyright (c) 2011 itemis AG (http://www.itemis.eu) and others.
4ba6985f44b800b459c9036f153440fa,1,Copyright (c) 2011 itemis AG (http://www.itemis.eu) and others.
43912c34a2d76965a40eed2929d8071a,1,Copyright (c) 2011 itemis AG (http://www.itemis.eu) and others.
f207b63e804dcde20942ddf6b0a9fc6d,1,Copyright (c) 2011 itemis AG (http://www.itemis.eu) and others.
ac454eb9c8195537f34a04d526b228d3,1,Copyright (c) 2011 itemis AG (http://www.itemis.eu) and others.
94a958765b5d389831d3f2e694ff89aa,1,Copyright (c) 2011 itemis AG (http://www.itemis.eu) and others.
d4e97d7180c8a9eb92d4b778b38f871e,1,Copyright (c) 2011 itemis AG (http://www.itemis.eu) and others.
46e52fef36004833048b2d31bd0cbc33,1,Copyright (c) 2011 itemis AG (http://www.itemis.eu) and others.
453d9c541d15cc2ae643fca89ab2e3b5,1,Copyright (c) 2011 itemis AG (http://www.itemis.eu) and others.
ab111d39c709c91abe2e84bbdbbd79e9,1,Copyright (c) 2011 itemis AG (http://www.itemis.eu) and others.
52a1202a8b63c67bad5815cd02ad5c3d,1,(c) 2011; 2016 itemis AG (http://www.itemis.eu) and others.
b0eeb6a84aa55cb0b3b2ca217f540a7a,1,Copyright (c) 2011 itemis AG (http://www.itemis.eu) and others.
000543e27df3b76618ecb902eac5201d,1,Copyright (c) 2011 itemis AG (http://www.itemis.eu) and others.
babc030235d8486eee73f7dcb05e2aed,1,(c) 2011; 2016 itemis AG (http://www.itemis.eu) and others.
3057ce72db0aedee414e24324a542683,1,(c) 2011 itemis AG (http://www.itemis.eu) and others.
c431ae28b479d3ac931b955b5bc73b96,1,Copyright (c) 2012 itemis AG (http://www.itemis.eu) and others.
dfdd2dba0167ea1be08e69a495815472,1,Copyright (c) 2011 itemis AG (http://www.itemis.eu) and others.
c9399e943fc0fa6184bee2ee25bbc6f7,1,Copyright (c) 2011 itemis AG (http://www.itemis.eu) and others.
c5354d93416ac2b86c78d3ecf174e79d,1,(c) 2012; 2016 itemis AG (http://www.itemis.eu) and others.
0abc9bb261174a1f541a882a02ec0728,1,Copyright (c) 2014 itemis AG (http://www.itemis.eu) and others.
4bc79950169ed4b3e084be85f2bef819,1,Copyright (c) 2013 itemis AG (http://www.itemis.eu) and others.
decbcd89cfa611926fffb03dd0b3d60b,1,(c) 2013; 2016 itemis AG (http://www.itemis.eu) and others.
7d7120d8466f79aa3daf2f86a0156989,1,(c) 2013; 2017 itemis AG (http://www.itemis.eu) and others.
b80036ee1983f359c9eb9e582a76c726,1,(c) 2014; 2018 itemis AG (http://www.itemis.eu) and others.
9de7faad522b531f71e09975af5b111f,1,Copyright (c) 2013 itemis AG (http://www.itemis.eu) and others.
1be6b77bdc16c42a9ddbc0527f99c884,1,Copyright (c) 2017 itemis AG (http://www.itemis.eu) and others.
1b91aa27818c6a625109fecc003b8af3,1,(c) 2013; 2016 itemis AG (http://www.itemis.eu) and others.
5e265ccd3dca8c515814bef0eb93bba4,1,(c) 2013; 2016 itemis AG (http://www.itemis.eu) and others.
376d96d908fbe81d2724d6b74bf5eed4,1,(c) 2013; 2016 itemis AG (http://www.itemis.eu) and others.
45529a8612d9574ec04a7ce7b471b827,1,(c) 2013; 2016 itemis AG (http://www.itemis.eu) and others.
115efa118f5a3560c0fbf4de04db8850,1,Copyright (c) 2013 itemis AG (http://www.itemis.eu) and others.
7f3e0d4bd99ce42b2c3ad8ccb9b8abb1,1,(c) 2012; 2017 itemis AG (http://www.itemis.eu) and others.
4adf536157a5ffb8ac30cf2b91456282,1,(c) 2013; 2016 itemis AG (http://www.itemis.eu) and others.
97cb145c5a08f1fc5b34de09a69367ea,1,(c) 2013; 2016 itemis AG (http://www.itemis.eu) and others.
203372164af056969c7fe649a5619b9f,1,(c) 2013; 2016 itemis AG (http://www.itemis.eu) and others.
780f48c430a35068ff806c4e4e8c102a,1,(c) 2015; 2018 itemis AG (http://www.itemis.eu) and others.
408a21d9871e1313ed1f647704130e58,1,(c) 2013; 2016 itemis AG (http://www.itemis.eu) and others.
87c435bed29c1be677e2cf727403b3a0,1,(c) 2013; 2016 itemis AG (http://www.itemis.eu) and others.
277177dd0e7f76b059e4f61276db4e09,1,(c) 2013; 2016 itemis AG (http://www.itemis.eu) and others.
1f72b973659edd63bdc81de2898dd6b7,1,(c) 2013; 2016 itemis AG (http://www.itemis.eu) and others.
38a34fce35e1512951b8235bb239296d,1,(c) 2013; 2016 itemis AG (http://www.itemis.eu) and others.
2594ed971907f493c4cf93d000fb6163,1,(c) 2013; 2016 itemis AG (http://www.itemis.eu) and others.
d40a88c75c48eefe8d2bcca7bd9a2215,1,(c) 2013; 2016 itemis AG (http://www.itemis.eu) and others.
e9dcf01fa060e237f9296a7a3399bcdf,1,(c) 2013; 2016 itemis AG (http://www.itemis.eu) and others.
f5ea843f91c1a55906cfba17ebc4c971,1,(c) 2013; 2016 itemis AG (http://www.itemis.eu) and others.
285c3f7b431affbe547a84367c908be8,1,(c) 2013; 2016 itemis AG (http://www.itemis.eu) and others.
15c6824b038c7d31acff7901f58abc6b,1,(c) 2013; 2016 itemis AG (http://www.itemis.eu) and others.
a084def9e7833607ee47d3c444402651,1,(c) 2013; 2016 itemis AG (http://www.itemis.eu) and others.
889cf4f6af9d30ec5f3372551705221c,1,(c) 2013; 2016 itemis AG (http://www.itemis.eu) and others.
9185561f756f5cb56343746acdf77cc8,1,(c) 2013; 2016 itemis AG (http://www.itemis.eu) and others.
1801adefd80f4f944a405f4271793bce,1,(c) 2013; 2016 itemis AG (http://www.itemis.eu) and others.
f57bec60843e0eb882c3e4dcf522ac75,1,(c) 2013; 2016 itemis AG (http://www.itemis.eu) and others.
b89b09bff77964bd19418e3c93b1d953,1,Copyright (c) 2014 itemis AG (http://www.itemis.eu) and others.
0d7cf2cc6b485f6ff50c6c89ffda253d,1,(c) 2013; 2016 itemis AG (http://www.itemis.eu) and others.
cac63e1d0e7a17a3ea6e595af91869ea,1,(c) 2013; 2016 itemis AG (http://www.itemis.eu) and others.
74c78108aea7f6e040df3779ad5e171c,1,Copyright (c) 2014 itemis AG (http://www.itemis.eu) and others.
c85c3f43c14c7c7d7303ab46eb9c30c8,1,(c) 2013; 2017 itemis AG (http://www.itemis.eu) and others.
bed604fbc07c85f38d0a76f95d6fc527,1,(c) 2013; 2017 itemis AG (http://www.itemis.eu) and others.
6342f1c9b8862e781325b1ab8c6d20ae,1,(c) 2013; 2017 itemis AG (http://www.itemis.eu) and others.
44f381bcd7300fb84ab0b4ba3d077404,1,(c) 2013; 2017 itemis AG (http://www.itemis.eu) and others.
16922f04f367bb531e7a1b2b9131f492,1,(c) 2013; 2017 itemis AG (http://www.itemis.eu) and others.
79ee91420c685b18e393b8ff6a1a205f,1,(c) 2013; 2017 itemis AG (http://www.itemis.eu) and others.
4cdde4578ee5ea71a333e21ce5215e3f,1,(c) 2013; 2017 itemis AG (http://www.itemis.eu) and others.
c071f9831aeb1ff8f5715e0c1f934609,1,(c) 2013; 2017 itemis AG (http://www.itemis.eu) and others.
0a3a2a8ce9d7346a9f04c958c33378ac,1,(c) 2013; 2017 itemis AG (http://www.itemis.eu) and others.
0941803eae4d15b440a033066922a2c3,1,(c) 2013; 2017 itemis AG (http://www.itemis.eu) and others.
b276b6740ae6b5a22de316398d8312f4,1,(c) 2013; 2017 itemis AG (http://www.itemis.eu) and others.
918628248d47eed64260dce9704e36bf,1,(c) 2013; 2017 itemis AG (http://www.itemis.eu) and others.
74e8ddfb51474cf5b011930bc428e58d,1,(c) 2013; 2017 itemis AG (http://www.itemis.eu) and others.
0e43522af01798017179950a7a6df59c,1,(c) 2013; 2017 itemis AG (http://www.itemis.eu) and others.
ae28e8d0f4373f12aac109d2dde1e101,1,(c) 2013; 2017 itemis AG (http://www.itemis.eu) and others.
e77c1035c8371a0c0e1e14b0f03801c5,1,(c) 2013; 2017 itemis AG (http://www.itemis.eu) and others.
39369dfd416031bb139a95ccbe07dabb,1,(c) 2013; 2017 itemis AG (http://www.itemis.eu) and others.
f5427aab69e1923eeb79dc3cfb9509a9,1,(c) 2013; 2017 itemis AG (http://www.itemis.eu) and others.
715bd1e624c2a18bdb1238d1bf73ef5d,1,(c) 2013; 2017 itemis AG (http://www.itemis.eu) and others.
3182d2ba2ece5725316a854f23614548,1,(c) 2013; 2017 itemis AG (http://www.itemis.eu) and others.
07ab1fff1e911fd5e80d07d60df19168,1,(c) 2013; 2017 itemis AG (http://www.itemis.eu) and others.
3e463dd0d88940a3d35713a849d1a493,1,(c) 2013; 2017 itemis AG (http://www.itemis.eu) and others.
15417dfad1275992949cc79d40ef9430,1,(c) 2013; 2017 itemis AG (http://www.itemis.eu) and others.
28765714a9a1a841c57340583ec40516,1,(c) 2013; 2017 itemis AG (http://www.itemis.eu) and others.
a89dfefe50c4db86f1276dfc6ab60573,1,(c) 2013; 2017 itemis AG (http://www.itemis.eu) and others.
bdb33672cda73d72f2d29988804d9910,1,(c) 2013; 2017 itemis AG (http://www.itemis.eu) and others.
99062effd4431fc71a756156402d0c32,1,(c) 2013; 2017 itemis AG (http://www.itemis.eu) and others.
5d0b77c9dfe2fa6c89f6f0f7220f7c5c,1,(c) 2013; 2017 itemis AG (http://www.itemis.eu) and others.
27765afd3863f2c46dd6df6171f8f212,1,(c) 2013; 2017 itemis AG (http://www.itemis.eu) and others.
c79756ba13e18c844acbe749cc8b0717,1,(c) 2013; 2017 itemis AG (http://www.itemis.eu) and others.
5210ed628e031559c7ef1b897b893258,1,(c) 2013; 2017 itemis AG (http://www.itemis.eu) and others.
b0bcef8ab52b0a7b1423d324c9f019c9,1,(c) 2013; 2017 itemis AG (http://www.itemis.eu) and others.
3259122d237eb97a38fd62ffaf100d71,1,(c) 2013; 2017 itemis AG (http://www.itemis.eu) and others.
61bd902d81d7ecad43ad1709ed736a40,1,(c) 2013; 2017 itemis AG (http://www.itemis.eu) and others.
a9177d53eb17f130aa7051be4a2da70f,1,(c) 2013; 2017 itemis AG (http://www.itemis.eu) and others.
b67259242ede324b1e8f0cd9b5742422,1,(c) 2013; 2017 itemis AG (http://www.itemis.eu) and others.
dd9429243806035b979830524cb8c0fb,1,(c) 2013; 2017 itemis AG (http://www.itemis.eu) and others.
3d4ccc5bbb29b966622a2176d8a7b06c,1,(c) 2013; 2017 itemis AG (http://www.itemis.eu) and others.
76e3f494df3ef8e4d9bb714aae2b5433,1,(c) 2013; 2017 itemis AG (http://www.itemis.eu) and others.
67655c561a74dd364668ab147ddb57f8,1,(c) 2013; 2017 itemis AG (http://www.itemis.eu) and others.
5cc328b4cdfd77407370e89bf4507085,1,(c) 2013; 2017 itemis AG (http://www.itemis.eu) and others.
5a67ec064d205c5aa615f81b94aa3d5b,1,(c) 2013; 2016 itemis AG (http://www.itemis.eu) and others.
48da3443cd7f5ec7b050f1cbc2e5bffc,1,(c) 2013; 2016 itemis AG (http://www.itemis.eu) and others.
5067e7202ad4f29447a79e73f93006a5,1,Copyright (c) 2014 itemis AG (http://www.itemis.eu) and others.
d933fc5d722f58d1ace77354628b5dcf,1,Copyright (c) 2014 itemis AG (http://www.itemis.eu) and others.
08cc806de10e01daa519f74aa7c06868,1,(c) 2014; 2016 itemis AG (http://www.itemis.eu) and others.
886511604fcb6d209d0dcd7761fcd432,1,(c) 2014; 2017 itemis AG (http://www.itemis.eu) and others.
27b839b199f67a9d46992b959cde402d,1,(c) 2013; 2016 itemis AG (http://www.itemis.eu) and others.
5d78e706ec14c64933f8d16fcabef004,1,Copyright (c) 2014 itemis AG (http://www.itemis.eu) and others.
addf3a4cd31770bc005ba5f4fe7f9a0c,1,(c) 2013; 2016 itemis AG (http://www.itemis.eu) and others.
9d616fcd66fa31881b728f757bec6b47,1,Copyright (c) 2014 itemis AG (http://www.itemis.eu) and others.
27d1f6e904b96ce542003c6e3423895a,1,(c) 2013; 2017 itemis AG (http://www.itemis.eu) and others.
dcd456902439012a94035128857a48c3,1,(c) 2013; 2017 itemis AG (http://www.itemis.eu) and others.
ba718e39f5527cad94ede373a58db367,1,(c) 2013; 2016 itemis AG (http://www.itemis.eu) and others.
26b892e9262ce395d3239836771c76f8,1,Copyright (c) 2014 itemis AG (http://www.itemis.eu) and others.
121f22d994a3d9f13439394f2c33a296,1,(c) 2013; 2016 itemis AG (http://www.itemis.eu) and others.
66c1121fd6fe1ad22d88c0814d321362,1,Copyright (c) 2014 itemis AG (http://www.itemis.eu) and others.
922d307092cc931e2eca690e7edb7c51,1,Copyright (c) 2014 itemis AG (http://www.itemis.eu) and others.
af088071bdbe76afd08ee7f998327204,1,(c) 2014; 2016 itemis AG (http://www.itemis.eu) and others.
316975c12cd652262dced3651c08b8ba,1,(c) 2014; 2017 itemis AG (http://www.itemis.eu) and others.
96ed8d4007e731f1cb5bf184b6791ef6,1,(c) 2012; 2016 itemis AG (http://www.itemis.eu) and others.
5dfc88c756d53183c58a96bd716e074e,1,Copyright (c) 2014 itemis AG (http://www.itemis.eu) and others.
743f3f25d82b2d8d00757e89fce64637,1,Copyright (c) 2013 itemis AG (http://www.itemis.eu) and others.
9568a1cae7869573fccd5dd8c1fb1400,1,(c) 2013; 2016 itemis AG (http://www.itemis.eu) and others.
bad4832c6b5fda4db75e5c972c5863c4,1,(c) 2013; 2017 itemis AG (http://www.itemis.eu) and others.
2ba3d9954411bd55200c8850ade1bd34,1,(c) 2014; 2018 itemis AG (http://www.itemis.eu) and others.
03edc232ddb935a4e513d8b08e16200a,1,Copyright (c) 2013 itemis AG (http://www.itemis.eu) and others.
226a2236cac8c0a425211c7058cb3a81,1,Copyright (c) 2017 itemis AG (http://www.itemis.eu) and others.
a4e5f86a00bb21611e87aa72ea9353d7,1,(c) 2013; 2016 itemis AG (http://www.itemis.eu) and others.
5799eb714bda0d784707924fffd9ee7d,1,(c) 2013; 2016 itemis AG (http://www.itemis.eu) and others.
fcea4a4496c4e262a253e8f59aa3556b,1,(c) 2013; 2016 itemis AG (http://www.itemis.eu) and others.
bae832935bcb221d972fc20aa089ead9,1,(c) 2013; 2016 itemis AG (http://www.itemis.eu) and others.
245f8c3dcc6625538602fe6e612f8008,1,Copyright (c) 2013 itemis AG (http://www.itemis.eu) and others.
b563816f9593ff21737635680bc5a9bb,1,(c) 2012; 2017 itemis AG (http://www.itemis.eu) and others.
16a1ebc30e85d034959b93b7795e650f,1,(c) 2013; 2016 itemis AG (http://www.itemis.eu) and others.
e75c277780c4aa9c9f883bc2ff05cb26,1,(c) 2015; 2018 itemis AG (http://www.itemis.eu) and others.
3adb2a4fc2b45817f9d7770669b78ba5,1,Copyright (c) 2014 itemis AG (http://www.itemis.eu) and others.
b9b372ccefceaa0a185e52154a8987bc,1,Copyright (c) 2014 itemis AG (http://www.itemis.eu) and others.
9942ca194c29c60c4c7681758579e318,1,(c) 2013; 2016 itemis AG (http://www.itemis.eu) and others.
694b7b53467beac9de94224093a1c486,1,(c) 2011; 2017 itemis AG (http://www.itemis.eu) and others.
640a8a5ed505f9eb64767763cf4ffbea,1,Copyright (c) 2011 itemis AG (http://www.itemis.eu) and others.
9afc597e73b3d62802d91386ede75687,1,Copyright (c) 2011 itemis AG (http://www.itemis.eu) and others.
1e5711ce04562ef9abf7f5476e2d710b,1,Copyright (c) 2011 itemis AG (http://www.itemis.eu) and others.
2b316f2b68eab4ec82b4043308bbb26a,1,Copyright (c) 2011 itemis AG (http://www.itemis.eu) and others.
2e98cad99f589579b85bb5d2156f52a4,1,Copyright (c) 2011 itemis AG (http://www.itemis.eu) and others.
ffe6989e44da1c1486251a8ff2c1e5c3,1,Copyright (c) 2011 itemis AG (http://www.itemis.eu) and others.
454d776f328f3286bda49e35fe2e95ba,1,Copyright (c) 2011 itemis AG (http://www.itemis.eu) and others.
2b962bb2f07c9ed130326e18b139cc5c,1,Copyright (c) 2014 itemis AG (http://www.itemis.eu) and others.
e76f1634fdef9dab7552f64c987354ed,1,(c) 2014; 2016 itemis AG (http://www.itemis.eu) and others.
8af9e1824ebb22e4b1b42cb15234b7e1,1,Copyright (c) 2014 itemis AG (http://www.itemis.eu) and others.
a3bb6e7328bd98c012eb446e16e537b4,1,(c) 2014; 2017 itemis AG (http://www.itemis.eu) and others.
e6495b3106bc885d6da35fd7d852fd00,1,(c) 2015; 2016 itemis AG (http://www.itemis.eu) and others.
655445f0b0ec1df9efb64b1ec2b4ceff,1,(c) 2014; 2017 itemis AG (http://www.itemis.eu) and others.
1377efbde475d5ccc7898bc803426428,1,(c) 2014; 2016 itemis AG (http://www.itemis.eu) and others.
b5c46bd4874aff4453c2a2fd7a9caf9b,1,Copyright (c) 2014 itemis AG (http://www.itemis.eu) and others.
a31273977b811aab62561a8b1898cb10,1,(c) 2014; 2017 itemis AG (http://www.itemis.eu) and others.
5150e28e9dcbe10592e16a3536379005,1,(c) 2015; 2016 itemis AG (http://www.itemis.eu) and others.
b5157b2596f2a60e370b4ea074758a26,1,(c) 2014; 2017 itemis AG (http://www.itemis.eu) and others.
2e55e8dbac544b41ef78c31fc1d57d0e,1,Copyright (c) 2014 itemis AG (http://www.itemis.eu) and others.
a68b396c5fa082dd57eba04b2cb53510,1,Copyright (c) 2012 itemis AG (http://www.itemis.eu) and others.
48f920d956e12dd482aeec0bad401e88,1,Copyright (c) 2014 itemis AG (http://www.itemis.eu) and others.
66fdbee3e8721a13fe7c1fca5143f746,1,Copyright (c) 2012 itemis AG (http://www.itemis.eu) and others.
cdd217052870d1ac5e734133c02da4bb,1,(c) 2012; 2017 itemis AG (http://www.itemis.eu) and others.
4ab02d756f19c97abc8f8430f7ae8b5b,1,(c) 2014; 2018 itemis AG (http://www.itemis.eu) and others.
bfa82c7f0ffca03984756d484b3bd162,1,(c) 2014; 2018 itemis AG (http://www.itemis.eu) and others.
36bf674c18dc388a087a6d4dd1eb1c71,1,(c) 2014; 2018 itemis AG (http://www.itemis.eu) and others.
a081cfb844acb94eeaa32cf635bb367f,1,(c) 2014; 2018 itemis AG (http://www.itemis.eu) and others.
00f074fce7d3eeef95872e2624929b19,1,(c) 2014; 2018 itemis AG (http://www.itemis.eu) and others.
47ef2d2e848b8dbef559bc6f87c9aaa1,1,(c) 2014; 2018 itemis AG (http://www.itemis.eu) and others.
d99acf012b942d7767061362bcbb5561,1,(c) 2014; 2018 itemis AG (http://www.itemis.eu) and others.
3bc63fe45b1db086b28e9cdc36637df8,1,(c) 2014; 2018 itemis AG (http://www.itemis.eu) and others.
39d5eba8669acbee34acedc168baf125,1,Copyright (c) 2015 itemis AG (http://www.itemis.eu) and others.
6e276763581792259e677585f0c630ff,1,Copyright (c) 2012 itemis AG (http://www.itemis.eu) and others.
f7a253c5f2b578c01091bf984f662376,1,(c) 2012; 2017 itemis AG (http://www.itemis.eu) and others.
0d5c7d024ce38e25459c6869075ad25f,1,(c) 2014; 2018 itemis AG (http://www.itemis.eu) and others.
df80645b6c74c24d7823a8e608dec656,1,Copyright (c) 2015 itemis AG (http://www.itemis.eu) and others.
b9c250cec6656dc838a8cd03cfe114ae,1,(c) 2014; 2016 itemis AG (http://www.itemis.eu) and others.
8e6388f147a73ff05c97fece9781b57d,1,(c) 2014; 2016 itemis AG (http://www.itemis.eu) and others.
5cc85ec242a60d35889250f7eb2ae2fa,1,(c) 2014; 2016 itemis AG (http://www.itemis.eu) and others.
86e30bf57015c027df69b1bcca390d19,1,(c) 2014; 2016 itemis AG (http://www.itemis.eu) and others.
6f4eff8c517be83cbbdda2f07a0b6b5d,1,(c) 2014; 2016 itemis AG (http://www.itemis.eu) and others.
62c3ed71a11280a48bf93c989cd06a72,1,Copyright (c) 2013 itemis AG (http://www.itemis.eu) and others.
58f96584b4a679ab3030b61e9229f166,1,(c) 2014; 2016 itemis AG (http://www.itemis.eu) and others.
db326f8b6105ad196302082e998ba9e1,1,Copyright (c) 2013 itemis AG (http://www.itemis.eu) and others.
b40083c0b12b614ffa36e60412a2e2ed,1,Copyright (c) 2011 itemis AG (http://www.itemis.eu) and others.
5acdf65c9d25dd0797a70acf39e2baf7,1,Copyright (c) 2013 itemis AG (http://www.itemis.eu) and others.
85f32cacd4f8ad4689df30003c8080b0,1,Copyright (c) 2011 itemis AG (http://www.itemis.eu) and others.
d756f558b61d99f1f83e56664204a523,1,Copyright (c) 2011 itemis AG (http://www.itemis.eu) and others.
66e6a826324807c946e4021a59b2a5db,1,Copyright (c) 2011 itemis AG (http://www.itemis.eu) and others.
4cac9de1fe2d203e343b07a15f2272fa,1,Copyright (c) 2011 itemis AG (http://www.itemis.eu) and others.
cb78698af3e231bf1d2f5c11cbb039b8,1,Copyright (c) 2013 itemis AG (http://www.itemis.eu) and others.
09c36934f57509c63f8a801a108af4fa,1,Copyright (c) 2013 itemis AG (http://www.itemis.eu) and others.
9476301f8e73ec6840420711aabfb06e,1,Copyright (c) 2011 itemis AG (http://www.itemis.eu) and others.
c88bd39bc33cc7eace1486888157936f,1,Copyright (c) 2011 itemis AG (http://www.itemis.eu) and others.
26dede27cac5194b630664d1bb81aeb3,1,Copyright (c) 2011 itemis AG (http://www.itemis.eu) and others.
a9506ae2c067ab583d7b6fa60b448a14,1,Copyright (c) 2010 itemis AG (http://www.itemis.eu) and others.
58f5a479e577f47e43bb501e33424234,1,Copyright (c) 2011 itemis AG (http://www.itemis.eu) and others.
699c86e2a9da34278a9ac528e99fca57,1,(c) 2013; 2019 itemis AG (http://www.itemis.eu) and others.
7720ccabb38189783826ea0d6161e5ef,1,Copyright (c) 2014 itemis AG (http://www.itemis.eu) and others.
97150b759c42500c1f6f596c89e519e8,1,Copyright (c) 2014 itemis AG (http://www.itemis.eu) and others.
42d609829bcc061b84962c6c7d40dde7,1,Copyright (c) 2014 itemis AG (http://www.itemis.eu) and others.
b693afe0704fd0b74fc492f54458ffe6,1,(c) 2013; 2017 itemis AG (http://www.itemis.eu) and others.
8a56a877f2d936470dc48f3d56fcb407,1,Copyright (c) 2013 itemis AG (http://www.itemis.eu) and others.
59f67858d2f1ac1fba2607ec4e631d10,1,Copyright (c) 2011 itemis AG (http://www.itemis.eu) and others.
581aadd560830eeb99da013cff7ed728,1,Copyright (c) 2011 itemis AG (http://www.itemis.eu) and others.
6f1ce20eb892c87183183af4a9404109,1,(c) 2013; 2019 itemis AG (http://www.itemis.eu) and others.
18b1a6e07e131fe99504d66e96f05c76,1,(c) 2011; 2017 itemis AG (http://www.itemis.eu) and others.
d18660d236f27665e193a6d21721cd5b,1,Copyright (c) 2013 itemis AG (http://www.itemis.eu) and others.
2a8513c839c0a981ce6fc3303c8401c3,1,Copyright (c) 2014 itemis AG (http://www.itemis.eu) and others.
b4257f408c06217c8c108ac18ae6e8c9,1,Copyright (c) 2013 itemis AG (http://www.itemis.eu) and others.
d7e05f2b1fce4995bf3d35985cecc647,1,Copyright (c) 2013 itemis AG (http://www.itemis.eu) and others.
6758e82d7145cca8813d494dea4da114,1,(c) 2008-2010 itemis AG (http://www.itemis.eu) and others.
25f5c5db89fdbcdecd53c0a21dee13db,1,Copyright (c) 2014 itemis AG (http://www.itemis.eu) and others.
18c18034507c22693605dc405c0bbbb4,1,Copyright (c) 2014 itemis AG (http://www.itemis.eu) and others.
6a9823f956fa06d99e2b58a09c19d715,1,Copyright (c) 2014 itemis AG (http://www.itemis.eu) and others.
67a05b821e02f0e7a759cf664bfaa027,1,Copyright (c) 2013 itemis AG (http://www.itemis.eu) and others.
d5cf3a04f1c875fbcee50792434f3c73,1,Copyright (c) 2014 itemis AG (http://www.itemis.eu) and others.
316d0002d7d2bf18e0ee716d3d37757d,1,(c) 2010; 2020 itemis AG (http://www.itemis.eu) and others.
4d5b4c2c43227e78d80ef8aadf6af35f,1,(c) 2010; 2020 itemis AG (http://www.itemis.eu) and others.
7551cfd18fd0f730a7ab6bd93f39d553,1,Copyright (c) 2014 itemis AG (http://www.itemis.eu) and others.
44bcafbfac72d8486d75bb7f6c14cc48,1,(c) 2010; 2020 itemis AG (http://www.itemis.eu) and others.
a5e9337499ece3fc23d67a104381ecad,1,Copyright (c) 2013 itemis AG (http://www.itemis.eu) and others.
5d98a3fe59ed41d311490daee7186a1e,1,Copyright (c) 2013 itemis AG (http://www.itemis.eu) and others.
0bbd2ff1137cb5550d03b1d7d91f1682,1,Copyright (c) 2013 itemis AG (http://www.itemis.eu) and others.
6a67ca0c3b893ef571f99cc0936f5a02,1,(c) 2010; 2020 itemis AG (http://www.itemis.eu) and others.
db05f4d1c2073547068528fbcfab3b79,1,(c) 2010; 2020 itemis AG (http://www.itemis.eu) and others.
19f81d92a980b510d9fd46cc3f4410a2,1,(c) 2010; 2020 itemis AG (http://www.itemis.eu) and others.
6395d9a8cde4dde569404a7a91259c54,1,(c) 2010; 2017 itemis AG (http://www.itemis.eu) and others.
f566f7f90927598b0aec00391cd666ff,1,(c) 2010; 2017 itemis AG (http://www.itemis.eu) and others.
